probed_at_utc,series,description,last_value_start_utc,last_value_start_local
2026-09-29T12:43:58+00:00,smard:4169:DE-LU:quarterhour,Day-ahead price DE-LU (EUR/MWh),2026-09-30T21:45:00+00:00,2026-09-30T23:45:00+02:00
2026-09-29T12:43:58+00:00,smard:411:DE:quarterhour,Forecast: total load (MWh),2026-09-30T21:45:00+00:00,2026-09-30T23:45:00+02:00
2026-09-29T12:43:58+00:00,smard:4362:DE:quarterhour,Forecast: residual load (MWh),2026-09-29T21:45:00+00:00,2026-09-29T23:45:00+02:00
2026-09-29T12:43:58+00:00,smard:122:DE:quarterhour,Forecast generation: total (MWh),2026-09-29T21:45:00+00:00,2026-09-29T23:45:00+02:00
2026-09-29T12:43:58+00:00,smard:123:DE:quarterhour,Forecast generation: wind onshore (MWh),2026-09-29T21:45:00+00:00,2026-09-29T23:45:00+02:00
2026-09-29T12:43:58+00:00,smard:3791:DE:quarterhour,Forecast generation: wind offshore (MWh),2026-09-29T21:45:00+00:00,2026-09-29T23:45:00+02:00
2026-09-29T12:43:58+00:00,smard:125:DE:quarterhour,Forecast generation: photovoltaics (MWh),2026-09-29T21:45:00+00:00,2026-09-29T23:45:00+02:00
2026-09-29T12:43:58+00:00,smard:5097:DE:quarterhour,Forecast generation: wind and PV (MWh),2026-09-29T21:45:00+00:00,2026-09-29T23:45:00+02:00
2026-09-29T12:43:58+00:00,smard:715:DE:quarterhour,Forecast generation: other (MWh),2026-09-29T21:45:00+00:00,2026-09-29T23:45:00+02:00
2026-09-29T16:53:52+00:00,smard:4169:DE-LU:quarterhour,Day-ahead price DE-LU (EUR/MWh),2026-09-30T21:45:00+00:00,2026-09-30T23:45:00+02:00
2026-09-29T16:53:52+00:00,smard:411:DE:quarterhour,Forecast: total load (MWh),2026-09-30T21:45:00+00:00,2026-09-30T23:45:00+02:00
2026-09-29T16:53:52+00:00,smard:4362:DE:quarterhour,Forecast: residual load (MWh),2026-09-30T21:45:00+00:00,2026-09-30T23:45:00+02:00
2026-09-29T16:53:52+00:00,smard:122:DE:quarterhour,Forecast generation: total (MWh),2026-09-30T21:45:00+00:00,2026-09-30T23:45:00+02:00
2026-09-29T16:53:52+00:00,smard:123:DE:quarterhour,Forecast generation: wind onshore (MWh),2026-09-30T21:45:00+00:00,2026-09-30T23:45:00+02:00
2026-09-29T16:53:52+00:00,smard:3791:DE:quarterhour,Forecast generation: wind offshore (MWh),2026-09-30T21:45:00+00:00,2026-09-30T23:45:00+02:00
2026-09-29T16:53:52+00:00,smard:125:DE:quarterhour,Forecast generation: photovoltaics (MWh),2026-09-30T21:45:00+00:00,2026-09-30T23:45:00+02:00
2026-09-29T16:53:52+00:00,smard:5097:DE:quarterhour,Forecast generation: wind and PV (MWh),2026-09-30T21:45:00+00:00,2026-09-30T23:45:00+02:00
2026-09-29T16:53:52+00:00,smard:715:DE:quarterhour,Forecast generation: other (MWh),2026-09-30T21:45:00+00:00,2026-09-30T23:45:00+02:00
2026-09-29T21:23:50+00:00,smard:4169:DE-LU:quarterhour,Day-ahead price DE-LU (EUR/MWh),2026-09-30T21:45:00+00:00,2026-09-30T23:45:00+02:00
2026-09-29T21:23:50+00:00,smard:411:DE:quarterhour,Forecast: total load (MWh),2026-09-30T21:45:00+00:00,2026-09-30T23:45:00+02:00
2026-09-29T21:23:50+00:00,smard:4362:DE:quarterhour,Forecast: residual load (MWh),2026-09-30T21:45:00+00:00,2026-09-30T23:45:00+02:00
2026-09-29T21:23:50+00:00,smard:122:DE:quarterhour,Forecast generation: total (MWh),2026-09-30T21:45:00+00:00,2026-09-30T23:45:00+02:00
2026-09-29T21:23:50+00:00,smard:123:DE:quarterhour,Forecast generation: wind onshore (MWh),2026-09-30T21:45:00+00:00,2026-09-30T23:45:00+02:00
2026-09-29T21:23:50+00:00,smard:3791:DE:quarterhour,Forecast generation: wind offshore (MWh),2026-09-30T21:45:00+00:00,2026-09-30T23:45:00+02:00
2026-09-29T21:23:50+00:00,smard:125:DE:quarterhour,Forecast generation: photovoltaics (MWh),2026-09-30T21:45:00+00:00,2026-09-30T23:45:00+02:00
2026-09-29T21:23:50+00:00,smard:5097:DE:quarterhour,Forecast generation: wind and PV (MWh),2026-09-30T21:45:00+00:00,2026-09-30T23:45:00+02:00
2026-09-29T21:23:50+00:00,smard:715:DE:quarterhour,Forecast generation: other (MWh),2026-09-30T21:45:00+00:00,2026-09-30T23:45:00+02:00
2026-09-30T01:17:19+00:00,smard:4169:DE-LU:quarterhour,Day-ahead price DE-LU (EUR/MWh),2026-09-30T21:45:00+00:00,2026-09-30T23:45:00+02:00
2026-09-30T01:17:19+00:00,smard:411:DE:quarterhour,Forecast: total load (MWh),2026-09-30T21:45:00+00:00,2026-09-30T23:45:00+02:00
2026-09-30T01:17:19+00:00,smard:4362:DE:quarterhour,Forecast: residual load (MWh),2026-09-30T21:45:00+00:00,2026-09-30T23:45:00+02:00
2026-09-30T01:17:19+00:00,smard:122:DE:quarterhour,Forecast generation: total (MWh),2026-09-30T21:45:00+00:00,2026-09-30T23:45:00+02:00
2026-09-30T01:17:19+00:00,smard:123:DE:quarterhour,Forecast generation: wind onshore (MWh),2026-09-30T21:45:00+00:00,2026-09-30T23:45:00+02:00
2026-09-30T01:17:19+00:00,smard:3791:DE:quarterhour,Forecast generation: wind offshore (MWh),2026-09-30T21:45:00+00:00,2026-09-30T23:45:00+02:00
2026-09-30T01:17:19+00:00,smard:125:DE:quarterhour,Forecast generation: photovoltaics (MWh),2026-09-30T21:45:00+00:00,2026-09-30T23:45:00+02:00
2026-09-30T01:17:19+00:00,smard:5097:DE:quarterhour,Forecast generation: wind and PV (MWh),2026-09-30T21:45:00+00:00,2026-09-30T23:45:00+02:00
2026-09-30T01:17:19+00:00,smard:715:DE:quarterhour,Forecast generation: other (MWh),2026-09-30T21:45:00+00:00,2026-09-30T23:45:00+02:00
2026-09-30T08:30:52+00:00,smard:4169:DE-LU:quarterhour,Day-ahead price DE-LU (EUR/MWh),2026-09-30T21:45:00+00:00,2026-09-30T23:45:00+02:00
2026-09-30T08:30:52+00:00,smard:411:DE:quarterhour,Forecast: total load (MWh),2026-10-01T21:45:00+00:00,2026-10-01T23:45:00+02:00
2026-09-30T08:30:52+00:00,smard:4362:DE:quarterhour,Forecast: residual load (MWh),2026-09-30T21:45:00+00:00,2026-09-30T23:45:00+02:00
2026-09-30T08:30:52+00:00,smard:122:DE:quarterhour,Forecast generation: total (MWh),2026-09-30T21:45:00+00:00,2026-09-30T23:45:00+02:00
2026-09-30T08:30:52+00:00,smard:123:DE:quarterhour,Forecast generation: wind onshore (MWh),2026-09-30T21:45:00+00:00,2026-09-30T23:45:00+02:00
2026-09-30T08:30:52+00:00,smard:3791:DE:quarterhour,Forecast generation: wind offshore (MWh),2026-09-30T21:45:00+00:00,2026-09-30T23:45:00+02:00
2026-09-30T08:30:52+00:00,smard:125:DE:quarterhour,Forecast generation: photovoltaics (MWh),2026-09-30T21:45:00+00:00,2026-09-30T23:45:00+02:00
2026-09-30T08:30:52+00:00,smard:5097:DE:quarterhour,Forecast generation: wind and PV (MWh),2026-09-30T21:45:00+00:00,2026-09-30T23:45:00+02:00
2026-09-30T08:30:52+00:00,smard:715:DE:quarterhour,Forecast generation: other (MWh),2026-09-30T21:45:00+00:00,2026-09-30T23:45:00+02:00
2026-09-30T13:26:53+00:00,smard:4169:DE-LU:quarterhour,Day-ahead price DE-LU (EUR/MWh),2026-10-01T21:45:00+00:00,2026-10-01T23:45:00+02:00
2026-09-30T13:26:53+00:00,smard:411:DE:quarterhour,Forecast: total load (MWh),2026-10-01T21:45:00+00:00,2026-10-01T23:45:00+02:00
2026-09-30T13:26:53+00:00,smard:4362:DE:quarterhour,Forecast: residual load (MWh),2026-09-30T21:45:00+00:00,2026-09-30T23:45:00+02:00
2026-09-30T13:26:53+00:00,smard:122:DE:quarterhour,Forecast generation: total (MWh),2026-09-30T21:45:00+00:00,2026-09-30T23:45:00+02:00
2026-09-30T13:26:53+00:00,smard:123:DE:quarterhour,Forecast generation: wind onshore (MWh),2026-09-30T21:45:00+00:00,2026-09-30T23:45:00+02:00
2026-09-30T13:26:53+00:00,smard:3791:DE:quarterhour,Forecast generation: wind offshore (MWh),2026-09-30T21:45:00+00:00,2026-09-30T23:45:00+02:00
2026-09-30T13:26:53+00:00,smard:125:DE:quarterhour,Forecast generation: photovoltaics (MWh),2026-09-30T21:45:00+00:00,2026-09-30T23:45:00+02:00
2026-09-30T13:26:53+00:00,smard:5097:DE:quarterhour,Forecast generation: wind and PV (MWh),2026-09-30T21:45:00+00:00,2026-09-30T23:45:00+02:00
2026-09-30T13:26:53+00:00,smard:715:DE:quarterhour,Forecast generation: other (MWh),2026-09-30T21:45:00+00:00,2026-09-30T23:45:00+02:00
2026-09-30T14:17:15+00:00,smard:4169:DE-LU:quarterhour,Day-ahead price DE-LU (EUR/MWh),2026-10-01T21:45:00+00:00,2026-10-01T23:45:00+02:00
2026-09-30T14:17:15+00:00,smard:411:DE:quarterhour,Forecast: total load (MWh),2026-10-01T21:45:00+00:00,2026-10-01T23:45:00+02:00
2026-09-30T14:17:15+00:00,smard:4362:DE:quarterhour,Forecast: residual load (MWh),2026-09-30T21:45:00+00:00,2026-09-30T23:45:00+02:00
2026-09-30T14:17:15+00:00,smard:122:DE:quarterhour,Forecast generation: total (MWh),2026-09-30T21:45:00+00:00,2026-09-30T23:45:00+02:00
2026-09-30T14:17:15+00:00,smard:123:DE:quarterhour,Forecast generation: wind onshore (MWh),2026-09-30T21:45:00+00:00,2026-09-30T23:45:00+02:00
2026-09-30T14:17:15+00:00,smard:3791:DE:quarterhour,Forecast generation: wind offshore (MWh),2026-09-30T21:45:00+00:00,2026-09-30T23:45:00+02:00
2026-09-30T14:17:15+00:00,smard:125:DE:quarterhour,Forecast generation: photovoltaics (MWh),2026-09-30T21:45:00+00:00,2026-09-30T23:45:00+02:00
2026-09-30T14:17:15+00:00,smard:5097:DE:quarterhour,Forecast generation: wind and PV (MWh),2026-09-30T21:45:00+00:00,2026-09-30T23:45:00+02:00
2026-09-30T14:17:15+00:00,smard:715:DE:quarterhour,Forecast generation: other (MWh),2026-09-30T21:45:00+00:00,2026-09-30T23:45:00+02:00
2026-09-30T15:17:18+00:00,smard:4169:DE-LU:quarterhour,Day-ahead price DE-LU (EUR/MWh),2026-10-01T21:45:00+00:00,2026-10-01T23:45:00+02:00
2026-09-30T15:17:18+00:00,smard:411:DE:quarterhour,Forecast: total load (MWh),2026-10-01T21:45:00+00:00,2026-10-01T23:45:00+02:00
2026-09-30T15:17:18+00:00,smard:4362:DE:quarterhour,Forecast: residual load (MWh),2026-09-30T21:45:00+00:00,2026-09-30T23:45:00+02:00
2026-09-30T15:17:18+00:00,smard:122:DE:quarterhour,Forecast generation: total (MWh),2026-09-30T21:45:00+00:00,2026-09-30T23:45:00+02:00
2026-09-30T15:17:18+00:00,smard:123:DE:quarterhour,Forecast generation: wind onshore (MWh),2026-09-30T21:45:00+00:00,2026-09-30T23:45:00+02:00
2026-09-30T15:17:18+00:00,smard:3791:DE:quarterhour,Forecast generation: wind offshore (MWh),2026-09-30T21:45:00+00:00,2026-09-30T23:45:00+02:00
2026-09-30T15:17:18+00:00,smard:125:DE:quarterhour,Forecast generation: photovoltaics (MWh),2026-09-30T21:45:00+00:00,2026-09-30T23:45:00+02:00
2026-09-30T15:17:18+00:00,smard:5097:DE:quarterhour,Forecast generation: wind and PV (MWh),2026-09-30T21:45:00+00:00,2026-09-30T23:45:00+02:00
2026-09-30T15:17:18+00:00,smard:715:DE:quarterhour,Forecast generation: other (MWh),2026-09-30T21:45:00+00:00,2026-09-30T23:45:00+02:00
2026-09-30T16:17:19+00:00,smard:4169:DE-LU:quarterhour,Day-ahead price DE-LU (EUR/MWh),2026-10-01T21:45:00+00:00,2026-10-01T23:45:00+02:00
2026-09-30T16:17:19+00:00,smard:411:DE:quarterhour,Forecast: total load (MWh),2026-10-01T21:45:00+00:00,2026-10-01T23:45:00+02:00
2026-09-30T16:17:19+00:00,smard:4362:DE:quarterhour,Forecast: residual load (MWh),2026-10-01T21:45:00+00:00,2026-10-01T23:45:00+02:00
2026-09-30T16:17:19+00:00,smard:122:DE:quarterhour,Forecast generation: total (MWh),2026-10-01T21:45:00+00:00,2026-10-01T23:45:00+02:00
2026-09-30T16:17:19+00:00,smard:123:DE:quarterhour,Forecast generation: wind onshore (MWh),2026-10-01T21:45:00+00:00,2026-10-01T23:45:00+02:00
2026-09-30T16:17:19+00:00,smard:3791:DE:quarterhour,Forecast generation: wind offshore (MWh),2026-10-01T21:45:00+00:00,2026-10-01T23:45:00+02:00
2026-09-30T16:17:19+00:00,smard:125:DE:quarterhour,Forecast generation: photovoltaics (MWh),2026-10-01T21:45:00+00:00,2026-10-01T23:45:00+02:00
2026-09-30T16:17:19+00:00,smard:5097:DE:quarterhour,Forecast generation: wind and PV (MWh),2026-10-01T21:45:00+00:00,2026-10-01T23:45:00+02:00
2026-09-30T16:17:19+00:00,smard:715:DE:quarterhour,Forecast generation: other (MWh),2026-10-01T21:45:00+00:00,2026-10-01T23:45:00+02:00
2026-09-30T17:17:15+00:00,smard:4169:DE-LU:quarterhour,Day-ahead price DE-LU (EUR/MWh),2026-10-01T21:45:00+00:00,2026-10-01T23:45:00+02:00
2026-09-30T17:17:15+00:00,smard:411:DE:quarterhour,Forecast: total load (MWh),2026-10-01T21:45:00+00:00,2026-10-01T23:45:00+02:00
2026-09-30T17:17:15+00:00,smard:4362:DE:quarterhour,Forecast: residual load (MWh),2026-10-01T21:45:00+00:00,2026-10-01T23:45:00+02:00
2026-09-30T17:17:15+00:00,smard:122:DE:quarterhour,Forecast generation: total (MWh),2026-10-01T21:45:00+00:00,2026-10-01T23:45:00+02:00
2026-09-30T17:17:15+00:00,smard:123:DE:quarterhour,Forecast generation: wind onshore (MWh),2026-10-01T21:45:00+00:00,2026-10-01T23:45:00+02:00
2026-09-30T17:17:15+00:00,smard:3791:DE:quarterhour,Forecast generation: wind offshore (MWh),2026-10-01T21:45:00+00:00,2026-10-01T23:45:00+02:00
2026-09-30T17:17:15+00:00,smard:125:DE:quarterhour,Forecast generation: photovoltaics (MWh),2026-10-01T21:45:00+00:00,2026-10-01T23:45:00+02:00
2026-09-30T17:17:15+00:00,smard:5097:DE:quarterhour,Forecast generation: wind and PV (MWh),2026-10-01T21:45:00+00:00,2026-10-01T23:45:00+02:00
2026-09-30T17:17:15+00:00,smard:715:DE:quarterhour,Forecast generation: other (MWh),2026-10-01T21:45:00+00:00,2026-10-01T23:45:00+02:00
2026-09-30T18:17:18+00:00,smard:4169:DE-LU:quarterhour,Day-ahead price DE-LU (EUR/MWh),2026-10-01T21:45:00+00:00,2026-10-01T23:45:00+02:00
2026-09-30T18:17:18+00:00,smard:411:DE:quarterhour,Forecast: total load (MWh),2026-10-01T21:45:00+00:00,2026-10-01T23:45:00+02:00
2026-09-30T18:17:18+00:00,smard:4362:DE:quarterhour,Forecast: residual load (MWh),2026-10-01T21:45:00+00:00,2026-10-01T23:45:00+02:00
2026-09-30T18:17:18+00:00,smard:122:DE:quarterhour,Forecast generation: total (MWh),2026-10-01T21:45:00+00:00,2026-10-01T23:45:00+02:00
2026-09-30T18:17:18+00:00,smard:123:DE:quarterhour,Forecast generation: wind onshore (MWh),2026-10-01T21:45:00+00:00,2026-10-01T23:45:00+02:00
2026-09-30T18:17:18+00:00,smard:3791:DE:quarterhour,Forecast generation: wind offshore (MWh),2026-10-01T21:45:00+00:00,2026-10-01T23:45:00+02:00
2026-09-30T18:17:18+00:00,smard:125:DE:quarterhour,Forecast generation: photovoltaics (MWh),2026-10-01T21:45:00+00:00,2026-10-01T23:45:00+02:00
2026-09-30T18:17:18+00:00,smard:5097:DE:quarterhour,Forecast generation: wind and PV (MWh),2026-10-01T21:45:00+00:00,2026-10-01T23:45:00+02:00
2026-09-30T18:17:18+00:00,smard:715:DE:quarterhour,Forecast generation: other (MWh),2026-10-01T21:45:00+00:00,2026-10-01T23:45:00+02:00
2026-09-30T18:17:55+00:00,smard:4169:DE-LU:quarterhour,Day-ahead price DE-LU (EUR/MWh),2026-10-01T21:45:00+00:00,2026-10-01T23:45:00+02:00
2026-09-30T18:17:55+00:00,smard:411:DE:quarterhour,Forecast: total load (MWh),2026-10-01T21:45:00+00:00,2026-10-01T23:45:00+02:00
2026-09-30T18:17:55+00:00,smard:4362:DE:quarterhour,Forecast: residual load (MWh),2026-10-01T21:45:00+00:00,2026-10-01T23:45:00+02:00
2026-09-30T18:17:55+00:00,smard:122:DE:quarterhour,Forecast generation: total (MWh),2026-10-01T21:45:00+00:00,2026-10-01T23:45:00+02:00
2026-09-30T18:17:55+00:00,smard:123:DE:quarterhour,Forecast generation: wind onshore (MWh),2026-10-01T21:45:00+00:00,2026-10-01T23:45:00+02:00
2026-09-30T18:17:55+00:00,smard:3791:DE:quarterhour,Forecast generation: wind offshore (MWh),2026-10-01T21:45:00+00:00,2026-10-01T23:45:00+02:00
2026-09-30T18:17:55+00:00,smard:125:DE:quarterhour,Forecast generation: photovoltaics (MWh),2026-10-01T21:45:00+00:00,2026-10-01T23:45:00+02:00
2026-09-30T18:17:55+00:00,smard:5097:DE:quarterhour,Forecast generation: wind and PV (MWh),2026-10-01T21:45:00+00:00,2026-10-01T23:45:00+02:00
2026-09-30T18:17:55+00:00,smard:715:DE:quarterhour,Forecast generation: other (MWh),2026-10-01T21:45:00+00:00,2026-10-01T23:45:00+02:00
2026-09-30T19:17:19+00:00,smard:4169:DE-LU:quarterhour,Day-ahead price DE-LU (EUR/MWh),2026-10-01T21:45:00+00:00,2026-10-01T23:45:00+02:00
2026-09-30T19:17:19+00:00,smard:411:DE:quarterhour,Forecast: total load (MWh),2026-10-01T21:45:00+00:00,2026-10-01T23:45:00+02:00
2026-09-30T19:17:19+00:00,smard:4362:DE:quarterhour,Forecast: residual load (MWh),2026-10-01T21:45:00+00:00,2026-10-01T23:45:00+02:00
2026-09-30T19:17:19+00:00,smard:122:DE:quarterhour,Forecast generation: total (MWh),2026-10-01T21:45:00+00:00,2026-10-01T23:45:00+02:00
2026-09-30T19:17:19+00:00,smard:123:DE:quarterhour,Forecast generation: wind onshore (MWh),2026-10-01T21:45:00+00:00,2026-10-01T23:45:00+02:00
2026-09-30T19:17:19+00:00,smard:3791:DE:quarterhour,Forecast generation: wind offshore (MWh),2026-10-01T21:45:00+00:00,2026-10-01T23:45:00+02:00
2026-09-30T19:17:19+00:00,smard:125:DE:quarterhour,Forecast generation: photovoltaics (MWh),2026-10-01T21:45:00+00:00,2026-10-01T23:45:00+02:00
2026-09-30T19:17:19+00:00,smard:5097:DE:quarterhour,Forecast generation: wind and PV (MWh),2026-10-01T21:45:00+00:00,2026-10-01T23:45:00+02:00
2026-09-30T19:17:19+00:00,smard:715:DE:quarterhour,Forecast generation: other (MWh),2026-10-01T21:45:00+00:00,2026-10-01T23:45:00+02:00
2026-09-30T20:17:15+00:00,smard:4169:DE-LU:quarterhour,Day-ahead price DE-LU (EUR/MWh),2026-10-01T21:45:00+00:00,2026-10-01T23:45:00+02:00
2026-09-30T20:17:15+00:00,smard:411:DE:quarterhour,Forecast: total load (MWh),2026-10-01T21:45:00+00:00,2026-10-01T23:45:00+02:00
2026-09-30T20:17:15+00:00,smard:4362:DE:quarterhour,Forecast: residual load (MWh),2026-10-01T21:45:00+00:00,2026-10-01T23:45:00+02:00
2026-09-30T20:17:15+00:00,smard:122:DE:quarterhour,Forecast generation: total (MWh),2026-10-01T21:45:00+00:00,2026-10-01T23:45:00+02:00
2026-09-30T20:17:15+00:00,smard:123:DE:quarterhour,Forecast generation: wind onshore (MWh),2026-10-01T21:45:00+00:00,2026-10-01T23:45:00+02:00
2026-09-30T20:17:15+00:00,smard:3791:DE:quarterhour,Forecast generation: wind offshore (MWh),2026-10-01T21:45:00+00:00,2026-10-01T23:45:00+02:00
2026-09-30T20:17:15+00:00,smard:125:DE:quarterhour,Forecast generation: photovoltaics (MWh),2026-10-01T21:45:00+00:00,2026-10-01T23:45:00+02:00
2026-09-30T20:17:15+00:00,smard:5097:DE:quarterhour,Forecast generation: wind and PV (MWh),2026-10-01T21:45:00+00:00,2026-10-01T23:45:00+02:00
2026-09-30T20:17:15+00:00,smard:715:DE:quarterhour,Forecast generation: other (MWh),2026-10-01T21:45:00+00:00,2026-10-01T23:45:00+02:00
2026-09-30T21:17:19+00:00,smard:4169:DE-LU:quarterhour,Day-ahead price DE-LU (EUR/MWh),2026-10-01T21:45:00+00:00,2026-10-01T23:45:00+02:00
2026-09-30T21:17:19+00:00,smard:411:DE:quarterhour,Forecast: total load (MWh),2026-10-01T21:45:00+00:00,2026-10-01T23:45:00+02:00
2026-09-30T21:17:19+00:00,smard:4362:DE:quarterhour,Forecast: residual load (MWh),2026-10-01T21:45:00+00:00,2026-10-01T23:45:00+02:00
2026-09-30T21:17:19+00:00,smard:122:DE:quarterhour,Forecast generation: total (MWh),2026-10-01T21:45:00+00:00,2026-10-01T23:45:00+02:00
2026-09-30T21:17:19+00:00,smard:123:DE:quarterhour,Forecast generation: wind onshore (MWh),2026-10-01T21:45:00+00:00,2026-10-01T23:45:00+02:00
2026-09-30T21:17:19+00:00,smard:3791:DE:quarterhour,Forecast generation: wind offshore (MWh),2026-10-01T21:45:00+00:00,2026-10-01T23:45:00+02:00
2026-09-30T21:17:19+00:00,smard:125:DE:quarterhour,Forecast generation: photovoltaics (MWh),2026-10-01T21:45:00+00:00,2026-10-01T23:45:00+02:00
2026-09-30T21:17:19+00:00,smard:5097:DE:quarterhour,Forecast generation: wind and PV (MWh),2026-10-01T21:45:00+00:00,2026-10-01T23:45:00+02:00
2026-09-30T21:17:19+00:00,smard:715:DE:quarterhour,Forecast generation: other (MWh),2026-10-01T21:45:00+00:00,2026-10-01T23:45:00+02:00
2026-09-30T22:17:18+00:00,smard:4169:DE-LU:quarterhour,Day-ahead price DE-LU (EUR/MWh),2026-10-01T21:45:00+00:00,2026-10-01T23:45:00+02:00
2026-09-30T22:17:18+00:00,smard:411:DE:quarterhour,Forecast: total load (MWh),2026-10-01T21:45:00+00:00,2026-10-01T23:45:00+02:00
2026-09-30T22:17:18+00:00,smard:4362:DE:quarterhour,Forecast: residual load (MWh),2026-10-01T21:45:00+00:00,2026-10-01T23:45:00+02:00
2026-09-30T22:17:18+00:00,smard:122:DE:quarterhour,Forecast generation: total (MWh),2026-10-01T21:45:00+00:00,2026-10-01T23:45:00+02:00
2026-09-30T22:17:18+00:00,smard:123:DE:quarterhour,Forecast generation: wind onshore (MWh),2026-10-01T21:45:00+00:00,2026-10-01T23:45:00+02:00
2026-09-30T22:17:18+00:00,smard:3791:DE:quarterhour,Forecast generation: wind offshore (MWh),2026-10-01T21:45:00+00:00,2026-10-01T23:45:00+02:00
2026-09-30T22:17:18+00:00,smard:125:DE:quarterhour,Forecast generation: photovoltaics (MWh),2026-10-01T21:45:00+00:00,2026-10-01T23:45:00+02:00
2026-09-30T22:17:18+00:00,smard:5097:DE:quarterhour,Forecast generation: wind and PV (MWh),2026-10-01T21:45:00+00:00,2026-10-01T23:45:00+02:00
2026-09-30T22:17:18+00:00,smard:715:DE:quarterhour,Forecast generation: other (MWh),2026-10-01T21:45:00+00:00,2026-10-01T23:45:00+02:00
2026-09-30T22:17:48+00:00,smard:4169:DE-LU:quarterhour,Day-ahead price DE-LU (EUR/MWh),2026-10-01T21:45:00+00:00,2026-10-01T23:45:00+02:00
2026-09-30T22:17:48+00:00,smard:411:DE:quarterhour,Forecast: total load (MWh),2026-10-01T21:45:00+00:00,2026-10-01T23:45:00+02:00
2026-09-30T22:17:48+00:00,smard:4362:DE:quarterhour,Forecast: residual load (MWh),2026-10-01T21:45:00+00:00,2026-10-01T23:45:00+02:00
2026-09-30T22:17:48+00:00,smard:122:DE:quarterhour,Forecast generation: total (MWh),2026-10-01T21:45:00+00:00,2026-10-01T23:45:00+02:00
2026-09-30T22:17:48+00:00,smard:123:DE:quarterhour,Forecast generation: wind onshore (MWh),2026-10-01T21:45:00+00:00,2026-10-01T23:45:00+02:00
2026-09-30T22:17:48+00:00,smard:3791:DE:quarterhour,Forecast generation: wind offshore (MWh),2026-10-01T21:45:00+00:00,2026-10-01T23:45:00+02:00
2026-09-30T22:17:48+00:00,smard:125:DE:quarterhour,Forecast generation: photovoltaics (MWh),2026-10-01T21:45:00+00:00,2026-10-01T23:45:00+02:00
2026-09-30T22:17:48+00:00,smard:5097:DE:quarterhour,Forecast generation: wind and PV (MWh),2026-10-01T21:45:00+00:00,2026-10-01T23:45:00+02:00
2026-09-30T22:17:48+00:00,smard:715:DE:quarterhour,Forecast generation: other (MWh),2026-10-01T21:45:00+00:00,2026-10-01T23:45:00+02:00
2026-09-30T23:17:13+00:00,smard:4169:DE-LU:quarterhour,Day-ahead price DE-LU (EUR/MWh),2026-10-01T21:45:00+00:00,2026-10-01T23:45:00+02:00
2026-09-30T23:17:13+00:00,smard:411:DE:quarterhour,Forecast: total load (MWh),2026-10-01T21:45:00+00:00,2026-10-01T23:45:00+02:00
2026-09-30T23:17:13+00:00,smard:4362:DE:quarterhour,Forecast: residual load (MWh),2026-10-01T21:45:00+00:00,2026-10-01T23:45:00+02:00
2026-09-30T23:17:13+00:00,smard:122:DE:quarterhour,Forecast generation: total (MWh),2026-10-01T21:45:00+00:00,2026-10-01T23:45:00+02:00
2026-09-30T23:17:13+00:00,smard:123:DE:quarterhour,Forecast generation: wind onshore (MWh),2026-10-01T21:45:00+00:00,2026-10-01T23:45:00+02:00
2026-09-30T23:17:13+00:00,smard:3791:DE:quarterhour,Forecast generation: wind offshore (MWh),2026-10-01T21:45:00+00:00,2026-10-01T23:45:00+02:00
2026-09-30T23:17:13+00:00,smard:125:DE:quarterhour,Forecast generation: photovoltaics (MWh),2026-10-01T21:45:00+00:00,2026-10-01T23:45:00+02:00
2026-09-30T23:17:13+00:00,smard:5097:DE:quarterhour,Forecast generation: wind and PV (MWh),2026-10-01T21:45:00+00:00,2026-10-01T23:45:00+02:00
2026-09-30T23:17:13+00:00,smard:715:DE:quarterhour,Forecast generation: other (MWh),2026-10-01T21:45:00+00:00,2026-10-01T23:45:00+02:00
2026-09-30T23:17:40+00:00,smard:4169:DE-LU:quarterhour,Day-ahead price DE-LU (EUR/MWh),2026-10-01T21:45:00+00:00,2026-10-01T23:45:00+02:00
2026-09-30T23:17:40+00:00,smard:411:DE:quarterhour,Forecast: total load (MWh),2026-10-01T21:45:00+00:00,2026-10-01T23:45:00+02:00
2026-09-30T23:17:40+00:00,smard:4362:DE:quarterhour,Forecast: residual load (MWh),2026-10-01T21:45:00+00:00,2026-10-01T23:45:00+02:00
2026-09-30T23:17:40+00:00,smard:122:DE:quarterhour,Forecast generation: total (MWh),2026-10-01T21:45:00+00:00,2026-10-01T23:45:00+02:00
2026-09-30T23:17:40+00:00,smard:123:DE:quarterhour,Forecast generation: wind onshore (MWh),2026-10-01T21:45:00+00:00,2026-10-01T23:45:00+02:00
2026-09-30T23:17:40+00:00,smard:3791:DE:quarterhour,Forecast generation: wind offshore (MWh),2026-10-01T21:45:00+00:00,2026-10-01T23:45:00+02:00
2026-09-30T23:17:40+00:00,smard:125:DE:quarterhour,Forecast generation: photovoltaics (MWh),2026-10-01T21:45:00+00:00,2026-10-01T23:45:00+02:00
2026-09-30T23:17:40+00:00,smard:5097:DE:quarterhour,Forecast generation: wind and PV (MWh),2026-10-01T21:45:00+00:00,2026-10-01T23:45:00+02:00
2026-09-30T23:17:40+00:00,smard:715:DE:quarterhour,Forecast generation: other (MWh),2026-10-01T21:45:00+00:00,2026-10-01T23:45:00+02:00
2026-10-01T00:17:16+00:00,smard:4169:DE-LU:quarterhour,Day-ahead price DE-LU (EUR/MWh),2026-10-01T21:45:00+00:00,2026-10-01T23:45:00+02:00
2026-10-01T00:17:16+00:00,smard:411:DE:quarterhour,Forecast: total load (MWh),2026-10-01T21:45:00+00:00,2026-10-01T23:45:00+02:00
2026-10-01T00:17:16+00:00,smard:4362:DE:quarterhour,Forecast: residual load (MWh),2026-10-01T21:45:00+00:00,2026-10-01T23:45:00+02:00
2026-10-01T00:17:16+00:00,smard:122:DE:quarterhour,Forecast generation: total (MWh),2026-10-01T21:45:00+00:00,2026-10-01T23:45:00+02:00
2026-10-01T00:17:16+00:00,smard:123:DE:quarterhour,Forecast generation: wind onshore (MWh),2026-10-01T21:45:00+00:00,2026-10-01T23:45:00+02:00
2026-10-01T00:17:16+00:00,smard:3791:DE:quarterhour,Forecast generation: wind offshore (MWh),2026-10-01T21:45:00+00:00,2026-10-01T23:45:00+02:00
2026-10-01T00:17:16+00:00,smard:125:DE:quarterhour,Forecast generation: photovoltaics (MWh),2026-10-01T21:45:00+00:00,2026-10-01T23:45:00+02:00
2026-10-01T00:17:16+00:00,smard:5097:DE:quarterhour,Forecast generation: wind and PV (MWh),2026-10-01T21:45:00+00:00,2026-10-01T23:45:00+02:00
2026-10-01T00:17:16+00:00,smard:715:DE:quarterhour,Forecast generation: other (MWh),2026-10-01T21:45:00+00:00,2026-10-01T23:45:00+02:00
2026-10-01T01:17:14+00:00,smard:4169:DE-LU:quarterhour,Day-ahead price DE-LU (EUR/MWh),2026-10-01T21:45:00+00:00,2026-10-01T23:45:00+02:00
2026-10-01T01:17:14+00:00,smard:411:DE:quarterhour,Forecast: total load (MWh),2026-10-01T21:45:00+00:00,2026-10-01T23:45:00+02:00
2026-10-01T01:17:14+00:00,smard:4362:DE:quarterhour,Forecast: residual load (MWh),2026-10-01T21:45:00+00:00,2026-10-01T23:45:00+02:00
2026-10-01T01:17:14+00:00,smard:122:DE:quarterhour,Forecast generation: total (MWh),2026-10-01T21:45:00+00:00,2026-10-01T23:45:00+02:00
2026-10-01T01:17:14+00:00,smard:123:DE:quarterhour,Forecast generation: wind onshore (MWh),2026-10-01T21:45:00+00:00,2026-10-01T23:45:00+02:00
2026-10-01T01:17:14+00:00,smard:3791:DE:quarterhour,Forecast generation: wind offshore (MWh),2026-10-01T21:45:00+00:00,2026-10-01T23:45:00+02:00
2026-10-01T01:17:14+00:00,smard:125:DE:quarterhour,Forecast generation: photovoltaics (MWh),2026-10-01T21:45:00+00:00,2026-10-01T23:45:00+02:00
2026-10-01T01:17:14+00:00,smard:5097:DE:quarterhour,Forecast generation: wind and PV (MWh),2026-10-01T21:45:00+00:00,2026-10-01T23:45:00+02:00
2026-10-01T01:17:14+00:00,smard:715:DE:quarterhour,Forecast generation: other (MWh),2026-10-01T21:45:00+00:00,2026-10-01T23:45:00+02:00
2026-10-01T02:17:20+00:00,smard:4169:DE-LU:quarterhour,Day-ahead price DE-LU (EUR/MWh),2026-10-01T21:45:00+00:00,2026-10-01T23:45:00+02:00
2026-10-01T02:17:20+00:00,smard:411:DE:quarterhour,Forecast: total load (MWh),2026-10-01T21:45:00+00:00,2026-10-01T23:45:00+02:00
2026-10-01T02:17:20+00:00,smard:4362:DE:quarterhour,Forecast: residual load (MWh),2026-10-01T21:45:00+00:00,2026-10-01T23:45:00+02:00
2026-10-01T02:17:20+00:00,smard:122:DE:quarterhour,Forecast generation: total (MWh),2026-10-01T21:45:00+00:00,2026-10-01T23:45:00+02:00
2026-10-01T02:17:20+00:00,smard:123:DE:quarterhour,Forecast generation: wind onshore (MWh),2026-10-01T21:45:00+00:00,2026-10-01T23:45:00+02:00
2026-10-01T02:17:20+00:00,smard:3791:DE:quarterhour,Forecast generation: wind offshore (MWh),2026-10-01T21:45:00+00:00,2026-10-01T23:45:00+02:00
2026-10-01T02:17:20+00:00,smard:125:DE:quarterhour,Forecast generation: photovoltaics (MWh),2026-10-01T21:45:00+00:00,2026-10-01T23:45:00+02:00
2026-10-01T02:17:20+00:00,smard:5097:DE:quarterhour,Forecast generation: wind and PV (MWh),2026-10-01T21:45:00+00:00,2026-10-01T23:45:00+02:00
2026-10-01T02:17:20+00:00,smard:715:DE:quarterhour,Forecast generation: other (MWh),2026-10-01T21:45:00+00:00,2026-10-01T23:45:00+02:00
2026-10-01T03:17:16+00:00,smard:4169:DE-LU:quarterhour,Day-ahead price DE-LU (EUR/MWh),2026-10-01T21:45:00+00:00,2026-10-01T23:45:00+02:00
2026-10-01T03:17:16+00:00,smard:411:DE:quarterhour,Forecast: total load (MWh),2026-10-01T21:45:00+00:00,2026-10-01T23:45:00+02:00
2026-10-01T03:17:16+00:00,smard:4362:DE:quarterhour,Forecast: residual load (MWh),2026-10-01T21:45:00+00:00,2026-10-01T23:45:00+02:00
2026-10-01T03:17:16+00:00,smard:122:DE:quarterhour,Forecast generation: total (MWh),2026-10-01T21:45:00+00:00,2026-10-01T23:45:00+02:00
2026-10-01T03:17:16+00:00,smard:123:DE:quarterhour,Forecast generation: wind onshore (MWh),2026-10-01T21:45:00+00:00,2026-10-01T23:45:00+02:00
2026-10-01T03:17:16+00:00,smard:3791:DE:quarterhour,Forecast generation: wind offshore (MWh),2026-10-01T21:45:00+00:00,2026-10-01T23:45:00+02:00
2026-10-01T03:17:16+00:00,smard:125:DE:quarterhour,Forecast generation: photovoltaics (MWh),2026-10-01T21:45:00+00:00,2026-10-01T23:45:00+02:00
2026-10-01T03:17:16+00:00,smard:5097:DE:quarterhour,Forecast generation: wind and PV (MWh),2026-10-01T21:45:00+00:00,2026-10-01T23:45:00+02:00
2026-10-01T03:17:16+00:00,smard:715:DE:quarterhour,Forecast generation: other (MWh),2026-10-01T21:45:00+00:00,2026-10-01T23:45:00+02:00
2026-10-01T04:17:16+00:00,smard:4169:DE-LU:quarterhour,Day-ahead price DE-LU (EUR/MWh),2026-10-01T21:45:00+00:00,2026-10-01T23:45:00+02:00
2026-10-01T04:17:16+00:00,smard:411:DE:quarterhour,Forecast: total load (MWh),2026-10-01T21:45:00+00:00,2026-10-01T23:45:00+02:00
2026-10-01T04:17:16+00:00,smard:4362:DE:quarterhour,Forecast: residual load (MWh),2026-10-01T21:45:00+00:00,2026-10-01T23:45:00+02:00
2026-10-01T04:17:16+00:00,smard:122:DE:quarterhour,Forecast generation: total (MWh),2026-10-01T21:45:00+00:00,2026-10-01T23:45:00+02:00
2026-10-01T04:17:16+00:00,smard:123:DE:quarterhour,Forecast generation: wind onshore (MWh),2026-10-01T21:45:00+00:00,2026-10-01T23:45:00+02:00
2026-10-01T04:17:16+00:00,smard:3791:DE:quarterhour,Forecast generation: wind offshore (MWh),2026-10-01T21:45:00+00:00,2026-10-01T23:45:00+02:00
2026-10-01T04:17:16+00:00,smard:125:DE:quarterhour,Forecast generation: photovoltaics (MWh),2026-10-01T21:45:00+00:00,2026-10-01T23:45:00+02:00
2026-10-01T04:17:16+00:00,smard:5097:DE:quarterhour,Forecast generation: wind and PV (MWh),2026-10-01T21:45:00+00:00,2026-10-01T23:45:00+02:00
2026-10-01T04:17:16+00:00,smard:715:DE:quarterhour,Forecast generation: other (MWh),2026-10-01T21:45:00+00:00,2026-10-01T23:45:00+02:00
2026-10-01T04:17:52+00:00,smard:4169:DE-LU:quarterhour,Day-ahead price DE-LU (EUR/MWh),2026-10-01T21:45:00+00:00,2026-10-01T23:45:00+02:00
2026-10-01T04:17:52+00:00,smard:411:DE:quarterhour,Forecast: total load (MWh),2026-10-01T21:45:00+00:00,2026-10-01T23:45:00+02:00
2026-10-01T04:17:52+00:00,smard:4362:DE:quarterhour,Forecast: residual load (MWh),2026-10-01T21:45:00+00:00,2026-10-01T23:45:00+02:00
2026-10-01T04:17:52+00:00,smard:122:DE:quarterhour,Forecast generation: total (MWh),2026-10-01T21:45:00+00:00,2026-10-01T23:45:00+02:00
2026-10-01T04:17:52+00:00,smard:123:DE:quarterhour,Forecast generation: wind onshore (MWh),2026-10-01T21:45:00+00:00,2026-10-01T23:45:00+02:00
2026-10-01T04:17:52+00:00,smard:3791:DE:quarterhour,Forecast generation: wind offshore (MWh),2026-10-01T21:45:00+00:00,2026-10-01T23:45:00+02:00
2026-10-01T04:17:52+00:00,smard:125:DE:quarterhour,Forecast generation: photovoltaics (MWh),2026-10-01T21:45:00+00:00,2026-10-01T23:45:00+02:00
2026-10-01T04:17:52+00:00,smard:5097:DE:quarterhour,Forecast generation: wind and PV (MWh),2026-10-01T21:45:00+00:00,2026-10-01T23:45:00+02:00
2026-10-01T04:17:52+00:00,smard:715:DE:quarterhour,Forecast generation: other (MWh),2026-10-01T21:45:00+00:00,2026-10-01T23:45:00+02:00
2026-10-01T05:17:15+00:00,smard:4169:DE-LU:quarterhour,Day-ahead price DE-LU (EUR/MWh),2026-10-01T21:45:00+00:00,2026-10-01T23:45:00+02:00
2026-10-01T05:17:15+00:00,smard:411:DE:quarterhour,Forecast: total load (MWh),2026-10-01T21:45:00+00:00,2026-10-01T23:45:00+02:00
2026-10-01T05:17:15+00:00,smard:4362:DE:quarterhour,Forecast: residual load (MWh),2026-10-01T21:45:00+00:00,2026-10-01T23:45:00+02:00
2026-10-01T05:17:15+00:00,smard:122:DE:quarterhour,Forecast generation: total (MWh),2026-10-01T21:45:00+00:00,2026-10-01T23:45:00+02:00
2026-10-01T05:17:15+00:00,smard:123:DE:quarterhour,Forecast generation: wind onshore (MWh),2026-10-01T21:45:00+00:00,2026-10-01T23:45:00+02:00
2026-10-01T05:17:15+00:00,smard:3791:DE:quarterhour,Forecast generation: wind offshore (MWh),2026-10-01T21:45:00+00:00,2026-10-01T23:45:00+02:00
2026-10-01T05:17:15+00:00,smard:125:DE:quarterhour,Forecast generation: photovoltaics (MWh),2026-10-01T21:45:00+00:00,2026-10-01T23:45:00+02:00
2026-10-01T05:17:15+00:00,smard:5097:DE:quarterhour,Forecast generation: wind and PV (MWh),2026-10-01T21:45:00+00:00,2026-10-01T23:45:00+02:00
2026-10-01T05:17:15+00:00,smard:715:DE:quarterhour,Forecast generation: other (MWh),2026-10-01T21:45:00+00:00,2026-10-01T23:45:00+02:00
2026-10-01T05:57:10+00:00,smard:4169:DE-LU:quarterhour,Day-ahead price DE-LU (EUR/MWh),2026-10-01T21:45:00+00:00,2026-10-01T23:45:00+02:00
2026-10-01T05:57:10+00:00,smard:411:DE:quarterhour,Forecast: total load (MWh),2026-10-01T21:45:00+00:00,2026-10-01T23:45:00+02:00
2026-10-01T05:57:10+00:00,smard:4362:DE:quarterhour,Forecast: residual load (MWh),2026-10-01T21:45:00+00:00,2026-10-01T23:45:00+02:00
2026-10-01T05:57:10+00:00,smard:122:DE:quarterhour,Forecast generation: total (MWh),2026-10-01T21:45:00+00:00,2026-10-01T23:45:00+02:00
2026-10-01T05:57:10+00:00,smard:123:DE:quarterhour,Forecast generation: wind onshore (MWh),2026-10-01T21:45:00+00:00,2026-10-01T23:45:00+02:00
2026-10-01T05:57:10+00:00,smard:3791:DE:quarterhour,Forecast generation: wind offshore (MWh),2026-10-01T21:45:00+00:00,2026-10-01T23:45:00+02:00
2026-10-01T05:57:10+00:00,smard:125:DE:quarterhour,Forecast generation: photovoltaics (MWh),2026-10-01T21:45:00+00:00,2026-10-01T23:45:00+02:00
2026-10-01T05:57:10+00:00,smard:5097:DE:quarterhour,Forecast generation: wind and PV (MWh),2026-10-01T21:45:00+00:00,2026-10-01T23:45:00+02:00
2026-10-01T05:57:10+00:00,smard:715:DE:quarterhour,Forecast generation: other (MWh),2026-10-01T21:45:00+00:00,2026-10-01T23:45:00+02:00
2026-10-01T06:17:16+00:00,smard:4169:DE-LU:quarterhour,Day-ahead price DE-LU (EUR/MWh),2026-10-01T21:45:00+00:00,2026-10-01T23:45:00+02:00
2026-10-01T06:17:16+00:00,smard:411:DE:quarterhour,Forecast: total load (MWh),2026-10-01T21:45:00+00:00,2026-10-01T23:45:00+02:00
2026-10-01T06:17:16+00:00,smard:4362:DE:quarterhour,Forecast: residual load (MWh),2026-10-01T21:45:00+00:00,2026-10-01T23:45:00+02:00
2026-10-01T06:17:16+00:00,smard:122:DE:quarterhour,Forecast generation: total (MWh),2026-10-01T21:45:00+00:00,2026-10-01T23:45:00+02:00
2026-10-01T06:17:16+00:00,smard:123:DE:quarterhour,Forecast generation: wind onshore (MWh),2026-10-01T21:45:00+00:00,2026-10-01T23:45:00+02:00
2026-10-01T06:17:16+00:00,smard:3791:DE:quarterhour,Forecast generation: wind offshore (MWh),2026-10-01T21:45:00+00:00,2026-10-01T23:45:00+02:00
2026-10-01T06:17:16+00:00,smard:125:DE:quarterhour,Forecast generation: photovoltaics (MWh),2026-10-01T21:45:00+00:00,2026-10-01T23:45:00+02:00
2026-10-01T06:17:16+00:00,smard:5097:DE:quarterhour,Forecast generation: wind and PV (MWh),2026-10-01T21:45:00+00:00,2026-10-01T23:45:00+02:00
2026-10-01T06:17:16+00:00,smard:715:DE:quarterhour,Forecast generation: other (MWh),2026-10-01T21:45:00+00:00,2026-10-01T23:45:00+02:00
2026-10-01T07:17:28+00:00,smard:4169:DE-LU:quarterhour,Day-ahead price DE-LU (EUR/MWh),2026-10-01T21:45:00+00:00,2026-10-01T23:45:00+02:00
2026-10-01T07:17:28+00:00,smard:411:DE:quarterhour,Forecast: total load (MWh),2026-10-01T21:45:00+00:00,2026-10-01T23:45:00+02:00
2026-10-01T07:17:28+00:00,smard:4362:DE:quarterhour,Forecast: residual load (MWh),2026-10-01T21:45:00+00:00,2026-10-01T23:45:00+02:00
2026-10-01T07:17:28+00:00,smard:122:DE:quarterhour,Forecast generation: total (MWh),2026-10-01T21:45:00+00:00,2026-10-01T23:45:00+02:00
2026-10-01T07:17:28+00:00,smard:123:DE:quarterhour,Forecast generation: wind onshore (MWh),2026-10-01T21:45:00+00:00,2026-10-01T23:45:00+02:00
2026-10-01T07:17:28+00:00,smard:3791:DE:quarterhour,Forecast generation: wind offshore (MWh),2026-10-01T21:45:00+00:00,2026-10-01T23:45:00+02:00
2026-10-01T07:17:28+00:00,smard:125:DE:quarterhour,Forecast generation: photovoltaics (MWh),2026-10-01T21:45:00+00:00,2026-10-01T23:45:00+02:00
2026-10-01T07:17:28+00:00,smard:5097:DE:quarterhour,Forecast generation: wind and PV (MWh),2026-10-01T21:45:00+00:00,2026-10-01T23:45:00+02:00
2026-10-01T07:17:28+00:00,smard:715:DE:quarterhour,Forecast generation: other (MWh),2026-10-01T21:45:00+00:00,2026-10-01T23:45:00+02:00
2026-10-01T08:17:17+00:00,smard:4169:DE-LU:quarterhour,Day-ahead price DE-LU (EUR/MWh),2026-10-01T21:45:00+00:00,2026-10-01T23:45:00+02:00
2026-10-01T08:17:17+00:00,smard:411:DE:quarterhour,Forecast: total load (MWh),2026-10-02T21:45:00+00:00,2026-10-02T23:45:00+02:00
2026-10-01T08:17:17+00:00,smard:4362:DE:quarterhour,Forecast: residual load (MWh),2026-10-01T21:45:00+00:00,2026-10-01T23:45:00+02:00
2026-10-01T08:17:17+00:00,smard:122:DE:quarterhour,Forecast generation: total (MWh),2026-10-01T21:45:00+00:00,2026-10-01T23:45:00+02:00
2026-10-01T08:17:17+00:00,smard:123:DE:quarterhour,Forecast generation: wind onshore (MWh),2026-10-01T21:45:00+00:00,2026-10-01T23:45:00+02:00
2026-10-01T08:17:17+00:00,smard:3791:DE:quarterhour,Forecast generation: wind offshore (MWh),2026-10-01T21:45:00+00:00,2026-10-01T23:45:00+02:00
2026-10-01T08:17:17+00:00,smard:125:DE:quarterhour,Forecast generation: photovoltaics (MWh),2026-10-01T21:45:00+00:00,2026-10-01T23:45:00+02:00
2026-10-01T08:17:17+00:00,smard:5097:DE:quarterhour,Forecast generation: wind and PV (MWh),2026-10-01T21:45:00+00:00,2026-10-01T23:45:00+02:00
2026-10-01T08:17:17+00:00,smard:715:DE:quarterhour,Forecast generation: other (MWh),2026-10-01T21:45:00+00:00,2026-10-01T23:45:00+02:00
2026-10-01T09:17:18+00:00,smard:4169:DE-LU:quarterhour,Day-ahead price DE-LU (EUR/MWh),2026-10-01T21:45:00+00:00,2026-10-01T23:45:00+02:00
2026-10-01T09:17:18+00:00,smard:411:DE:quarterhour,Forecast: total load (MWh),2026-10-02T21:45:00+00:00,2026-10-02T23:45:00+02:00
2026-10-01T09:17:18+00:00,smard:4362:DE:quarterhour,Forecast: residual load (MWh),2026-10-01T21:45:00+00:00,2026-10-01T23:45:00+02:00
2026-10-01T09:17:18+00:00,smard:122:DE:quarterhour,Forecast generation: total (MWh),2026-10-01T21:45:00+00:00,2026-10-01T23:45:00+02:00
2026-10-01T09:17:18+00:00,smard:123:DE:quarterhour,Forecast generation: wind onshore (MWh),2026-10-01T21:45:00+00:00,2026-10-01T23:45:00+02:00
2026-10-01T09:17:18+00:00,smard:3791:DE:quarterhour,Forecast generation: wind offshore (MWh),2026-10-01T21:45:00+00:00,2026-10-01T23:45:00+02:00
2026-10-01T09:17:18+00:00,smard:125:DE:quarterhour,Forecast generation: photovoltaics (MWh),2026-10-01T21:45:00+00:00,2026-10-01T23:45:00+02:00
2026-10-01T09:17:18+00:00,smard:5097:DE:quarterhour,Forecast generation: wind and PV (MWh),2026-10-01T21:45:00+00:00,2026-10-01T23:45:00+02:00
2026-10-01T09:17:18+00:00,smard:715:DE:quarterhour,Forecast generation: other (MWh),2026-10-01T21:45:00+00:00,2026-10-01T23:45:00+02:00
2026-10-01T09:17:55+00:00,smard:4169:DE-LU:quarterhour,Day-ahead price DE-LU (EUR/MWh),2026-10-01T21:45:00+00:00,2026-10-01T23:45:00+02:00
2026-10-01T09:17:55+00:00,smard:411:DE:quarterhour,Forecast: total load (MWh),2026-10-02T21:45:00+00:00,2026-10-02T23:45:00+02:00
2026-10-01T09:17:55+00:00,smard:4362:DE:quarterhour,Forecast: residual load (MWh),2026-10-01T21:45:00+00:00,2026-10-01T23:45:00+02:00
2026-10-01T09:17:55+00:00,smard:122:DE:quarterhour,Forecast generation: total (MWh),2026-10-01T21:45:00+00:00,2026-10-01T23:45:00+02:00
2026-10-01T09:17:55+00:00,smard:123:DE:quarterhour,Forecast generation: wind onshore (MWh),2026-10-01T21:45:00+00:00,2026-10-01T23:45:00+02:00
2026-10-01T09:17:55+00:00,smard:3791:DE:quarterhour,Forecast generation: wind offshore (MWh),2026-10-01T21:45:00+00:00,2026-10-01T23:45:00+02:00
2026-10-01T09:17:55+00:00,smard:125:DE:quarterhour,Forecast generation: photovoltaics (MWh),2026-10-01T21:45:00+00:00,2026-10-01T23:45:00+02:00
2026-10-01T09:17:55+00:00,smard:5097:DE:quarterhour,Forecast generation: wind and PV (MWh),2026-10-01T21:45:00+00:00,2026-10-01T23:45:00+02:00
2026-10-01T09:17:55+00:00,smard:715:DE:quarterhour,Forecast generation: other (MWh),2026-10-01T21:45:00+00:00,2026-10-01T23:45:00+02:00
2026-10-01T10:17:15+00:00,smard:4169:DE-LU:quarterhour,Day-ahead price DE-LU (EUR/MWh),2026-10-01T21:45:00+00:00,2026-10-01T23:45:00+02:00
2026-10-01T10:17:15+00:00,smard:411:DE:quarterhour,Forecast: total load (MWh),2026-10-02T21:45:00+00:00,2026-10-02T23:45:00+02:00
2026-10-01T10:17:15+00:00,smard:4362:DE:quarterhour,Forecast: residual load (MWh),2026-10-01T21:45:00+00:00,2026-10-01T23:45:00+02:00
2026-10-01T10:17:15+00:00,smard:122:DE:quarterhour,Forecast generation: total (MWh),2026-10-01T21:45:00+00:00,2026-10-01T23:45:00+02:00
2026-10-01T10:17:15+00:00,smard:123:DE:quarterhour,Forecast generation: wind onshore (MWh),2026-10-01T21:45:00+00:00,2026-10-01T23:45:00+02:00
2026-10-01T10:17:15+00:00,smard:3791:DE:quarterhour,Forecast generation: wind offshore (MWh),2026-10-01T21:45:00+00:00,2026-10-01T23:45:00+02:00
2026-10-01T10:17:15+00:00,smard:125:DE:quarterhour,Forecast generation: photovoltaics (MWh),2026-10-01T21:45:00+00:00,2026-10-01T23:45:00+02:00
2026-10-01T10:17:15+00:00,smard:5097:DE:quarterhour,Forecast generation: wind and PV (MWh),2026-10-01T21:45:00+00:00,2026-10-01T23:45:00+02:00
2026-10-01T10:17:15+00:00,smard:715:DE:quarterhour,Forecast generation: other (MWh),2026-10-01T21:45:00+00:00,2026-10-01T23:45:00+02:00
2026-10-01T11:17:15+00:00,smard:4169:DE-LU:quarterhour,Day-ahead price DE-LU (EUR/MWh),2026-10-01T21:45:00+00:00,2026-10-01T23:45:00+02:00
2026-10-01T11:17:15+00:00,smard:411:DE:quarterhour,Forecast: total load (MWh),2026-10-02T21:45:00+00:00,2026-10-02T23:45:00+02:00
2026-10-01T11:17:15+00:00,smard:4362:DE:quarterhour,Forecast: residual load (MWh),2026-10-01T21:45:00+00:00,2026-10-01T23:45:00+02:00
2026-10-01T11:17:15+00:00,smard:122:DE:quarterhour,Forecast generation: total (MWh),2026-10-01T21:45:00+00:00,2026-10-01T23:45:00+02:00
2026-10-01T11:17:15+00:00,smard:123:DE:quarterhour,Forecast generation: wind onshore (MWh),2026-10-01T21:45:00+00:00,2026-10-01T23:45:00+02:00
2026-10-01T11:17:15+00:00,smard:3791:DE:quarterhour,Forecast generation: wind offshore (MWh),2026-10-01T21:45:00+00:00,2026-10-01T23:45:00+02:00
2026-10-01T11:17:15+00:00,smard:125:DE:quarterhour,Forecast generation: photovoltaics (MWh),2026-10-01T21:45:00+00:00,2026-10-01T23:45:00+02:00
2026-10-01T11:17:15+00:00,smard:5097:DE:quarterhour,Forecast generation: wind and PV (MWh),2026-10-01T21:45:00+00:00,2026-10-01T23:45:00+02:00
2026-10-01T11:17:15+00:00,smard:715:DE:quarterhour,Forecast generation: other (MWh),2026-10-01T21:45:00+00:00,2026-10-01T23:45:00+02:00
2026-10-01T12:17:18+00:00,smard:4169:DE-LU:quarterhour,Day-ahead price DE-LU (EUR/MWh),2026-10-01T21:45:00+00:00,2026-10-01T23:45:00+02:00
2026-10-01T12:17:18+00:00,smard:411:DE:quarterhour,Forecast: total load (MWh),2026-10-02T21:45:00+00:00,2026-10-02T23:45:00+02:00
2026-10-01T12:17:18+00:00,smard:4362:DE:quarterhour,Forecast: residual load (MWh),2026-10-01T21:45:00+00:00,2026-10-01T23:45:00+02:00
2026-10-01T12:17:18+00:00,smard:122:DE:quarterhour,Forecast generation: total (MWh),2026-10-01T21:45:00+00:00,2026-10-01T23:45:00+02:00
2026-10-01T12:17:18+00:00,smard:123:DE:quarterhour,Forecast generation: wind onshore (MWh),2026-10-01T21:45:00+00:00,2026-10-01T23:45:00+02:00
2026-10-01T12:17:18+00:00,smard:3791:DE:quarterhour,Forecast generation: wind offshore (MWh),2026-10-01T21:45:00+00:00,2026-10-01T23:45:00+02:00
2026-10-01T12:17:18+00:00,smard:125:DE:quarterhour,Forecast generation: photovoltaics (MWh),2026-10-01T21:45:00+00:00,2026-10-01T23:45:00+02:00
2026-10-01T12:17:18+00:00,smard:5097:DE:quarterhour,Forecast generation: wind and PV (MWh),2026-10-01T21:45:00+00:00,2026-10-01T23:45:00+02:00
2026-10-01T12:17:18+00:00,smard:715:DE:quarterhour,Forecast generation: other (MWh),2026-10-01T21:45:00+00:00,2026-10-01T23:45:00+02:00
2026-10-01T13:17:16+00:00,smard:4169:DE-LU:quarterhour,Day-ahead price DE-LU (EUR/MWh),2026-10-02T21:45:00+00:00,2026-10-02T23:45:00+02:00
2026-10-01T13:17:16+00:00,smard:411:DE:quarterhour,Forecast: total load (MWh),2026-10-02T21:45:00+00:00,2026-10-02T23:45:00+02:00
2026-10-01T13:17:16+00:00,smard:4362:DE:quarterhour,Forecast: residual load (MWh),2026-10-01T21:45:00+00:00,2026-10-01T23:45:00+02:00
2026-10-01T13:17:16+00:00,smard:122:DE:quarterhour,Forecast generation: total (MWh),2026-10-01T21:45:00+00:00,2026-10-01T23:45:00+02:00
2026-10-01T13:17:16+00:00,smard:123:DE:quarterhour,Forecast generation: wind onshore (MWh),2026-10-01T21:45:00+00:00,2026-10-01T23:45:00+02:00
2026-10-01T13:17:16+00:00,smard:3791:DE:quarterhour,Forecast generation: wind offshore (MWh),2026-10-01T21:45:00+00:00,2026-10-01T23:45:00+02:00
2026-10-01T13:17:16+00:00,smard:125:DE:quarterhour,Forecast generation: photovoltaics (MWh),2026-10-01T21:45:00+00:00,2026-10-01T23:45:00+02:00
2026-10-01T13:17:16+00:00,smard:5097:DE:quarterhour,Forecast generation: wind and PV (MWh),2026-10-01T21:45:00+00:00,2026-10-01T23:45:00+02:00
2026-10-01T13:17:16+00:00,smard:715:DE:quarterhour,Forecast generation: other (MWh),2026-10-01T21:45:00+00:00,2026-10-01T23:45:00+02:00
2026-10-01T13:17:59+00:00,smard:4169:DE-LU:quarterhour,Day-ahead price DE-LU (EUR/MWh),2026-10-02T21:45:00+00:00,2026-10-02T23:45:00+02:00
2026-10-01T13:17:59+00:00,smard:411:DE:quarterhour,Forecast: total load (MWh),2026-10-02T21:45:00+00:00,2026-10-02T23:45:00+02:00
2026-10-01T13:17:59+00:00,smard:4362:DE:quarterhour,Forecast: residual load (MWh),2026-10-01T21:45:00+00:00,2026-10-01T23:45:00+02:00
2026-10-01T13:17:59+00:00,smard:122:DE:quarterhour,Forecast generation: total (MWh),2026-10-01T21:45:00+00:00,2026-10-01T23:45:00+02:00
2026-10-01T13:17:59+00:00,smard:123:DE:quarterhour,Forecast generation: wind onshore (MWh),2026-10-01T21:45:00+00:00,2026-10-01T23:45:00+02:00
2026-10-01T13:17:59+00:00,smard:3791:DE:quarterhour,Forecast generation: wind offshore (MWh),2026-10-01T21:45:00+00:00,2026-10-01T23:45:00+02:00
2026-10-01T13:17:59+00:00,smard:125:DE:quarterhour,Forecast generation: photovoltaics (MWh),2026-10-01T21:45:00+00:00,2026-10-01T23:45:00+02:00
2026-10-01T13:17:59+00:00,smard:5097:DE:quarterhour,Forecast generation: wind and PV (MWh),2026-10-01T21:45:00+00:00,2026-10-01T23:45:00+02:00
2026-10-01T13:17:59+00:00,smard:715:DE:quarterhour,Forecast generation: other (MWh),2026-10-01T21:45:00+00:00,2026-10-01T23:45:00+02:00
2026-10-01T14:17:21+00:00,smard:4169:DE-LU:quarterhour,Day-ahead price DE-LU (EUR/MWh),2026-10-02T21:45:00+00:00,2026-10-02T23:45:00+02:00
2026-10-01T14:17:21+00:00,smard:411:DE:quarterhour,Forecast: total load (MWh),2026-10-02T21:45:00+00:00,2026-10-02T23:45:00+02:00
2026-10-01T14:17:21+00:00,smard:4362:DE:quarterhour,Forecast: residual load (MWh),2026-10-01T21:45:00+00:00,2026-10-01T23:45:00+02:00
2026-10-01T14:17:21+00:00,smard:122:DE:quarterhour,Forecast generation: total (MWh),2026-10-01T21:45:00+00:00,2026-10-01T23:45:00+02:00
2026-10-01T14:17:21+00:00,smard:123:DE:quarterhour,Forecast generation: wind onshore (MWh),2026-10-01T21:45:00+00:00,2026-10-01T23:45:00+02:00
2026-10-01T14:17:21+00:00,smard:3791:DE:quarterhour,Forecast generation: wind offshore (MWh),2026-10-01T21:45:00+00:00,2026-10-01T23:45:00+02:00
2026-10-01T14:17:21+00:00,smard:125:DE:quarterhour,Forecast generation: photovoltaics (MWh),2026-10-01T21:45:00+00:00,2026-10-01T23:45:00+02:00
2026-10-01T14:17:21+00:00,smard:5097:DE:quarterhour,Forecast generation: wind and PV (MWh),2026-10-01T21:45:00+00:00,2026-10-01T23:45:00+02:00
2026-10-01T14:17:21+00:00,smard:715:DE:quarterhour,Forecast generation: other (MWh),2026-10-01T21:45:00+00:00,2026-10-01T23:45:00+02:00
2026-10-01T14:17:51+00:00,smard:4169:DE-LU:quarterhour,Day-ahead price DE-LU (EUR/MWh),2026-10-02T21:45:00+00:00,2026-10-02T23:45:00+02:00
2026-10-01T14:17:51+00:00,smard:411:DE:quarterhour,Forecast: total load (MWh),2026-10-02T21:45:00+00:00,2026-10-02T23:45:00+02:00
2026-10-01T14:17:51+00:00,smard:4362:DE:quarterhour,Forecast: residual load (MWh),2026-10-01T21:45:00+00:00,2026-10-01T23:45:00+02:00
2026-10-01T14:17:51+00:00,smard:122:DE:quarterhour,Forecast generation: total (MWh),2026-10-01T21:45:00+00:00,2026-10-01T23:45:00+02:00
2026-10-01T14:17:51+00:00,smard:123:DE:quarterhour,Forecast generation: wind onshore (MWh),2026-10-01T21:45:00+00:00,2026-10-01T23:45:00+02:00
2026-10-01T14:17:51+00:00,smard:3791:DE:quarterhour,Forecast generation: wind offshore (MWh),2026-10-01T21:45:00+00:00,2026-10-01T23:45:00+02:00
2026-10-01T14:17:51+00:00,smard:125:DE:quarterhour,Forecast generation: photovoltaics (MWh),2026-10-01T21:45:00+00:00,2026-10-01T23:45:00+02:00
2026-10-01T14:17:51+00:00,smard:5097:DE:quarterhour,Forecast generation: wind and PV (MWh),2026-10-01T21:45:00+00:00,2026-10-01T23:45:00+02:00
2026-10-01T14:17:51+00:00,smard:715:DE:quarterhour,Forecast generation: other (MWh),2026-10-01T21:45:00+00:00,2026-10-01T23:45:00+02:00
2026-10-01T15:17:21+00:00,smard:4169:DE-LU:quarterhour,Day-ahead price DE-LU (EUR/MWh),2026-10-02T21:45:00+00:00,2026-10-02T23:45:00+02:00
2026-10-01T15:17:21+00:00,smard:411:DE:quarterhour,Forecast: total load (MWh),2026-10-02T21:45:00+00:00,2026-10-02T23:45:00+02:00
2026-10-01T15:17:21+00:00,smard:4362:DE:quarterhour,Forecast: residual load (MWh),2026-10-01T21:45:00+00:00,2026-10-01T23:45:00+02:00
2026-10-01T15:17:21+00:00,smard:122:DE:quarterhour,Forecast generation: total (MWh),2026-10-01T21:45:00+00:00,2026-10-01T23:45:00+02:00
2026-10-01T15:17:21+00:00,smard:123:DE:quarterhour,Forecast generation: wind onshore (MWh),2026-10-01T21:45:00+00:00,2026-10-01T23:45:00+02:00
2026-10-01T15:17:21+00:00,smard:3791:DE:quarterhour,Forecast generation: wind offshore (MWh),2026-10-01T21:45:00+00:00,2026-10-01T23:45:00+02:00
2026-10-01T15:17:21+00:00,smard:125:DE:quarterhour,Forecast generation: photovoltaics (MWh),2026-10-01T21:45:00+00:00,2026-10-01T23:45:00+02:00
2026-10-01T15:17:21+00:00,smard:5097:DE:quarterhour,Forecast generation: wind and PV (MWh),2026-10-01T21:45:00+00:00,2026-10-01T23:45:00+02:00
2026-10-01T15:17:21+00:00,smard:715:DE:quarterhour,Forecast generation: other (MWh),2026-10-01T21:45:00+00:00,2026-10-01T23:45:00+02:00
2026-10-01T16:17:20+00:00,smard:4169:DE-LU:quarterhour,Day-ahead price DE-LU (EUR/MWh),2026-10-02T21:45:00+00:00,2026-10-02T23:45:00+02:00
2026-10-01T16:17:20+00:00,smard:411:DE:quarterhour,Forecast: total load (MWh),2026-10-02T21:45:00+00:00,2026-10-02T23:45:00+02:00
2026-10-01T16:17:20+00:00,smard:4362:DE:quarterhour,Forecast: residual load (MWh),2026-10-02T21:45:00+00:00,2026-10-02T23:45:00+02:00
2026-10-01T16:17:20+00:00,smard:122:DE:quarterhour,Forecast generation: total (MWh),2026-10-02T21:45:00+00:00,2026-10-02T23:45:00+02:00
2026-10-01T16:17:20+00:00,smard:123:DE:quarterhour,Forecast generation: wind onshore (MWh),2026-10-02T21:45:00+00:00,2026-10-02T23:45:00+02:00
2026-10-01T16:17:20+00:00,smard:3791:DE:quarterhour,Forecast generation: wind offshore (MWh),2026-10-02T21:45:00+00:00,2026-10-02T23:45:00+02:00
2026-10-01T16:17:20+00:00,smard:125:DE:quarterhour,Forecast generation: photovoltaics (MWh),2026-10-02T21:45:00+00:00,2026-10-02T23:45:00+02:00
2026-10-01T16:17:20+00:00,smard:5097:DE:quarterhour,Forecast generation: wind and PV (MWh),2026-10-02T21:45:00+00:00,2026-10-02T23:45:00+02:00
2026-10-01T16:17:20+00:00,smard:715:DE:quarterhour,Forecast generation: other (MWh),2026-10-02T21:45:00+00:00,2026-10-02T23:45:00+02:00
2026-10-01T17:17:14+00:00,smard:4169:DE-LU:quarterhour,Day-ahead price DE-LU (EUR/MWh),2026-10-02T21:45:00+00:00,2026-10-02T23:45:00+02:00
2026-10-01T17:17:14+00:00,smard:411:DE:quarterhour,Forecast: total load (MWh),2026-10-02T21:45:00+00:00,2026-10-02T23:45:00+02:00
2026-10-01T17:17:14+00:00,smard:4362:DE:quarterhour,Forecast: residual load (MWh),2026-10-02T21:45:00+00:00,2026-10-02T23:45:00+02:00
2026-10-01T17:17:14+00:00,smard:122:DE:quarterhour,Forecast generation: total (MWh),2026-10-02T21:45:00+00:00,2026-10-02T23:45:00+02:00
2026-10-01T17:17:14+00:00,smard:123:DE:quarterhour,Forecast generation: wind onshore (MWh),2026-10-02T21:45:00+00:00,2026-10-02T23:45:00+02:00
2026-10-01T17:17:14+00:00,smard:3791:DE:quarterhour,Forecast generation: wind offshore (MWh),2026-10-02T21:45:00+00:00,2026-10-02T23:45:00+02:00
2026-10-01T17:17:14+00:00,smard:125:DE:quarterhour,Forecast generation: photovoltaics (MWh),2026-10-02T21:45:00+00:00,2026-10-02T23:45:00+02:00
2026-10-01T17:17:14+00:00,smard:5097:DE:quarterhour,Forecast generation: wind and PV (MWh),2026-10-02T21:45:00+00:00,2026-10-02T23:45:00+02:00
2026-10-01T17:17:14+00:00,smard:715:DE:quarterhour,Forecast generation: other (MWh),2026-10-02T21:45:00+00:00,2026-10-02T23:45:00+02:00
2026-10-01T18:17:17+00:00,smard:4169:DE-LU:quarterhour,Day-ahead price DE-LU (EUR/MWh),2026-10-02T21:45:00+00:00,2026-10-02T23:45:00+02:00
2026-10-01T18:17:17+00:00,smard:411:DE:quarterhour,Forecast: total load (MWh),2026-10-02T21:45:00+00:00,2026-10-02T23:45:00+02:00
2026-10-01T18:17:17+00:00,smard:4362:DE:quarterhour,Forecast: residual load (MWh),2026-10-02T21:45:00+00:00,2026-10-02T23:45:00+02:00
2026-10-01T18:17:17+00:00,smard:122:DE:quarterhour,Forecast generation: total (MWh),2026-10-02T21:45:00+00:00,2026-10-02T23:45:00+02:00
2026-10-01T18:17:17+00:00,smard:123:DE:quarterhour,Forecast generation: wind onshore (MWh),2026-10-02T21:45:00+00:00,2026-10-02T23:45:00+02:00
2026-10-01T18:17:17+00:00,smard:3791:DE:quarterhour,Forecast generation: wind offshore (MWh),2026-10-02T21:45:00+00:00,2026-10-02T23:45:00+02:00
2026-10-01T18:17:17+00:00,smard:125:DE:quarterhour,Forecast generation: photovoltaics (MWh),2026-10-02T21:45:00+00:00,2026-10-02T23:45:00+02:00
2026-10-01T18:17:17+00:00,smard:5097:DE:quarterhour,Forecast generation: wind and PV (MWh),2026-10-02T21:45:00+00:00,2026-10-02T23:45:00+02:00
2026-10-01T18:17:17+00:00,smard:715:DE:quarterhour,Forecast generation: other (MWh),2026-10-02T21:45:00+00:00,2026-10-02T23:45:00+02:00
2026-10-01T19:17:16+00:00,smard:4169:DE-LU:quarterhour,Day-ahead price DE-LU (EUR/MWh),2026-10-02T21:45:00+00:00,2026-10-02T23:45:00+02:00
2026-10-01T19:17:16+00:00,smard:411:DE:quarterhour,Forecast: total load (MWh),2026-10-02T21:45:00+00:00,2026-10-02T23:45:00+02:00
2026-10-01T19:17:16+00:00,smard:4362:DE:quarterhour,Forecast: residual load (MWh),2026-10-02T21:45:00+00:00,2026-10-02T23:45:00+02:00
2026-10-01T19:17:16+00:00,smard:122:DE:quarterhour,Forecast generation: total (MWh),2026-10-02T21:45:00+00:00,2026-10-02T23:45:00+02:00
2026-10-01T19:17:16+00:00,smard:123:DE:quarterhour,Forecast generation: wind onshore (MWh),2026-10-02T21:45:00+00:00,2026-10-02T23:45:00+02:00
2026-10-01T19:17:16+00:00,smard:3791:DE:quarterhour,Forecast generation: wind offshore (MWh),2026-10-02T21:45:00+00:00,2026-10-02T23:45:00+02:00
2026-10-01T19:17:16+00:00,smard:125:DE:quarterhour,Forecast generation: photovoltaics (MWh),2026-10-02T21:45:00+00:00,2026-10-02T23:45:00+02:00
2026-10-01T19:17:16+00:00,smard:5097:DE:quarterhour,Forecast generation: wind and PV (MWh),2026-10-02T21:45:00+00:00,2026-10-02T23:45:00+02:00
2026-10-01T19:17:16+00:00,smard:715:DE:quarterhour,Forecast generation: other (MWh),2026-10-02T21:45:00+00:00,2026-10-02T23:45:00+02:00
2026-10-01T19:17:48+00:00,smard:4169:DE-LU:quarterhour,Day-ahead price DE-LU (EUR/MWh),2026-10-02T21:45:00+00:00,2026-10-02T23:45:00+02:00
2026-10-01T19:17:48+00:00,smard:411:DE:quarterhour,Forecast: total load (MWh),2026-10-02T21:45:00+00:00,2026-10-02T23:45:00+02:00
2026-10-01T19:17:48+00:00,smard:4362:DE:quarterhour,Forecast: residual load (MWh),2026-10-02T21:45:00+00:00,2026-10-02T23:45:00+02:00
2026-10-01T19:17:48+00:00,smard:122:DE:quarterhour,Forecast generation: total (MWh),2026-10-02T21:45:00+00:00,2026-10-02T23:45:00+02:00
2026-10-01T19:17:48+00:00,smard:123:DE:quarterhour,Forecast generation: wind onshore (MWh),2026-10-02T21:45:00+00:00,2026-10-02T23:45:00+02:00
2026-10-01T19:17:48+00:00,smard:3791:DE:quarterhour,Forecast generation: wind offshore (MWh),2026-10-02T21:45:00+00:00,2026-10-02T23:45:00+02:00
2026-10-01T19:17:48+00:00,smard:125:DE:quarterhour,Forecast generation: photovoltaics (MWh),2026-10-02T21:45:00+00:00,2026-10-02T23:45:00+02:00
2026-10-01T19:17:48+00:00,smard:5097:DE:quarterhour,Forecast generation: wind and PV (MWh),2026-10-02T21:45:00+00:00,2026-10-02T23:45:00+02:00
2026-10-01T19:17:48+00:00,smard:715:DE:quarterhour,Forecast generation: other (MWh),2026-10-02T21:45:00+00:00,2026-10-02T23:45:00+02:00
2026-10-01T20:17:15+00:00,smard:4169:DE-LU:quarterhour,Day-ahead price DE-LU (EUR/MWh),2026-10-02T21:45:00+00:00,2026-10-02T23:45:00+02:00
2026-10-01T20:17:15+00:00,smard:411:DE:quarterhour,Forecast: total load (MWh),2026-10-02T21:45:00+00:00,2026-10-02T23:45:00+02:00
2026-10-01T20:17:15+00:00,smard:4362:DE:quarterhour,Forecast: residual load (MWh),2026-10-02T21:45:00+00:00,2026-10-02T23:45:00+02:00
2026-10-01T20:17:15+00:00,smard:122:DE:quarterhour,Forecast generation: total (MWh),2026-10-02T21:45:00+00:00,2026-10-02T23:45:00+02:00
2026-10-01T20:17:15+00:00,smard:123:DE:quarterhour,Forecast generation: wind onshore (MWh),2026-10-02T21:45:00+00:00,2026-10-02T23:45:00+02:00
2026-10-01T20:17:15+00:00,smard:3791:DE:quarterhour,Forecast generation: wind offshore (MWh),2026-10-02T21:45:00+00:00,2026-10-02T23:45:00+02:00
2026-10-01T20:17:15+00:00,smard:125:DE:quarterhour,Forecast generation: photovoltaics (MWh),2026-10-02T21:45:00+00:00,2026-10-02T23:45:00+02:00
2026-10-01T20:17:15+00:00,smard:5097:DE:quarterhour,Forecast generation: wind and PV (MWh),2026-10-02T21:45:00+00:00,2026-10-02T23:45:00+02:00
2026-10-01T20:17:15+00:00,smard:715:DE:quarterhour,Forecast generation: other (MWh),2026-10-02T21:45:00+00:00,2026-10-02T23:45:00+02:00
2026-10-01T21:17:19+00:00,smard:4169:DE-LU:quarterhour,Day-ahead price DE-LU (EUR/MWh),2026-10-02T21:45:00+00:00,2026-10-02T23:45:00+02:00
2026-10-01T21:17:19+00:00,smard:411:DE:quarterhour,Forecast: total load (MWh),2026-10-02T21:45:00+00:00,2026-10-02T23:45:00+02:00
2026-10-01T21:17:19+00:00,smard:4362:DE:quarterhour,Forecast: residual load (MWh),2026-10-02T21:45:00+00:00,2026-10-02T23:45:00+02:00
2026-10-01T21:17:19+00:00,smard:122:DE:quarterhour,Forecast generation: total (MWh),2026-10-02T21:45:00+00:00,2026-10-02T23:45:00+02:00
2026-10-01T21:17:19+00:00,smard:123:DE:quarterhour,Forecast generation: wind onshore (MWh),2026-10-02T21:45:00+00:00,2026-10-02T23:45:00+02:00
2026-10-01T21:17:19+00:00,smard:3791:DE:quarterhour,Forecast generation: wind offshore (MWh),2026-10-02T21:45:00+00:00,2026-10-02T23:45:00+02:00
2026-10-01T21:17:19+00:00,smard:125:DE:quarterhour,Forecast generation: photovoltaics (MWh),2026-10-02T21:45:00+00:00,2026-10-02T23:45:00+02:00
2026-10-01T21:17:19+00:00,smard:5097:DE:quarterhour,Forecast generation: wind and PV (MWh),2026-10-02T21:45:00+00:00,2026-10-02T23:45:00+02:00
2026-10-01T21:17:19+00:00,smard:715:DE:quarterhour,Forecast generation: other (MWh),2026-10-02T21:45:00+00:00,2026-10-02T23:45:00+02:00
2026-10-01T22:17:15+00:00,smard:4169:DE-LU:quarterhour,Day-ahead price DE-LU (EUR/MWh),2026-10-02T21:45:00+00:00,2026-10-02T23:45:00+02:00
2026-10-01T22:17:15+00:00,smard:411:DE:quarterhour,Forecast: total load (MWh),2026-10-02T21:45:00+00:00,2026-10-02T23:45:00+02:00
2026-10-01T22:17:15+00:00,smard:4362:DE:quarterhour,Forecast: residual load (MWh),2026-10-02T21:45:00+00:00,2026-10-02T23:45:00+02:00
2026-10-01T22:17:15+00:00,smard:122:DE:quarterhour,Forecast generation: total (MWh),2026-10-02T21:45:00+00:00,2026-10-02T23:45:00+02:00
2026-10-01T22:17:15+00:00,smard:123:DE:quarterhour,Forecast generation: wind onshore (MWh),2026-10-02T21:45:00+00:00,2026-10-02T23:45:00+02:00
2026-10-01T22:17:15+00:00,smard:3791:DE:quarterhour,Forecast generation: wind offshore (MWh),2026-10-02T21:45:00+00:00,2026-10-02T23:45:00+02:00
2026-10-01T22:17:15+00:00,smard:125:DE:quarterhour,Forecast generation: photovoltaics (MWh),2026-10-02T21:45:00+00:00,2026-10-02T23:45:00+02:00
2026-10-01T22:17:15+00:00,smard:5097:DE:quarterhour,Forecast generation: wind and PV (MWh),2026-10-02T21:45:00+00:00,2026-10-02T23:45:00+02:00
2026-10-01T22:17:15+00:00,smard:715:DE:quarterhour,Forecast generation: other (MWh),2026-10-02T21:45:00+00:00,2026-10-02T23:45:00+02:00
2026-10-01T22:42:33+00:00,smard:4169:DE-LU:quarterhour,Day-ahead price DE-LU (EUR/MWh),2026-10-02T21:45:00+00:00,2026-10-02T23:45:00+02:00
2026-10-01T22:42:33+00:00,smard:411:DE:quarterhour,Forecast: total load (MWh),2026-10-02T21:45:00+00:00,2026-10-02T23:45:00+02:00
2026-10-01T22:42:33+00:00,smard:4362:DE:quarterhour,Forecast: residual load (MWh),2026-10-02T21:45:00+00:00,2026-10-02T23:45:00+02:00
2026-10-01T22:42:33+00:00,smard:122:DE:quarterhour,Forecast generation: total (MWh),2026-10-02T21:45:00+00:00,2026-10-02T23:45:00+02:00
2026-10-01T22:42:33+00:00,smard:123:DE:quarterhour,Forecast generation: wind onshore (MWh),2026-10-02T21:45:00+00:00,2026-10-02T23:45:00+02:00
2026-10-01T22:42:33+00:00,smard:3791:DE:quarterhour,Forecast generation: wind offshore (MWh),2026-10-02T21:45:00+00:00,2026-10-02T23:45:00+02:00
2026-10-01T22:42:33+00:00,smard:125:DE:quarterhour,Forecast generation: photovoltaics (MWh),2026-10-02T21:45:00+00:00,2026-10-02T23:45:00+02:00
2026-10-01T22:42:33+00:00,smard:5097:DE:quarterhour,Forecast generation: wind and PV (MWh),2026-10-02T21:45:00+00:00,2026-10-02T23:45:00+02:00
2026-10-01T22:42:33+00:00,smard:715:DE:quarterhour,Forecast generation: other (MWh),2026-10-02T21:45:00+00:00,2026-10-02T23:45:00+02:00
2026-10-01T23:17:15+00:00,smard:4169:DE-LU:quarterhour,Day-ahead price DE-LU (EUR/MWh),2026-10-02T21:45:00+00:00,2026-10-02T23:45:00+02:00
2026-10-01T23:17:15+00:00,smard:411:DE:quarterhour,Forecast: total load (MWh),2026-10-02T21:45:00+00:00,2026-10-02T23:45:00+02:00
2026-10-01T23:17:15+00:00,smard:4362:DE:quarterhour,Forecast: residual load (MWh),2026-10-02T21:45:00+00:00,2026-10-02T23:45:00+02:00
2026-10-01T23:17:15+00:00,smard:122:DE:quarterhour,Forecast generation: total (MWh),2026-10-02T21:45:00+00:00,2026-10-02T23:45:00+02:00
2026-10-01T23:17:15+00:00,smard:123:DE:quarterhour,Forecast generation: wind onshore (MWh),2026-10-02T21:45:00+00:00,2026-10-02T23:45:00+02:00
2026-10-01T23:17:15+00:00,smard:3791:DE:quarterhour,Forecast generation: wind offshore (MWh),2026-10-02T21:45:00+00:00,2026-10-02T23:45:00+02:00
2026-10-01T23:17:15+00:00,smard:125:DE:quarterhour,Forecast generation: photovoltaics (MWh),2026-10-02T21:45:00+00:00,2026-10-02T23:45:00+02:00
2026-10-01T23:17:15+00:00,smard:5097:DE:quarterhour,Forecast generation: wind and PV (MWh),2026-10-02T21:45:00+00:00,2026-10-02T23:45:00+02:00
2026-10-01T23:17:15+00:00,smard:715:DE:quarterhour,Forecast generation: other (MWh),2026-10-02T21:45:00+00:00,2026-10-02T23:45:00+02:00
2026-10-02T00:17:14+00:00,smard:4169:DE-LU:quarterhour,Day-ahead price DE-LU (EUR/MWh),2026-10-02T21:45:00+00:00,2026-10-02T23:45:00+02:00
2026-10-02T00:17:14+00:00,smard:411:DE:quarterhour,Forecast: total load (MWh),2026-10-02T21:45:00+00:00,2026-10-02T23:45:00+02:00
2026-10-02T00:17:14+00:00,smard:4362:DE:quarterhour,Forecast: residual load (MWh),2026-10-02T21:45:00+00:00,2026-10-02T23:45:00+02:00
2026-10-02T00:17:14+00:00,smard:122:DE:quarterhour,Forecast generation: total (MWh),2026-10-02T21:45:00+00:00,2026-10-02T23:45:00+02:00
2026-10-02T00:17:14+00:00,smard:123:DE:quarterhour,Forecast generation: wind onshore (MWh),2026-10-02T21:45:00+00:00,2026-10-02T23:45:00+02:00
2026-10-02T00:17:14+00:00,smard:3791:DE:quarterhour,Forecast generation: wind offshore (MWh),2026-10-02T21:45:00+00:00,2026-10-02T23:45:00+02:00
2026-10-02T00:17:14+00:00,smard:125:DE:quarterhour,Forecast generation: photovoltaics (MWh),2026-10-02T21:45:00+00:00,2026-10-02T23:45:00+02:00
2026-10-02T00:17:14+00:00,smard:5097:DE:quarterhour,Forecast generation: wind and PV (MWh),2026-10-02T21:45:00+00:00,2026-10-02T23:45:00+02:00
2026-10-02T00:17:14+00:00,smard:715:DE:quarterhour,Forecast generation: other (MWh),2026-10-02T21:45:00+00:00,2026-10-02T23:45:00+02:00
2026-10-02T00:17:42+00:00,smard:4169:DE-LU:quarterhour,Day-ahead price DE-LU (EUR/MWh),2026-10-02T21:45:00+00:00,2026-10-02T23:45:00+02:00
2026-10-02T00:17:42+00:00,smard:411:DE:quarterhour,Forecast: total load (MWh),2026-10-02T21:45:00+00:00,2026-10-02T23:45:00+02:00
2026-10-02T00:17:42+00:00,smard:4362:DE:quarterhour,Forecast: residual load (MWh),2026-10-02T21:45:00+00:00,2026-10-02T23:45:00+02:00
2026-10-02T00:17:42+00:00,smard:122:DE:quarterhour,Forecast generation: total (MWh),2026-10-02T21:45:00+00:00,2026-10-02T23:45:00+02:00
2026-10-02T00:17:42+00:00,smard:123:DE:quarterhour,Forecast generation: wind onshore (MWh),2026-10-02T21:45:00+00:00,2026-10-02T23:45:00+02:00
2026-10-02T00:17:42+00:00,smard:3791:DE:quarterhour,Forecast generation: wind offshore (MWh),2026-10-02T21:45:00+00:00,2026-10-02T23:45:00+02:00
2026-10-02T00:17:42+00:00,smard:125:DE:quarterhour,Forecast generation: photovoltaics (MWh),2026-10-02T21:45:00+00:00,2026-10-02T23:45:00+02:00
2026-10-02T00:17:42+00:00,smard:5097:DE:quarterhour,Forecast generation: wind and PV (MWh),2026-10-02T21:45:00+00:00,2026-10-02T23:45:00+02:00
2026-10-02T00:17:42+00:00,smard:715:DE:quarterhour,Forecast generation: other (MWh),2026-10-02T21:45:00+00:00,2026-10-02T23:45:00+02:00
2026-10-02T01:17:17+00:00,smard:4169:DE-LU:quarterhour,Day-ahead price DE-LU (EUR/MWh),2026-10-02T21:45:00+00:00,2026-10-02T23:45:00+02:00
2026-10-02T01:17:17+00:00,smard:411:DE:quarterhour,Forecast: total load (MWh),2026-10-02T21:45:00+00:00,2026-10-02T23:45:00+02:00
2026-10-02T01:17:17+00:00,smard:4362:DE:quarterhour,Forecast: residual load (MWh),2026-10-02T21:45:00+00:00,2026-10-02T23:45:00+02:00
2026-10-02T01:17:17+00:00,smard:122:DE:quarterhour,Forecast generation: total (MWh),2026-10-02T21:45:00+00:00,2026-10-02T23:45:00+02:00
2026-10-02T01:17:17+00:00,smard:123:DE:quarterhour,Forecast generation: wind onshore (MWh),2026-10-02T21:45:00+00:00,2026-10-02T23:45:00+02:00
2026-10-02T01:17:17+00:00,smard:3791:DE:quarterhour,Forecast generation: wind offshore (MWh),2026-10-02T21:45:00+00:00,2026-10-02T23:45:00+02:00
2026-10-02T01:17:17+00:00,smard:125:DE:quarterhour,Forecast generation: photovoltaics (MWh),2026-10-02T21:45:00+00:00,2026-10-02T23:45:00+02:00
2026-10-02T01:17:17+00:00,smard:5097:DE:quarterhour,Forecast generation: wind and PV (MWh),2026-10-02T21:45:00+00:00,2026-10-02T23:45:00+02:00
2026-10-02T01:17:17+00:00,smard:715:DE:quarterhour,Forecast generation: other (MWh),2026-10-02T21:45:00+00:00,2026-10-02T23:45:00+02:00
2026-10-02T02:17:18+00:00,smard:4169:DE-LU:quarterhour,Day-ahead price DE-LU (EUR/MWh),2026-10-02T21:45:00+00:00,2026-10-02T23:45:00+02:00
2026-10-02T02:17:18+00:00,smard:411:DE:quarterhour,Forecast: total load (MWh),2026-10-02T21:45:00+00:00,2026-10-02T23:45:00+02:00
2026-10-02T02:17:18+00:00,smard:4362:DE:quarterhour,Forecast: residual load (MWh),2026-10-02T21:45:00+00:00,2026-10-02T23:45:00+02:00
2026-10-02T02:17:18+00:00,smard:122:DE:quarterhour,Forecast generation: total (MWh),2026-10-02T21:45:00+00:00,2026-10-02T23:45:00+02:00
2026-10-02T02:17:18+00:00,smard:123:DE:quarterhour,Forecast generation: wind onshore (MWh),2026-10-02T21:45:00+00:00,2026-10-02T23:45:00+02:00
2026-10-02T02:17:18+00:00,smard:3791:DE:quarterhour,Forecast generation: wind offshore (MWh),2026-10-02T21:45:00+00:00,2026-10-02T23:45:00+02:00
2026-10-02T02:17:18+00:00,smard:125:DE:quarterhour,Forecast generation: photovoltaics (MWh),2026-10-02T21:45:00+00:00,2026-10-02T23:45:00+02:00
2026-10-02T02:17:18+00:00,smard:5097:DE:quarterhour,Forecast generation: wind and PV (MWh),2026-10-02T21:45:00+00:00,2026-10-02T23:45:00+02:00
2026-10-02T02:17:18+00:00,smard:715:DE:quarterhour,Forecast generation: other (MWh),2026-10-02T21:45:00+00:00,2026-10-02T23:45:00+02:00
2026-10-02T03:17:17+00:00,smard:4169:DE-LU:quarterhour,Day-ahead price DE-LU (EUR/MWh),2026-10-02T21:45:00+00:00,2026-10-02T23:45:00+02:00
2026-10-02T03:17:17+00:00,smard:411:DE:quarterhour,Forecast: total load (MWh),2026-10-02T21:45:00+00:00,2026-10-02T23:45:00+02:00
2026-10-02T03:17:17+00:00,smard:4362:DE:quarterhour,Forecast: residual load (MWh),2026-10-02T21:45:00+00:00,2026-10-02T23:45:00+02:00
2026-10-02T03:17:17+00:00,smard:122:DE:quarterhour,Forecast generation: total (MWh),2026-10-02T21:45:00+00:00,2026-10-02T23:45:00+02:00
2026-10-02T03:17:17+00:00,smard:123:DE:quarterhour,Forecast generation: wind onshore (MWh),2026-10-02T21:45:00+00:00,2026-10-02T23:45:00+02:00
2026-10-02T03:17:17+00:00,smard:3791:DE:quarterhour,Forecast generation: wind offshore (MWh),2026-10-02T21:45:00+00:00,2026-10-02T23:45:00+02:00
2026-10-02T03:17:17+00:00,smard:125:DE:quarterhour,Forecast generation: photovoltaics (MWh),2026-10-02T21:45:00+00:00,2026-10-02T23:45:00+02:00
2026-10-02T03:17:17+00:00,smard:5097:DE:quarterhour,Forecast generation: wind and PV (MWh),2026-10-02T21:45:00+00:00,2026-10-02T23:45:00+02:00
2026-10-02T03:17:17+00:00,smard:715:DE:quarterhour,Forecast generation: other (MWh),2026-10-02T21:45:00+00:00,2026-10-02T23:45:00+02:00
2026-10-02T04:17:21+00:00,smard:4169:DE-LU:quarterhour,Day-ahead price DE-LU (EUR/MWh),2026-10-02T21:45:00+00:00,2026-10-02T23:45:00+02:00
2026-10-02T04:17:21+00:00,smard:411:DE:quarterhour,Forecast: total load (MWh),2026-10-02T21:45:00+00:00,2026-10-02T23:45:00+02:00
2026-10-02T04:17:21+00:00,smard:4362:DE:quarterhour,Forecast: residual load (MWh),2026-10-02T21:45:00+00:00,2026-10-02T23:45:00+02:00
2026-10-02T04:17:21+00:00,smard:122:DE:quarterhour,Forecast generation: total (MWh),2026-10-02T21:45:00+00:00,2026-10-02T23:45:00+02:00
2026-10-02T04:17:21+00:00,smard:123:DE:quarterhour,Forecast generation: wind onshore (MWh),2026-10-02T21:45:00+00:00,2026-10-02T23:45:00+02:00
2026-10-02T04:17:21+00:00,smard:3791:DE:quarterhour,Forecast generation: wind offshore (MWh),2026-10-02T21:45:00+00:00,2026-10-02T23:45:00+02:00
2026-10-02T04:17:21+00:00,smard:125:DE:quarterhour,Forecast generation: photovoltaics (MWh),2026-10-02T21:45:00+00:00,2026-10-02T23:45:00+02:00
2026-10-02T04:17:21+00:00,smard:5097:DE:quarterhour,Forecast generation: wind and PV (MWh),2026-10-02T21:45:00+00:00,2026-10-02T23:45:00+02:00
2026-10-02T04:17:21+00:00,smard:715:DE:quarterhour,Forecast generation: other (MWh),2026-10-02T21:45:00+00:00,2026-10-02T23:45:00+02:00
2026-10-02T05:17:18+00:00,smard:4169:DE-LU:quarterhour,Day-ahead price DE-LU (EUR/MWh),2026-10-02T21:45:00+00:00,2026-10-02T23:45:00+02:00
2026-10-02T05:17:18+00:00,smard:411:DE:quarterhour,Forecast: total load (MWh),2026-10-02T21:45:00+00:00,2026-10-02T23:45:00+02:00
2026-10-02T05:17:18+00:00,smard:4362:DE:quarterhour,Forecast: residual load (MWh),2026-10-02T21:45:00+00:00,2026-10-02T23:45:00+02:00
2026-10-02T05:17:18+00:00,smard:122:DE:quarterhour,Forecast generation: total (MWh),2026-10-02T21:45:00+00:00,2026-10-02T23:45:00+02:00
2026-10-02T05:17:18+00:00,smard:123:DE:quarterhour,Forecast generation: wind onshore (MWh),2026-10-02T21:45:00+00:00,2026-10-02T23:45:00+02:00
2026-10-02T05:17:18+00:00,smard:3791:DE:quarterhour,Forecast generation: wind offshore (MWh),2026-10-02T21:45:00+00:00,2026-10-02T23:45:00+02:00
2026-10-02T05:17:18+00:00,smard:125:DE:quarterhour,Forecast generation: photovoltaics (MWh),2026-10-02T21:45:00+00:00,2026-10-02T23:45:00+02:00
2026-10-02T05:17:18+00:00,smard:5097:DE:quarterhour,Forecast generation: wind and PV (MWh),2026-10-02T21:45:00+00:00,2026-10-02T23:45:00+02:00
2026-10-02T05:17:18+00:00,smard:715:DE:quarterhour,Forecast generation: other (MWh),2026-10-02T21:45:00+00:00,2026-10-02T23:45:00+02:00
2026-10-02T05:17:53+00:00,smard:4169:DE-LU:quarterhour,Day-ahead price DE-LU (EUR/MWh),2026-10-02T21:45:00+00:00,2026-10-02T23:45:00+02:00
2026-10-02T05:17:53+00:00,smard:411:DE:quarterhour,Forecast: total load (MWh),2026-10-02T21:45:00+00:00,2026-10-02T23:45:00+02:00
2026-10-02T05:17:53+00:00,smard:4362:DE:quarterhour,Forecast: residual load (MWh),2026-10-02T21:45:00+00:00,2026-10-02T23:45:00+02:00
2026-10-02T05:17:53+00:00,smard:122:DE:quarterhour,Forecast generation: total (MWh),2026-10-02T21:45:00+00:00,2026-10-02T23:45:00+02:00
2026-10-02T05:17:53+00:00,smard:123:DE:quarterhour,Forecast generation: wind onshore (MWh),2026-10-02T21:45:00+00:00,2026-10-02T23:45:00+02:00
2026-10-02T05:17:53+00:00,smard:3791:DE:quarterhour,Forecast generation: wind offshore (MWh),2026-10-02T21:45:00+00:00,2026-10-02T23:45:00+02:00
2026-10-02T05:17:53+00:00,smard:125:DE:quarterhour,Forecast generation: photovoltaics (MWh),2026-10-02T21:45:00+00:00,2026-10-02T23:45:00+02:00
2026-10-02T05:17:53+00:00,smard:5097:DE:quarterhour,Forecast generation: wind and PV (MWh),2026-10-02T21:45:00+00:00,2026-10-02T23:45:00+02:00
2026-10-02T05:17:53+00:00,smard:715:DE:quarterhour,Forecast generation: other (MWh),2026-10-02T21:45:00+00:00,2026-10-02T23:45:00+02:00
2026-10-02T05:39:38+00:00,smard:4169:DE-LU:quarterhour,Day-ahead price DE-LU (EUR/MWh),2026-10-02T21:45:00+00:00,2026-10-02T23:45:00+02:00
2026-10-02T05:39:38+00:00,smard:411:DE:quarterhour,Forecast: total load (MWh),2026-10-02T21:45:00+00:00,2026-10-02T23:45:00+02:00
2026-10-02T05:39:38+00:00,smard:4362:DE:quarterhour,Forecast: residual load (MWh),2026-10-02T21:45:00+00:00,2026-10-02T23:45:00+02:00
2026-10-02T05:39:38+00:00,smard:122:DE:quarterhour,Forecast generation: total (MWh),2026-10-02T21:45:00+00:00,2026-10-02T23:45:00+02:00
2026-10-02T05:39:38+00:00,smard:123:DE:quarterhour,Forecast generation: wind onshore (MWh),2026-10-02T21:45:00+00:00,2026-10-02T23:45:00+02:00
2026-10-02T05:39:38+00:00,smard:3791:DE:quarterhour,Forecast generation: wind offshore (MWh),2026-10-02T21:45:00+00:00,2026-10-02T23:45:00+02:00
2026-10-02T05:39:38+00:00,smard:125:DE:quarterhour,Forecast generation: photovoltaics (MWh),2026-10-02T21:45:00+00:00,2026-10-02T23:45:00+02:00
2026-10-02T05:39:38+00:00,smard:5097:DE:quarterhour,Forecast generation: wind and PV (MWh),2026-10-02T21:45:00+00:00,2026-10-02T23:45:00+02:00
2026-10-02T05:39:38+00:00,smard:715:DE:quarterhour,Forecast generation: other (MWh),2026-10-02T21:45:00+00:00,2026-10-02T23:45:00+02:00
2026-10-02T06:17:15+00:00,smard:4169:DE-LU:quarterhour,Day-ahead price DE-LU (EUR/MWh),2026-10-02T21:45:00+00:00,2026-10-02T23:45:00+02:00
2026-10-02T06:17:15+00:00,smard:411:DE:quarterhour,Forecast: total load (MWh),2026-10-02T21:45:00+00:00,2026-10-02T23:45:00+02:00
2026-10-02T06:17:15+00:00,smard:4362:DE:quarterhour,Forecast: residual load (MWh),2026-10-02T21:45:00+00:00,2026-10-02T23:45:00+02:00
2026-10-02T06:17:15+00:00,smard:122:DE:quarterhour,Forecast generation: total (MWh),2026-10-02T21:45:00+00:00,2026-10-02T23:45:00+02:00
2026-10-02T06:17:15+00:00,smard:123:DE:quarterhour,Forecast generation: wind onshore (MWh),2026-10-02T21:45:00+00:00,2026-10-02T23:45:00+02:00
2026-10-02T06:17:15+00:00,smard:3791:DE:quarterhour,Forecast generation: wind offshore (MWh),2026-10-02T21:45:00+00:00,2026-10-02T23:45:00+02:00
2026-10-02T06:17:15+00:00,smard:125:DE:quarterhour,Forecast generation: photovoltaics (MWh),2026-10-02T21:45:00+00:00,2026-10-02T23:45:00+02:00
2026-10-02T06:17:15+00:00,smard:5097:DE:quarterhour,Forecast generation: wind and PV (MWh),2026-10-02T21:45:00+00:00,2026-10-02T23:45:00+02:00
2026-10-02T06:17:15+00:00,smard:715:DE:quarterhour,Forecast generation: other (MWh),2026-10-02T21:45:00+00:00,2026-10-02T23:45:00+02:00
2026-10-02T07:17:17+00:00,smard:4169:DE-LU:quarterhour,Day-ahead price DE-LU (EUR/MWh),2026-10-02T21:45:00+00:00,2026-10-02T23:45:00+02:00
2026-10-02T07:17:17+00:00,smard:411:DE:quarterhour,Forecast: total load (MWh),2026-10-02T21:45:00+00:00,2026-10-02T23:45:00+02:00
2026-10-02T07:17:17+00:00,smard:4362:DE:quarterhour,Forecast: residual load (MWh),2026-10-02T21:45:00+00:00,2026-10-02T23:45:00+02:00
2026-10-02T07:17:17+00:00,smard:122:DE:quarterhour,Forecast generation: total (MWh),2026-10-02T21:45:00+00:00,2026-10-02T23:45:00+02:00
2026-10-02T07:17:17+00:00,smard:123:DE:quarterhour,Forecast generation: wind onshore (MWh),2026-10-02T21:45:00+00:00,2026-10-02T23:45:00+02:00
2026-10-02T07:17:17+00:00,smard:3791:DE:quarterhour,Forecast generation: wind offshore (MWh),2026-10-02T21:45:00+00:00,2026-10-02T23:45:00+02:00
2026-10-02T07:17:17+00:00,smard:125:DE:quarterhour,Forecast generation: photovoltaics (MWh),2026-10-02T21:45:00+00:00,2026-10-02T23:45:00+02:00
2026-10-02T07:17:17+00:00,smard:5097:DE:quarterhour,Forecast generation: wind and PV (MWh),2026-10-02T21:45:00+00:00,2026-10-02T23:45:00+02:00
2026-10-02T07:17:17+00:00,smard:715:DE:quarterhour,Forecast generation: other (MWh),2026-10-02T21:45:00+00:00,2026-10-02T23:45:00+02:00
2026-10-02T08:17:19+00:00,smard:4169:DE-LU:quarterhour,Day-ahead price DE-LU (EUR/MWh),2026-10-02T21:45:00+00:00,2026-10-02T23:45:00+02:00
2026-10-02T08:17:19+00:00,smard:411:DE:quarterhour,Forecast: total load (MWh),2026-10-03T21:45:00+00:00,2026-10-03T23:45:00+02:00
2026-10-02T08:17:19+00:00,smard:4362:DE:quarterhour,Forecast: residual load (MWh),2026-10-02T21:45:00+00:00,2026-10-02T23:45:00+02:00
2026-10-02T08:17:19+00:00,smard:122:DE:quarterhour,Forecast generation: total (MWh),2026-10-02T21:45:00+00:00,2026-10-02T23:45:00+02:00
2026-10-02T08:17:19+00:00,smard:123:DE:quarterhour,Forecast generation: wind onshore (MWh),2026-10-02T21:45:00+00:00,2026-10-02T23:45:00+02:00
2026-10-02T08:17:19+00:00,smard:3791:DE:quarterhour,Forecast generation: wind offshore (MWh),2026-10-02T21:45:00+00:00,2026-10-02T23:45:00+02:00
2026-10-02T08:17:19+00:00,smard:125:DE:quarterhour,Forecast generation: photovoltaics (MWh),2026-10-02T21:45:00+00:00,2026-10-02T23:45:00+02:00
2026-10-02T08:17:19+00:00,smard:5097:DE:quarterhour,Forecast generation: wind and PV (MWh),2026-10-02T21:45:00+00:00,2026-10-02T23:45:00+02:00
2026-10-02T08:17:19+00:00,smard:715:DE:quarterhour,Forecast generation: other (MWh),2026-10-02T21:45:00+00:00,2026-10-02T23:45:00+02:00
2026-10-02T09:17:15+00:00,smard:4169:DE-LU:quarterhour,Day-ahead price DE-LU (EUR/MWh),2026-10-02T21:45:00+00:00,2026-10-02T23:45:00+02:00
2026-10-02T09:17:15+00:00,smard:411:DE:quarterhour,Forecast: total load (MWh),2026-10-03T21:45:00+00:00,2026-10-03T23:45:00+02:00
2026-10-02T09:17:15+00:00,smard:4362:DE:quarterhour,Forecast: residual load (MWh),2026-10-02T21:45:00+00:00,2026-10-02T23:45:00+02:00
2026-10-02T09:17:15+00:00,smard:122:DE:quarterhour,Forecast generation: total (MWh),2026-10-02T21:45:00+00:00,2026-10-02T23:45:00+02:00
2026-10-02T09:17:15+00:00,smard:123:DE:quarterhour,Forecast generation: wind onshore (MWh),2026-10-02T21:45:00+00:00,2026-10-02T23:45:00+02:00
2026-10-02T09:17:15+00:00,smard:3791:DE:quarterhour,Forecast generation: wind offshore (MWh),2026-10-02T21:45:00+00:00,2026-10-02T23:45:00+02:00
2026-10-02T09:17:15+00:00,smard:125:DE:quarterhour,Forecast generation: photovoltaics (MWh),2026-10-02T21:45:00+00:00,2026-10-02T23:45:00+02:00
2026-10-02T09:17:15+00:00,smard:5097:DE:quarterhour,Forecast generation: wind and PV (MWh),2026-10-02T21:45:00+00:00,2026-10-02T23:45:00+02:00
2026-10-02T09:17:15+00:00,smard:715:DE:quarterhour,Forecast generation: other (MWh),2026-10-02T21:45:00+00:00,2026-10-02T23:45:00+02:00
2026-10-02T10:17:15+00:00,smard:4169:DE-LU:quarterhour,Day-ahead price DE-LU (EUR/MWh),2026-10-02T21:45:00+00:00,2026-10-02T23:45:00+02:00
2026-10-02T10:17:15+00:00,smard:411:DE:quarterhour,Forecast: total load (MWh),2026-10-03T21:45:00+00:00,2026-10-03T23:45:00+02:00
2026-10-02T10:17:15+00:00,smard:4362:DE:quarterhour,Forecast: residual load (MWh),2026-10-02T21:45:00+00:00,2026-10-02T23:45:00+02:00
2026-10-02T10:17:15+00:00,smard:122:DE:quarterhour,Forecast generation: total (MWh),2026-10-02T21:45:00+00:00,2026-10-02T23:45:00+02:00
2026-10-02T10:17:15+00:00,smard:123:DE:quarterhour,Forecast generation: wind onshore (MWh),2026-10-02T21:45:00+00:00,2026-10-02T23:45:00+02:00
2026-10-02T10:17:15+00:00,smard:3791:DE:quarterhour,Forecast generation: wind offshore (MWh),2026-10-02T21:45:00+00:00,2026-10-02T23:45:00+02:00
2026-10-02T10:17:15+00:00,smard:125:DE:quarterhour,Forecast generation: photovoltaics (MWh),2026-10-02T21:45:00+00:00,2026-10-02T23:45:00+02:00
2026-10-02T10:17:15+00:00,smard:5097:DE:quarterhour,Forecast generation: wind and PV (MWh),2026-10-02T21:45:00+00:00,2026-10-02T23:45:00+02:00
2026-10-02T10:17:15+00:00,smard:715:DE:quarterhour,Forecast generation: other (MWh),2026-10-02T21:45:00+00:00,2026-10-02T23:45:00+02:00
2026-10-02T10:17:48+00:00,smard:4169:DE-LU:quarterhour,Day-ahead price DE-LU (EUR/MWh),2026-10-02T21:45:00+00:00,2026-10-02T23:45:00+02:00
2026-10-02T10:17:48+00:00,smard:411:DE:quarterhour,Forecast: total load (MWh),2026-10-03T21:45:00+00:00,2026-10-03T23:45:00+02:00
2026-10-02T10:17:48+00:00,smard:4362:DE:quarterhour,Forecast: residual load (MWh),2026-10-02T21:45:00+00:00,2026-10-02T23:45:00+02:00
2026-10-02T10:17:48+00:00,smard:122:DE:quarterhour,Forecast generation: total (MWh),2026-10-02T21:45:00+00:00,2026-10-02T23:45:00+02:00
2026-10-02T10:17:48+00:00,smard:123:DE:quarterhour,Forecast generation: wind onshore (MWh),2026-10-02T21:45:00+00:00,2026-10-02T23:45:00+02:00
2026-10-02T10:17:48+00:00,smard:3791:DE:quarterhour,Forecast generation: wind offshore (MWh),2026-10-02T21:45:00+00:00,2026-10-02T23:45:00+02:00
2026-10-02T10:17:48+00:00,smard:125:DE:quarterhour,Forecast generation: photovoltaics (MWh),2026-10-02T21:45:00+00:00,2026-10-02T23:45:00+02:00
2026-10-02T10:17:48+00:00,smard:5097:DE:quarterhour,Forecast generation: wind and PV (MWh),2026-10-02T21:45:00+00:00,2026-10-02T23:45:00+02:00
2026-10-02T10:17:48+00:00,smard:715:DE:quarterhour,Forecast generation: other (MWh),2026-10-02T21:45:00+00:00,2026-10-02T23:45:00+02:00
2026-10-02T11:17:15+00:00,smard:4169:DE-LU:quarterhour,Day-ahead price DE-LU (EUR/MWh),2026-10-02T21:45:00+00:00,2026-10-02T23:45:00+02:00
2026-10-02T11:17:15+00:00,smard:411:DE:quarterhour,Forecast: total load (MWh),2026-10-03T21:45:00+00:00,2026-10-03T23:45:00+02:00
2026-10-02T11:17:15+00:00,smard:4362:DE:quarterhour,Forecast: residual load (MWh),2026-10-02T21:45:00+00:00,2026-10-02T23:45:00+02:00
2026-10-02T11:17:15+00:00,smard:122:DE:quarterhour,Forecast generation: total (MWh),2026-10-02T21:45:00+00:00,2026-10-02T23:45:00+02:00
2026-10-02T11:17:15+00:00,smard:123:DE:quarterhour,Forecast generation: wind onshore (MWh),2026-10-02T21:45:00+00:00,2026-10-02T23:45:00+02:00
2026-10-02T11:17:15+00:00,smard:3791:DE:quarterhour,Forecast generation: wind offshore (MWh),2026-10-02T21:45:00+00:00,2026-10-02T23:45:00+02:00
2026-10-02T11:17:15+00:00,smard:125:DE:quarterhour,Forecast generation: photovoltaics (MWh),2026-10-02T21:45:00+00:00,2026-10-02T23:45:00+02:00
2026-10-02T11:17:15+00:00,smard:5097:DE:quarterhour,Forecast generation: wind and PV (MWh),2026-10-02T21:45:00+00:00,2026-10-02T23:45:00+02:00
2026-10-02T11:17:15+00:00,smard:715:DE:quarterhour,Forecast generation: other (MWh),2026-10-02T21:45:00+00:00,2026-10-02T23:45:00+02:00
2026-10-02T12:17:19+00:00,smard:4169:DE-LU:quarterhour,Day-ahead price DE-LU (EUR/MWh),2026-10-02T21:45:00+00:00,2026-10-02T23:45:00+02:00
2026-10-02T12:17:19+00:00,smard:411:DE:quarterhour,Forecast: total load (MWh),2026-10-03T21:45:00+00:00,2026-10-03T23:45:00+02:00
2026-10-02T12:17:19+00:00,smard:4362:DE:quarterhour,Forecast: residual load (MWh),2026-10-02T21:45:00+00:00,2026-10-02T23:45:00+02:00
2026-10-02T12:17:19+00:00,smard:122:DE:quarterhour,Forecast generation: total (MWh),2026-10-02T21:45:00+00:00,2026-10-02T23:45:00+02:00
2026-10-02T12:17:19+00:00,smard:123:DE:quarterhour,Forecast generation: wind onshore (MWh),2026-10-02T21:45:00+00:00,2026-10-02T23:45:00+02:00
2026-10-02T12:17:19+00:00,smard:3791:DE:quarterhour,Forecast generation: wind offshore (MWh),2026-10-02T21:45:00+00:00,2026-10-02T23:45:00+02:00
2026-10-02T12:17:19+00:00,smard:125:DE:quarterhour,Forecast generation: photovoltaics (MWh),2026-10-02T21:45:00+00:00,2026-10-02T23:45:00+02:00
2026-10-02T12:17:19+00:00,smard:5097:DE:quarterhour,Forecast generation: wind and PV (MWh),2026-10-02T21:45:00+00:00,2026-10-02T23:45:00+02:00
2026-10-02T12:17:19+00:00,smard:715:DE:quarterhour,Forecast generation: other (MWh),2026-10-02T21:45:00+00:00,2026-10-02T23:45:00+02:00
2026-10-02T12:37:24+00:00,smard:4169:DE-LU:quarterhour,Day-ahead price DE-LU (EUR/MWh),2026-10-02T21:45:00+00:00,2026-10-02T23:45:00+02:00
2026-10-02T12:37:24+00:00,smard:411:DE:quarterhour,Forecast: total load (MWh),2026-10-03T21:45:00+00:00,2026-10-03T23:45:00+02:00
2026-10-02T12:37:24+00:00,smard:4362:DE:quarterhour,Forecast: residual load (MWh),2026-10-02T21:45:00+00:00,2026-10-02T23:45:00+02:00
2026-10-02T12:37:24+00:00,smard:122:DE:quarterhour,Forecast generation: total (MWh),2026-10-02T21:45:00+00:00,2026-10-02T23:45:00+02:00
2026-10-02T12:37:24+00:00,smard:123:DE:quarterhour,Forecast generation: wind onshore (MWh),2026-10-02T21:45:00+00:00,2026-10-02T23:45:00+02:00
2026-10-02T12:37:24+00:00,smard:3791:DE:quarterhour,Forecast generation: wind offshore (MWh),2026-10-02T21:45:00+00:00,2026-10-02T23:45:00+02:00
2026-10-02T12:37:24+00:00,smard:125:DE:quarterhour,Forecast generation: photovoltaics (MWh),2026-10-02T21:45:00+00:00,2026-10-02T23:45:00+02:00
2026-10-02T12:37:24+00:00,smard:5097:DE:quarterhour,Forecast generation: wind and PV (MWh),2026-10-02T21:45:00+00:00,2026-10-02T23:45:00+02:00
2026-10-02T12:37:24+00:00,smard:715:DE:quarterhour,Forecast generation: other (MWh),2026-10-02T21:45:00+00:00,2026-10-02T23:45:00+02:00
2026-10-02T13:17:16+00:00,smard:4169:DE-LU:quarterhour,Day-ahead price DE-LU (EUR/MWh),2026-10-03T21:45:00+00:00,2026-10-03T23:45:00+02:00
2026-10-02T13:17:16+00:00,smard:411:DE:quarterhour,Forecast: total load (MWh),2026-10-03T21:45:00+00:00,2026-10-03T23:45:00+02:00
2026-10-02T13:17:16+00:00,smard:4362:DE:quarterhour,Forecast: residual load (MWh),2026-10-02T21:45:00+00:00,2026-10-02T23:45:00+02:00
2026-10-02T13:17:16+00:00,smard:122:DE:quarterhour,Forecast generation: total (MWh),2026-10-02T21:45:00+00:00,2026-10-02T23:45:00+02:00
2026-10-02T13:17:16+00:00,smard:123:DE:quarterhour,Forecast generation: wind onshore (MWh),2026-10-02T21:45:00+00:00,2026-10-02T23:45:00+02:00
2026-10-02T13:17:16+00:00,smard:3791:DE:quarterhour,Forecast generation: wind offshore (MWh),2026-10-02T21:45:00+00:00,2026-10-02T23:45:00+02:00
2026-10-02T13:17:16+00:00,smard:125:DE:quarterhour,Forecast generation: photovoltaics (MWh),2026-10-02T21:45:00+00:00,2026-10-02T23:45:00+02:00
2026-10-02T13:17:16+00:00,smard:5097:DE:quarterhour,Forecast generation: wind and PV (MWh),2026-10-02T21:45:00+00:00,2026-10-02T23:45:00+02:00
2026-10-02T13:17:16+00:00,smard:715:DE:quarterhour,Forecast generation: other (MWh),2026-10-02T21:45:00+00:00,2026-10-02T23:45:00+02:00
2026-10-02T14:17:17+00:00,smard:4169:DE-LU:quarterhour,Day-ahead price DE-LU (EUR/MWh),2026-10-03T21:45:00+00:00,2026-10-03T23:45:00+02:00
2026-10-02T14:17:17+00:00,smard:411:DE:quarterhour,Forecast: total load (MWh),2026-10-03T21:45:00+00:00,2026-10-03T23:45:00+02:00
2026-10-02T14:17:17+00:00,smard:4362:DE:quarterhour,Forecast: residual load (MWh),2026-10-02T21:45:00+00:00,2026-10-02T23:45:00+02:00
2026-10-02T14:17:17+00:00,smard:122:DE:quarterhour,Forecast generation: total (MWh),2026-10-02T21:45:00+00:00,2026-10-02T23:45:00+02:00
2026-10-02T14:17:17+00:00,smard:123:DE:quarterhour,Forecast generation: wind onshore (MWh),2026-10-02T21:45:00+00:00,2026-10-02T23:45:00+02:00
2026-10-02T14:17:17+00:00,smard:3791:DE:quarterhour,Forecast generation: wind offshore (MWh),2026-10-02T21:45:00+00:00,2026-10-02T23:45:00+02:00
2026-10-02T14:17:17+00:00,smard:125:DE:quarterhour,Forecast generation: photovoltaics (MWh),2026-10-02T21:45:00+00:00,2026-10-02T23:45:00+02:00
2026-10-02T14:17:17+00:00,smard:5097:DE:quarterhour,Forecast generation: wind and PV (MWh),2026-10-02T21:45:00+00:00,2026-10-02T23:45:00+02:00
2026-10-02T14:17:17+00:00,smard:715:DE:quarterhour,Forecast generation: other (MWh),2026-10-02T21:45:00+00:00,2026-10-02T23:45:00+02:00
2026-10-02T15:17:18+00:00,smard:4169:DE-LU:quarterhour,Day-ahead price DE-LU (EUR/MWh),2026-10-03T21:45:00+00:00,2026-10-03T23:45:00+02:00
2026-10-02T15:17:18+00:00,smard:411:DE:quarterhour,Forecast: total load (MWh),2026-10-03T21:45:00+00:00,2026-10-03T23:45:00+02:00
2026-10-02T15:17:18+00:00,smard:4362:DE:quarterhour,Forecast: residual load (MWh),2026-10-02T21:45:00+00:00,2026-10-02T23:45:00+02:00
2026-10-02T15:17:18+00:00,smard:122:DE:quarterhour,Forecast generation: total (MWh),2026-10-02T21:45:00+00:00,2026-10-02T23:45:00+02:00
2026-10-02T15:17:18+00:00,smard:123:DE:quarterhour,Forecast generation: wind onshore (MWh),2026-10-02T21:45:00+00:00,2026-10-02T23:45:00+02:00
2026-10-02T15:17:18+00:00,smard:3791:DE:quarterhour,Forecast generation: wind offshore (MWh),2026-10-02T21:45:00+00:00,2026-10-02T23:45:00+02:00
2026-10-02T15:17:18+00:00,smard:125:DE:quarterhour,Forecast generation: photovoltaics (MWh),2026-10-02T21:45:00+00:00,2026-10-02T23:45:00+02:00
2026-10-02T15:17:18+00:00,smard:5097:DE:quarterhour,Forecast generation: wind and PV (MWh),2026-10-02T21:45:00+00:00,2026-10-02T23:45:00+02:00
2026-10-02T15:17:18+00:00,smard:715:DE:quarterhour,Forecast generation: other (MWh),2026-10-02T21:45:00+00:00,2026-10-02T23:45:00+02:00
2026-10-02T16:17:16+00:00,smard:4169:DE-LU:quarterhour,Day-ahead price DE-LU (EUR/MWh),2026-10-03T21:45:00+00:00,2026-10-03T23:45:00+02:00
2026-10-02T16:17:16+00:00,smard:411:DE:quarterhour,Forecast: total load (MWh),2026-10-03T21:45:00+00:00,2026-10-03T23:45:00+02:00
2026-10-02T16:17:16+00:00,smard:4362:DE:quarterhour,Forecast: residual load (MWh),2026-10-03T21:45:00+00:00,2026-10-03T23:45:00+02:00
2026-10-02T16:17:16+00:00,smard:122:DE:quarterhour,Forecast generation: total (MWh),2026-10-03T21:45:00+00:00,2026-10-03T23:45:00+02:00
2026-10-02T16:17:16+00:00,smard:123:DE:quarterhour,Forecast generation: wind onshore (MWh),2026-10-03T21:45:00+00:00,2026-10-03T23:45:00+02:00
2026-10-02T16:17:16+00:00,smard:3791:DE:quarterhour,Forecast generation: wind offshore (MWh),2026-10-03T21:45:00+00:00,2026-10-03T23:45:00+02:00
2026-10-02T16:17:16+00:00,smard:125:DE:quarterhour,Forecast generation: photovoltaics (MWh),2026-10-03T21:45:00+00:00,2026-10-03T23:45:00+02:00
2026-10-02T16:17:16+00:00,smard:5097:DE:quarterhour,Forecast generation: wind and PV (MWh),2026-10-03T21:45:00+00:00,2026-10-03T23:45:00+02:00
2026-10-02T16:17:16+00:00,smard:715:DE:quarterhour,Forecast generation: other (MWh),2026-10-03T21:45:00+00:00,2026-10-03T23:45:00+02:00
2026-10-02T17:17:17+00:00,smard:4169:DE-LU:quarterhour,Day-ahead price DE-LU (EUR/MWh),2026-10-03T21:45:00+00:00,2026-10-03T23:45:00+02:00
2026-10-02T17:17:17+00:00,smard:411:DE:quarterhour,Forecast: total load (MWh),2026-10-03T21:45:00+00:00,2026-10-03T23:45:00+02:00
2026-10-02T17:17:17+00:00,smard:4362:DE:quarterhour,Forecast: residual load (MWh),2026-10-03T21:45:00+00:00,2026-10-03T23:45:00+02:00
2026-10-02T17:17:17+00:00,smard:122:DE:quarterhour,Forecast generation: total (MWh),2026-10-03T21:45:00+00:00,2026-10-03T23:45:00+02:00
2026-10-02T17:17:17+00:00,smard:123:DE:quarterhour,Forecast generation: wind onshore (MWh),2026-10-03T21:45:00+00:00,2026-10-03T23:45:00+02:00
2026-10-02T17:17:17+00:00,smard:3791:DE:quarterhour,Forecast generation: wind offshore (MWh),2026-10-03T21:45:00+00:00,2026-10-03T23:45:00+02:00
2026-10-02T17:17:17+00:00,smard:125:DE:quarterhour,Forecast generation: photovoltaics (MWh),2026-10-03T21:45:00+00:00,2026-10-03T23:45:00+02:00
2026-10-02T17:17:17+00:00,smard:5097:DE:quarterhour,Forecast generation: wind and PV (MWh),2026-10-03T21:45:00+00:00,2026-10-03T23:45:00+02:00
2026-10-02T17:17:17+00:00,smard:715:DE:quarterhour,Forecast generation: other (MWh),2026-10-03T21:45:00+00:00,2026-10-03T23:45:00+02:00
2026-10-02T18:17:19+00:00,smard:4169:DE-LU:quarterhour,Day-ahead price DE-LU (EUR/MWh),2026-10-03T21:45:00+00:00,2026-10-03T23:45:00+02:00
2026-10-02T18:17:19+00:00,smard:411:DE:quarterhour,Forecast: total load (MWh),2026-10-03T21:45:00+00:00,2026-10-03T23:45:00+02:00
2026-10-02T18:17:19+00:00,smard:4362:DE:quarterhour,Forecast: residual load (MWh),2026-10-03T21:45:00+00:00,2026-10-03T23:45:00+02:00
2026-10-02T18:17:19+00:00,smard:122:DE:quarterhour,Forecast generation: total (MWh),2026-10-03T21:45:00+00:00,2026-10-03T23:45:00+02:00
2026-10-02T18:17:19+00:00,smard:123:DE:quarterhour,Forecast generation: wind onshore (MWh),2026-10-03T21:45:00+00:00,2026-10-03T23:45:00+02:00
2026-10-02T18:17:19+00:00,smard:3791:DE:quarterhour,Forecast generation: wind offshore (MWh),2026-10-03T21:45:00+00:00,2026-10-03T23:45:00+02:00
2026-10-02T18:17:19+00:00,smard:125:DE:quarterhour,Forecast generation: photovoltaics (MWh),2026-10-03T21:45:00+00:00,2026-10-03T23:45:00+02:00
2026-10-02T18:17:19+00:00,smard:5097:DE:quarterhour,Forecast generation: wind and PV (MWh),2026-10-03T21:45:00+00:00,2026-10-03T23:45:00+02:00
2026-10-02T18:17:19+00:00,smard:715:DE:quarterhour,Forecast generation: other (MWh),2026-10-03T21:45:00+00:00,2026-10-03T23:45:00+02:00
2026-10-02T19:17:17+00:00,smard:4169:DE-LU:quarterhour,Day-ahead price DE-LU (EUR/MWh),2026-10-03T21:45:00+00:00,2026-10-03T23:45:00+02:00
2026-10-02T19:17:17+00:00,smard:411:DE:quarterhour,Forecast: total load (MWh),2026-10-03T21:45:00+00:00,2026-10-03T23:45:00+02:00
2026-10-02T19:17:17+00:00,smard:4362:DE:quarterhour,Forecast: residual load (MWh),2026-10-03T21:45:00+00:00,2026-10-03T23:45:00+02:00
2026-10-02T19:17:17+00:00,smard:122:DE:quarterhour,Forecast generation: total (MWh),2026-10-03T21:45:00+00:00,2026-10-03T23:45:00+02:00
2026-10-02T19:17:17+00:00,smard:123:DE:quarterhour,Forecast generation: wind onshore (MWh),2026-10-03T21:45:00+00:00,2026-10-03T23:45:00+02:00
2026-10-02T19:17:17+00:00,smard:3791:DE:quarterhour,Forecast generation: wind offshore (MWh),2026-10-03T21:45:00+00:00,2026-10-03T23:45:00+02:00
2026-10-02T19:17:17+00:00,smard:125:DE:quarterhour,Forecast generation: photovoltaics (MWh),2026-10-03T21:45:00+00:00,2026-10-03T23:45:00+02:00
2026-10-02T19:17:17+00:00,smard:5097:DE:quarterhour,Forecast generation: wind and PV (MWh),2026-10-03T21:45:00+00:00,2026-10-03T23:45:00+02:00
2026-10-02T19:17:17+00:00,smard:715:DE:quarterhour,Forecast generation: other (MWh),2026-10-03T21:45:00+00:00,2026-10-03T23:45:00+02:00
2026-10-02T20:17:15+00:00,smard:4169:DE-LU:quarterhour,Day-ahead price DE-LU (EUR/MWh),2026-10-03T21:45:00+00:00,2026-10-03T23:45:00+02:00
2026-10-02T20:17:15+00:00,smard:411:DE:quarterhour,Forecast: total load (MWh),2026-10-03T21:45:00+00:00,2026-10-03T23:45:00+02:00
2026-10-02T20:17:15+00:00,smard:4362:DE:quarterhour,Forecast: residual load (MWh),2026-10-03T21:45:00+00:00,2026-10-03T23:45:00+02:00
2026-10-02T20:17:15+00:00,smard:122:DE:quarterhour,Forecast generation: total (MWh),2026-10-03T21:45:00+00:00,2026-10-03T23:45:00+02:00
2026-10-02T20:17:15+00:00,smard:123:DE:quarterhour,Forecast generation: wind onshore (MWh),2026-10-03T21:45:00+00:00,2026-10-03T23:45:00+02:00
2026-10-02T20:17:15+00:00,smard:3791:DE:quarterhour,Forecast generation: wind offshore (MWh),2026-10-03T21:45:00+00:00,2026-10-03T23:45:00+02:00
2026-10-02T20:17:15+00:00,smard:125:DE:quarterhour,Forecast generation: photovoltaics (MWh),2026-10-03T21:45:00+00:00,2026-10-03T23:45:00+02:00
2026-10-02T20:17:15+00:00,smard:5097:DE:quarterhour,Forecast generation: wind and PV (MWh),2026-10-03T21:45:00+00:00,2026-10-03T23:45:00+02:00
2026-10-02T20:17:15+00:00,smard:715:DE:quarterhour,Forecast generation: other (MWh),2026-10-03T21:45:00+00:00,2026-10-03T23:45:00+02:00
2026-10-02T20:17:45+00:00,smard:4169:DE-LU:quarterhour,Day-ahead price DE-LU (EUR/MWh),2026-10-03T21:45:00+00:00,2026-10-03T23:45:00+02:00
2026-10-02T20:17:45+00:00,smard:411:DE:quarterhour,Forecast: total load (MWh),2026-10-03T21:45:00+00:00,2026-10-03T23:45:00+02:00
2026-10-02T20:17:45+00:00,smard:4362:DE:quarterhour,Forecast: residual load (MWh),2026-10-03T21:45:00+00:00,2026-10-03T23:45:00+02:00
2026-10-02T20:17:45+00:00,smard:122:DE:quarterhour,Forecast generation: total (MWh),2026-10-03T21:45:00+00:00,2026-10-03T23:45:00+02:00
2026-10-02T20:17:45+00:00,smard:123:DE:quarterhour,Forecast generation: wind onshore (MWh),2026-10-03T21:45:00+00:00,2026-10-03T23:45:00+02:00
2026-10-02T20:17:45+00:00,smard:3791:DE:quarterhour,Forecast generation: wind offshore (MWh),2026-10-03T21:45:00+00:00,2026-10-03T23:45:00+02:00
2026-10-02T20:17:45+00:00,smard:125:DE:quarterhour,Forecast generation: photovoltaics (MWh),2026-10-03T21:45:00+00:00,2026-10-03T23:45:00+02:00
2026-10-02T20:17:45+00:00,smard:5097:DE:quarterhour,Forecast generation: wind and PV (MWh),2026-10-03T21:45:00+00:00,2026-10-03T23:45:00+02:00
2026-10-02T20:17:45+00:00,smard:715:DE:quarterhour,Forecast generation: other (MWh),2026-10-03T21:45:00+00:00,2026-10-03T23:45:00+02:00
2026-10-02T21:17:17+00:00,smard:4169:DE-LU:quarterhour,Day-ahead price DE-LU (EUR/MWh),2026-10-03T21:45:00+00:00,2026-10-03T23:45:00+02:00
2026-10-02T21:17:17+00:00,smard:411:DE:quarterhour,Forecast: total load (MWh),2026-10-03T21:45:00+00:00,2026-10-03T23:45:00+02:00
2026-10-02T21:17:17+00:00,smard:4362:DE:quarterhour,Forecast: residual load (MWh),2026-10-03T21:45:00+00:00,2026-10-03T23:45:00+02:00
2026-10-02T21:17:17+00:00,smard:122:DE:quarterhour,Forecast generation: total (MWh),2026-10-03T21:45:00+00:00,2026-10-03T23:45:00+02:00
2026-10-02T21:17:17+00:00,smard:123:DE:quarterhour,Forecast generation: wind onshore (MWh),2026-10-03T21:45:00+00:00,2026-10-03T23:45:00+02:00
2026-10-02T21:17:17+00:00,smard:3791:DE:quarterhour,Forecast generation: wind offshore (MWh),2026-10-03T21:45:00+00:00,2026-10-03T23:45:00+02:00
2026-10-02T21:17:17+00:00,smard:125:DE:quarterhour,Forecast generation: photovoltaics (MWh),2026-10-03T21:45:00+00:00,2026-10-03T23:45:00+02:00
2026-10-02T21:17:17+00:00,smard:5097:DE:quarterhour,Forecast generation: wind and PV (MWh),2026-10-03T21:45:00+00:00,2026-10-03T23:45:00+02:00
2026-10-02T21:17:17+00:00,smard:715:DE:quarterhour,Forecast generation: other (MWh),2026-10-03T21:45:00+00:00,2026-10-03T23:45:00+02:00
2026-10-02T22:15:44+00:00,smard:4169:DE-LU:quarterhour,Day-ahead price DE-LU (EUR/MWh),2026-10-03T21:45:00+00:00,2026-10-03T23:45:00+02:00
2026-10-02T22:15:44+00:00,smard:411:DE:quarterhour,Forecast: total load (MWh),2026-10-03T21:45:00+00:00,2026-10-03T23:45:00+02:00
2026-10-02T22:15:44+00:00,smard:4362:DE:quarterhour,Forecast: residual load (MWh),2026-10-03T21:45:00+00:00,2026-10-03T23:45:00+02:00
2026-10-02T22:15:44+00:00,smard:122:DE:quarterhour,Forecast generation: total (MWh),2026-10-03T21:45:00+00:00,2026-10-03T23:45:00+02:00
2026-10-02T22:15:44+00:00,smard:123:DE:quarterhour,Forecast generation: wind onshore (MWh),2026-10-03T21:45:00+00:00,2026-10-03T23:45:00+02:00
2026-10-02T22:15:44+00:00,smard:3791:DE:quarterhour,Forecast generation: wind offshore (MWh),2026-10-03T21:45:00+00:00,2026-10-03T23:45:00+02:00
2026-10-02T22:15:44+00:00,smard:125:DE:quarterhour,Forecast generation: photovoltaics (MWh),2026-10-03T21:45:00+00:00,2026-10-03T23:45:00+02:00
2026-10-02T22:15:44+00:00,smard:5097:DE:quarterhour,Forecast generation: wind and PV (MWh),2026-10-03T21:45:00+00:00,2026-10-03T23:45:00+02:00
2026-10-02T22:15:44+00:00,smard:715:DE:quarterhour,Forecast generation: other (MWh),2026-10-03T21:45:00+00:00,2026-10-03T23:45:00+02:00
2026-10-02T22:17:15+00:00,smard:4169:DE-LU:quarterhour,Day-ahead price DE-LU (EUR/MWh),2026-10-03T21:45:00+00:00,2026-10-03T23:45:00+02:00
2026-10-02T22:17:15+00:00,smard:411:DE:quarterhour,Forecast: total load (MWh),2026-10-03T21:45:00+00:00,2026-10-03T23:45:00+02:00
2026-10-02T22:17:15+00:00,smard:4362:DE:quarterhour,Forecast: residual load (MWh),2026-10-03T21:45:00+00:00,2026-10-03T23:45:00+02:00
2026-10-02T22:17:15+00:00,smard:122:DE:quarterhour,Forecast generation: total (MWh),2026-10-03T21:45:00+00:00,2026-10-03T23:45:00+02:00
2026-10-02T22:17:15+00:00,smard:123:DE:quarterhour,Forecast generation: wind onshore (MWh),2026-10-03T21:45:00+00:00,2026-10-03T23:45:00+02:00
2026-10-02T22:17:15+00:00,smard:3791:DE:quarterhour,Forecast generation: wind offshore (MWh),2026-10-03T21:45:00+00:00,2026-10-03T23:45:00+02:00
2026-10-02T22:17:15+00:00,smard:125:DE:quarterhour,Forecast generation: photovoltaics (MWh),2026-10-03T21:45:00+00:00,2026-10-03T23:45:00+02:00
2026-10-02T22:17:15+00:00,smard:5097:DE:quarterhour,Forecast generation: wind and PV (MWh),2026-10-03T21:45:00+00:00,2026-10-03T23:45:00+02:00
2026-10-02T22:17:15+00:00,smard:715:DE:quarterhour,Forecast generation: other (MWh),2026-10-03T21:45:00+00:00,2026-10-03T23:45:00+02:00
2026-10-02T23:17:14+00:00,smard:4169:DE-LU:quarterhour,Day-ahead price DE-LU (EUR/MWh),2026-10-03T21:45:00+00:00,2026-10-03T23:45:00+02:00
2026-10-02T23:17:14+00:00,smard:411:DE:quarterhour,Forecast: total load (MWh),2026-10-03T21:45:00+00:00,2026-10-03T23:45:00+02:00
2026-10-02T23:17:14+00:00,smard:4362:DE:quarterhour,Forecast: residual load (MWh),2026-10-03T21:45:00+00:00,2026-10-03T23:45:00+02:00
2026-10-02T23:17:14+00:00,smard:122:DE:quarterhour,Forecast generation: total (MWh),2026-10-03T21:45:00+00:00,2026-10-03T23:45:00+02:00
2026-10-02T23:17:14+00:00,smard:123:DE:quarterhour,Forecast generation: wind onshore (MWh),2026-10-03T21:45:00+00:00,2026-10-03T23:45:00+02:00
2026-10-02T23:17:14+00:00,smard:3791:DE:quarterhour,Forecast generation: wind offshore (MWh),2026-10-03T21:45:00+00:00,2026-10-03T23:45:00+02:00
2026-10-02T23:17:14+00:00,smard:125:DE:quarterhour,Forecast generation: photovoltaics (MWh),2026-10-03T21:45:00+00:00,2026-10-03T23:45:00+02:00
2026-10-02T23:17:14+00:00,smard:5097:DE:quarterhour,Forecast generation: wind and PV (MWh),2026-10-03T21:45:00+00:00,2026-10-03T23:45:00+02:00
2026-10-02T23:17:14+00:00,smard:715:DE:quarterhour,Forecast generation: other (MWh),2026-10-03T21:45:00+00:00,2026-10-03T23:45:00+02:00
2026-10-03T00:17:17+00:00,smard:4169:DE-LU:quarterhour,Day-ahead price DE-LU (EUR/MWh),2026-10-03T21:45:00+00:00,2026-10-03T23:45:00+02:00
2026-10-03T00:17:17+00:00,smard:411:DE:quarterhour,Forecast: total load (MWh),2026-10-03T21:45:00+00:00,2026-10-03T23:45:00+02:00
2026-10-03T00:17:17+00:00,smard:4362:DE:quarterhour,Forecast: residual load (MWh),2026-10-03T21:45:00+00:00,2026-10-03T23:45:00+02:00
2026-10-03T00:17:17+00:00,smard:122:DE:quarterhour,Forecast generation: total (MWh),2026-10-03T21:45:00+00:00,2026-10-03T23:45:00+02:00
2026-10-03T00:17:17+00:00,smard:123:DE:quarterhour,Forecast generation: wind onshore (MWh),2026-10-03T21:45:00+00:00,2026-10-03T23:45:00+02:00
2026-10-03T00:17:17+00:00,smard:3791:DE:quarterhour,Forecast generation: wind offshore (MWh),2026-10-03T21:45:00+00:00,2026-10-03T23:45:00+02:00
2026-10-03T00:17:17+00:00,smard:125:DE:quarterhour,Forecast generation: photovoltaics (MWh),2026-10-03T21:45:00+00:00,2026-10-03T23:45:00+02:00
2026-10-03T00:17:17+00:00,smard:5097:DE:quarterhour,Forecast generation: wind and PV (MWh),2026-10-03T21:45:00+00:00,2026-10-03T23:45:00+02:00
2026-10-03T00:17:17+00:00,smard:715:DE:quarterhour,Forecast generation: other (MWh),2026-10-03T21:45:00+00:00,2026-10-03T23:45:00+02:00
2026-10-03T01:17:16+00:00,smard:4169:DE-LU:quarterhour,Day-ahead price DE-LU (EUR/MWh),2026-10-03T21:45:00+00:00,2026-10-03T23:45:00+02:00
2026-10-03T01:17:16+00:00,smard:411:DE:quarterhour,Forecast: total load (MWh),2026-10-03T21:45:00+00:00,2026-10-03T23:45:00+02:00
2026-10-03T01:17:16+00:00,smard:4362:DE:quarterhour,Forecast: residual load (MWh),2026-10-03T21:45:00+00:00,2026-10-03T23:45:00+02:00
2026-10-03T01:17:16+00:00,smard:122:DE:quarterhour,Forecast generation: total (MWh),2026-10-03T21:45:00+00:00,2026-10-03T23:45:00+02:00
2026-10-03T01:17:16+00:00,smard:123:DE:quarterhour,Forecast generation: wind onshore (MWh),2026-10-03T21:45:00+00:00,2026-10-03T23:45:00+02:00
2026-10-03T01:17:16+00:00,smard:3791:DE:quarterhour,Forecast generation: wind offshore (MWh),2026-10-03T21:45:00+00:00,2026-10-03T23:45:00+02:00
2026-10-03T01:17:16+00:00,smard:125:DE:quarterhour,Forecast generation: photovoltaics (MWh),2026-10-03T21:45:00+00:00,2026-10-03T23:45:00+02:00
2026-10-03T01:17:16+00:00,smard:5097:DE:quarterhour,Forecast generation: wind and PV (MWh),2026-10-03T21:45:00+00:00,2026-10-03T23:45:00+02:00
2026-10-03T01:17:16+00:00,smard:715:DE:quarterhour,Forecast generation: other (MWh),2026-10-03T21:45:00+00:00,2026-10-03T23:45:00+02:00
2026-10-03T01:17:47+00:00,smard:4169:DE-LU:quarterhour,Day-ahead price DE-LU (EUR/MWh),2026-10-03T21:45:00+00:00,2026-10-03T23:45:00+02:00
2026-10-03T01:17:47+00:00,smard:411:DE:quarterhour,Forecast: total load (MWh),2026-10-03T21:45:00+00:00,2026-10-03T23:45:00+02:00
2026-10-03T01:17:47+00:00,smard:4362:DE:quarterhour,Forecast: residual load (MWh),2026-10-03T21:45:00+00:00,2026-10-03T23:45:00+02:00
2026-10-03T01:17:47+00:00,smard:122:DE:quarterhour,Forecast generation: total (MWh),2026-10-03T21:45:00+00:00,2026-10-03T23:45:00+02:00
2026-10-03T01:17:47+00:00,smard:123:DE:quarterhour,Forecast generation: wind onshore (MWh),2026-10-03T21:45:00+00:00,2026-10-03T23:45:00+02:00
2026-10-03T01:17:47+00:00,smard:3791:DE:quarterhour,Forecast generation: wind offshore (MWh),2026-10-03T21:45:00+00:00,2026-10-03T23:45:00+02:00
2026-10-03T01:17:47+00:00,smard:125:DE:quarterhour,Forecast generation: photovoltaics (MWh),2026-10-03T21:45:00+00:00,2026-10-03T23:45:00+02:00
2026-10-03T01:17:47+00:00,smard:5097:DE:quarterhour,Forecast generation: wind and PV (MWh),2026-10-03T21:45:00+00:00,2026-10-03T23:45:00+02:00
2026-10-03T01:17:47+00:00,smard:715:DE:quarterhour,Forecast generation: other (MWh),2026-10-03T21:45:00+00:00,2026-10-03T23:45:00+02:00
2026-10-03T02:17:13+00:00,smard:4169:DE-LU:quarterhour,Day-ahead price DE-LU (EUR/MWh),2026-10-03T21:45:00+00:00,2026-10-03T23:45:00+02:00
2026-10-03T02:17:13+00:00,smard:411:DE:quarterhour,Forecast: total load (MWh),2026-10-03T21:45:00+00:00,2026-10-03T23:45:00+02:00
2026-10-03T02:17:13+00:00,smard:4362:DE:quarterhour,Forecast: residual load (MWh),2026-10-03T21:45:00+00:00,2026-10-03T23:45:00+02:00
2026-10-03T02:17:13+00:00,smard:122:DE:quarterhour,Forecast generation: total (MWh),2026-10-03T21:45:00+00:00,2026-10-03T23:45:00+02:00
2026-10-03T02:17:13+00:00,smard:123:DE:quarterhour,Forecast generation: wind onshore (MWh),2026-10-03T21:45:00+00:00,2026-10-03T23:45:00+02:00
2026-10-03T02:17:13+00:00,smard:3791:DE:quarterhour,Forecast generation: wind offshore (MWh),2026-10-03T21:45:00+00:00,2026-10-03T23:45:00+02:00
2026-10-03T02:17:13+00:00,smard:125:DE:quarterhour,Forecast generation: photovoltaics (MWh),2026-10-03T21:45:00+00:00,2026-10-03T23:45:00+02:00
2026-10-03T02:17:13+00:00,smard:5097:DE:quarterhour,Forecast generation: wind and PV (MWh),2026-10-03T21:45:00+00:00,2026-10-03T23:45:00+02:00
2026-10-03T02:17:13+00:00,smard:715:DE:quarterhour,Forecast generation: other (MWh),2026-10-03T21:45:00+00:00,2026-10-03T23:45:00+02:00
2026-10-03T03:17:14+00:00,smard:4169:DE-LU:quarterhour,Day-ahead price DE-LU (EUR/MWh),2026-10-03T21:45:00+00:00,2026-10-03T23:45:00+02:00
2026-10-03T03:17:14+00:00,smard:411:DE:quarterhour,Forecast: total load (MWh),2026-10-03T21:45:00+00:00,2026-10-03T23:45:00+02:00
2026-10-03T03:17:14+00:00,smard:4362:DE:quarterhour,Forecast: residual load (MWh),2026-10-03T21:45:00+00:00,2026-10-03T23:45:00+02:00
2026-10-03T03:17:14+00:00,smard:122:DE:quarterhour,Forecast generation: total (MWh),2026-10-03T21:45:00+00:00,2026-10-03T23:45:00+02:00
2026-10-03T03:17:14+00:00,smard:123:DE:quarterhour,Forecast generation: wind onshore (MWh),2026-10-03T21:45:00+00:00,2026-10-03T23:45:00+02:00
2026-10-03T03:17:14+00:00,smard:3791:DE:quarterhour,Forecast generation: wind offshore (MWh),2026-10-03T21:45:00+00:00,2026-10-03T23:45:00+02:00
2026-10-03T03:17:14+00:00,smard:125:DE:quarterhour,Forecast generation: photovoltaics (MWh),2026-10-03T21:45:00+00:00,2026-10-03T23:45:00+02:00
2026-10-03T03:17:14+00:00,smard:5097:DE:quarterhour,Forecast generation: wind and PV (MWh),2026-10-03T21:45:00+00:00,2026-10-03T23:45:00+02:00
2026-10-03T03:17:14+00:00,smard:715:DE:quarterhour,Forecast generation: other (MWh),2026-10-03T21:45:00+00:00,2026-10-03T23:45:00+02:00
2026-10-03T04:17:17+00:00,smard:4169:DE-LU:quarterhour,Day-ahead price DE-LU (EUR/MWh),2026-10-03T21:45:00+00:00,2026-10-03T23:45:00+02:00
2026-10-03T04:17:17+00:00,smard:411:DE:quarterhour,Forecast: total load (MWh),2026-10-03T21:45:00+00:00,2026-10-03T23:45:00+02:00
2026-10-03T04:17:17+00:00,smard:4362:DE:quarterhour,Forecast: residual load (MWh),2026-10-03T21:45:00+00:00,2026-10-03T23:45:00+02:00
2026-10-03T04:17:17+00:00,smard:122:DE:quarterhour,Forecast generation: total (MWh),2026-10-03T21:45:00+00:00,2026-10-03T23:45:00+02:00
2026-10-03T04:17:17+00:00,smard:123:DE:quarterhour,Forecast generation: wind onshore (MWh),2026-10-03T21:45:00+00:00,2026-10-03T23:45:00+02:00
2026-10-03T04:17:17+00:00,smard:3791:DE:quarterhour,Forecast generation: wind offshore (MWh),2026-10-03T21:45:00+00:00,2026-10-03T23:45:00+02:00
2026-10-03T04:17:17+00:00,smard:125:DE:quarterhour,Forecast generation: photovoltaics (MWh),2026-10-03T21:45:00+00:00,2026-10-03T23:45:00+02:00
2026-10-03T04:17:17+00:00,smard:5097:DE:quarterhour,Forecast generation: wind and PV (MWh),2026-10-03T21:45:00+00:00,2026-10-03T23:45:00+02:00
2026-10-03T04:17:17+00:00,smard:715:DE:quarterhour,Forecast generation: other (MWh),2026-10-03T21:45:00+00:00,2026-10-03T23:45:00+02:00
2026-10-03T05:17:15+00:00,smard:4169:DE-LU:quarterhour,Day-ahead price DE-LU (EUR/MWh),2026-10-03T21:45:00+00:00,2026-10-03T23:45:00+02:00
2026-10-03T05:17:15+00:00,smard:411:DE:quarterhour,Forecast: total load (MWh),2026-10-03T21:45:00+00:00,2026-10-03T23:45:00+02:00
2026-10-03T05:17:15+00:00,smard:4362:DE:quarterhour,Forecast: residual load (MWh),2026-10-03T21:45:00+00:00,2026-10-03T23:45:00+02:00
2026-10-03T05:17:15+00:00,smard:122:DE:quarterhour,Forecast generation: total (MWh),2026-10-03T21:45:00+00:00,2026-10-03T23:45:00+02:00
2026-10-03T05:17:15+00:00,smard:123:DE:quarterhour,Forecast generation: wind onshore (MWh),2026-10-03T21:45:00+00:00,2026-10-03T23:45:00+02:00
2026-10-03T05:17:15+00:00,smard:3791:DE:quarterhour,Forecast generation: wind offshore (MWh),2026-10-03T21:45:00+00:00,2026-10-03T23:45:00+02:00
2026-10-03T05:17:15+00:00,smard:125:DE:quarterhour,Forecast generation: photovoltaics (MWh),2026-10-03T21:45:00+00:00,2026-10-03T23:45:00+02:00
2026-10-03T05:17:15+00:00,smard:5097:DE:quarterhour,Forecast generation: wind and PV (MWh),2026-10-03T21:45:00+00:00,2026-10-03T23:45:00+02:00
2026-10-03T05:17:15+00:00,smard:715:DE:quarterhour,Forecast generation: other (MWh),2026-10-03T21:45:00+00:00,2026-10-03T23:45:00+02:00
2026-10-03T05:20:27+00:00,smard:4169:DE-LU:quarterhour,Day-ahead price DE-LU (EUR/MWh),2026-10-03T21:45:00+00:00,2026-10-03T23:45:00+02:00
2026-10-03T05:20:27+00:00,smard:411:DE:quarterhour,Forecast: total load (MWh),2026-10-03T21:45:00+00:00,2026-10-03T23:45:00+02:00
2026-10-03T05:20:27+00:00,smard:4362:DE:quarterhour,Forecast: residual load (MWh),2026-10-03T21:45:00+00:00,2026-10-03T23:45:00+02:00
2026-10-03T05:20:27+00:00,smard:122:DE:quarterhour,Forecast generation: total (MWh),2026-10-03T21:45:00+00:00,2026-10-03T23:45:00+02:00
2026-10-03T05:20:27+00:00,smard:123:DE:quarterhour,Forecast generation: wind onshore (MWh),2026-10-03T21:45:00+00:00,2026-10-03T23:45:00+02:00
2026-10-03T05:20:27+00:00,smard:3791:DE:quarterhour,Forecast generation: wind offshore (MWh),2026-10-03T21:45:00+00:00,2026-10-03T23:45:00+02:00
2026-10-03T05:20:27+00:00,smard:125:DE:quarterhour,Forecast generation: photovoltaics (MWh),2026-10-03T21:45:00+00:00,2026-10-03T23:45:00+02:00
2026-10-03T05:20:27+00:00,smard:5097:DE:quarterhour,Forecast generation: wind and PV (MWh),2026-10-03T21:45:00+00:00,2026-10-03T23:45:00+02:00
2026-10-03T05:20:27+00:00,smard:715:DE:quarterhour,Forecast generation: other (MWh),2026-10-03T21:45:00+00:00,2026-10-03T23:45:00+02:00
2026-10-03T06:17:15+00:00,smard:4169:DE-LU:quarterhour,Day-ahead price DE-LU (EUR/MWh),2026-10-03T21:45:00+00:00,2026-10-03T23:45:00+02:00
2026-10-03T06:17:15+00:00,smard:411:DE:quarterhour,Forecast: total load (MWh),2026-10-03T21:45:00+00:00,2026-10-03T23:45:00+02:00
2026-10-03T06:17:15+00:00,smard:4362:DE:quarterhour,Forecast: residual load (MWh),2026-10-03T21:45:00+00:00,2026-10-03T23:45:00+02:00
2026-10-03T06:17:15+00:00,smard:122:DE:quarterhour,Forecast generation: total (MWh),2026-10-03T21:45:00+00:00,2026-10-03T23:45:00+02:00
2026-10-03T06:17:15+00:00,smard:123:DE:quarterhour,Forecast generation: wind onshore (MWh),2026-10-03T21:45:00+00:00,2026-10-03T23:45:00+02:00
2026-10-03T06:17:15+00:00,smard:3791:DE:quarterhour,Forecast generation: wind offshore (MWh),2026-10-03T21:45:00+00:00,2026-10-03T23:45:00+02:00
2026-10-03T06:17:15+00:00,smard:125:DE:quarterhour,Forecast generation: photovoltaics (MWh),2026-10-03T21:45:00+00:00,2026-10-03T23:45:00+02:00
2026-10-03T06:17:15+00:00,smard:5097:DE:quarterhour,Forecast generation: wind and PV (MWh),2026-10-03T21:45:00+00:00,2026-10-03T23:45:00+02:00
2026-10-03T06:17:15+00:00,smard:715:DE:quarterhour,Forecast generation: other (MWh),2026-10-03T21:45:00+00:00,2026-10-03T23:45:00+02:00
2026-10-03T06:17:40+00:00,smard:4169:DE-LU:quarterhour,Day-ahead price DE-LU (EUR/MWh),2026-10-03T21:45:00+00:00,2026-10-03T23:45:00+02:00
2026-10-03T06:17:40+00:00,smard:411:DE:quarterhour,Forecast: total load (MWh),2026-10-03T21:45:00+00:00,2026-10-03T23:45:00+02:00
2026-10-03T06:17:40+00:00,smard:4362:DE:quarterhour,Forecast: residual load (MWh),2026-10-03T21:45:00+00:00,2026-10-03T23:45:00+02:00
2026-10-03T06:17:40+00:00,smard:122:DE:quarterhour,Forecast generation: total (MWh),2026-10-03T21:45:00+00:00,2026-10-03T23:45:00+02:00
2026-10-03T06:17:40+00:00,smard:123:DE:quarterhour,Forecast generation: wind onshore (MWh),2026-10-03T21:45:00+00:00,2026-10-03T23:45:00+02:00
2026-10-03T06:17:40+00:00,smard:3791:DE:quarterhour,Forecast generation: wind offshore (MWh),2026-10-03T21:45:00+00:00,2026-10-03T23:45:00+02:00
2026-10-03T06:17:40+00:00,smard:125:DE:quarterhour,Forecast generation: photovoltaics (MWh),2026-10-03T21:45:00+00:00,2026-10-03T23:45:00+02:00
2026-10-03T06:17:40+00:00,smard:5097:DE:quarterhour,Forecast generation: wind and PV (MWh),2026-10-03T21:45:00+00:00,2026-10-03T23:45:00+02:00
2026-10-03T06:17:40+00:00,smard:715:DE:quarterhour,Forecast generation: other (MWh),2026-10-03T21:45:00+00:00,2026-10-03T23:45:00+02:00
2026-10-03T07:17:17+00:00,smard:4169:DE-LU:quarterhour,Day-ahead price DE-LU (EUR/MWh),2026-10-03T21:45:00+00:00,2026-10-03T23:45:00+02:00
2026-10-03T07:17:17+00:00,smard:411:DE:quarterhour,Forecast: total load (MWh),2026-10-03T21:45:00+00:00,2026-10-03T23:45:00+02:00
2026-10-03T07:17:17+00:00,smard:4362:DE:quarterhour,Forecast: residual load (MWh),2026-10-03T21:45:00+00:00,2026-10-03T23:45:00+02:00
2026-10-03T07:17:17+00:00,smard:122:DE:quarterhour,Forecast generation: total (MWh),2026-10-03T21:45:00+00:00,2026-10-03T23:45:00+02:00
2026-10-03T07:17:17+00:00,smard:123:DE:quarterhour,Forecast generation: wind onshore (MWh),2026-10-03T21:45:00+00:00,2026-10-03T23:45:00+02:00
2026-10-03T07:17:17+00:00,smard:3791:DE:quarterhour,Forecast generation: wind offshore (MWh),2026-10-03T21:45:00+00:00,2026-10-03T23:45:00+02:00
2026-10-03T07:17:17+00:00,smard:125:DE:quarterhour,Forecast generation: photovoltaics (MWh),2026-10-03T21:45:00+00:00,2026-10-03T23:45:00+02:00
2026-10-03T07:17:17+00:00,smard:5097:DE:quarterhour,Forecast generation: wind and PV (MWh),2026-10-03T21:45:00+00:00,2026-10-03T23:45:00+02:00
2026-10-03T07:17:17+00:00,smard:715:DE:quarterhour,Forecast generation: other (MWh),2026-10-03T21:45:00+00:00,2026-10-03T23:45:00+02:00
2026-10-03T08:17:17+00:00,smard:4169:DE-LU:quarterhour,Day-ahead price DE-LU (EUR/MWh),2026-10-03T21:45:00+00:00,2026-10-03T23:45:00+02:00
2026-10-03T08:17:17+00:00,smard:411:DE:quarterhour,Forecast: total load (MWh),2026-10-04T21:45:00+00:00,2026-10-04T23:45:00+02:00
2026-10-03T08:17:17+00:00,smard:4362:DE:quarterhour,Forecast: residual load (MWh),2026-10-03T21:45:00+00:00,2026-10-03T23:45:00+02:00
2026-10-03T08:17:17+00:00,smard:122:DE:quarterhour,Forecast generation: total (MWh),2026-10-03T21:45:00+00:00,2026-10-03T23:45:00+02:00
2026-10-03T08:17:17+00:00,smard:123:DE:quarterhour,Forecast generation: wind onshore (MWh),2026-10-03T21:45:00+00:00,2026-10-03T23:45:00+02:00
2026-10-03T08:17:17+00:00,smard:3791:DE:quarterhour,Forecast generation: wind offshore (MWh),2026-10-03T21:45:00+00:00,2026-10-03T23:45:00+02:00
2026-10-03T08:17:17+00:00,smard:125:DE:quarterhour,Forecast generation: photovoltaics (MWh),2026-10-03T21:45:00+00:00,2026-10-03T23:45:00+02:00
2026-10-03T08:17:17+00:00,smard:5097:DE:quarterhour,Forecast generation: wind and PV (MWh),2026-10-03T21:45:00+00:00,2026-10-03T23:45:00+02:00
2026-10-03T08:17:17+00:00,smard:715:DE:quarterhour,Forecast generation: other (MWh),2026-10-03T21:45:00+00:00,2026-10-03T23:45:00+02:00
2026-10-03T09:17:13+00:00,smard:4169:DE-LU:quarterhour,Day-ahead price DE-LU (EUR/MWh),2026-10-03T21:45:00+00:00,2026-10-03T23:45:00+02:00
2026-10-03T09:17:13+00:00,smard:411:DE:quarterhour,Forecast: total load (MWh),2026-10-04T21:45:00+00:00,2026-10-04T23:45:00+02:00
2026-10-03T09:17:13+00:00,smard:4362:DE:quarterhour,Forecast: residual load (MWh),2026-10-03T21:45:00+00:00,2026-10-03T23:45:00+02:00
2026-10-03T09:17:13+00:00,smard:122:DE:quarterhour,Forecast generation: total (MWh),2026-10-03T21:45:00+00:00,2026-10-03T23:45:00+02:00
2026-10-03T09:17:13+00:00,smard:123:DE:quarterhour,Forecast generation: wind onshore (MWh),2026-10-03T21:45:00+00:00,2026-10-03T23:45:00+02:00
2026-10-03T09:17:13+00:00,smard:3791:DE:quarterhour,Forecast generation: wind offshore (MWh),2026-10-03T21:45:00+00:00,2026-10-03T23:45:00+02:00
2026-10-03T09:17:13+00:00,smard:125:DE:quarterhour,Forecast generation: photovoltaics (MWh),2026-10-03T21:45:00+00:00,2026-10-03T23:45:00+02:00
2026-10-03T09:17:13+00:00,smard:5097:DE:quarterhour,Forecast generation: wind and PV (MWh),2026-10-03T21:45:00+00:00,2026-10-03T23:45:00+02:00
2026-10-03T09:17:13+00:00,smard:715:DE:quarterhour,Forecast generation: other (MWh),2026-10-03T21:45:00+00:00,2026-10-03T23:45:00+02:00
2026-10-03T10:17:18+00:00,smard:4169:DE-LU:quarterhour,Day-ahead price DE-LU (EUR/MWh),2026-10-03T21:45:00+00:00,2026-10-03T23:45:00+02:00
2026-10-03T10:17:18+00:00,smard:411:DE:quarterhour,Forecast: total load (MWh),2026-10-04T21:45:00+00:00,2026-10-04T23:45:00+02:00
2026-10-03T10:17:18+00:00,smard:4362:DE:quarterhour,Forecast: residual load (MWh),2026-10-03T21:45:00+00:00,2026-10-03T23:45:00+02:00
2026-10-03T10:17:18+00:00,smard:122:DE:quarterhour,Forecast generation: total (MWh),2026-10-03T21:45:00+00:00,2026-10-03T23:45:00+02:00
2026-10-03T10:17:18+00:00,smard:123:DE:quarterhour,Forecast generation: wind onshore (MWh),2026-10-03T21:45:00+00:00,2026-10-03T23:45:00+02:00
2026-10-03T10:17:18+00:00,smard:3791:DE:quarterhour,Forecast generation: wind offshore (MWh),2026-10-03T21:45:00+00:00,2026-10-03T23:45:00+02:00
2026-10-03T10:17:18+00:00,smard:125:DE:quarterhour,Forecast generation: photovoltaics (MWh),2026-10-03T21:45:00+00:00,2026-10-03T23:45:00+02:00
2026-10-03T10:17:18+00:00,smard:5097:DE:quarterhour,Forecast generation: wind and PV (MWh),2026-10-03T21:45:00+00:00,2026-10-03T23:45:00+02:00
2026-10-03T10:17:18+00:00,smard:715:DE:quarterhour,Forecast generation: other (MWh),2026-10-03T21:45:00+00:00,2026-10-03T23:45:00+02:00
2026-10-03T11:17:15+00:00,smard:4169:DE-LU:quarterhour,Day-ahead price DE-LU (EUR/MWh),2026-10-03T21:45:00+00:00,2026-10-03T23:45:00+02:00
2026-10-03T11:17:15+00:00,smard:411:DE:quarterhour,Forecast: total load (MWh),2026-10-04T21:45:00+00:00,2026-10-04T23:45:00+02:00
2026-10-03T11:17:15+00:00,smard:4362:DE:quarterhour,Forecast: residual load (MWh),2026-10-03T21:45:00+00:00,2026-10-03T23:45:00+02:00
2026-10-03T11:17:15+00:00,smard:122:DE:quarterhour,Forecast generation: total (MWh),2026-10-03T21:45:00+00:00,2026-10-03T23:45:00+02:00
2026-10-03T11:17:15+00:00,smard:123:DE:quarterhour,Forecast generation: wind onshore (MWh),2026-10-03T21:45:00+00:00,2026-10-03T23:45:00+02:00
2026-10-03T11:17:15+00:00,smard:3791:DE:quarterhour,Forecast generation: wind offshore (MWh),2026-10-03T21:45:00+00:00,2026-10-03T23:45:00+02:00
2026-10-03T11:17:15+00:00,smard:125:DE:quarterhour,Forecast generation: photovoltaics (MWh),2026-10-03T21:45:00+00:00,2026-10-03T23:45:00+02:00
2026-10-03T11:17:15+00:00,smard:5097:DE:quarterhour,Forecast generation: wind and PV (MWh),2026-10-03T21:45:00+00:00,2026-10-03T23:45:00+02:00
2026-10-03T11:17:15+00:00,smard:715:DE:quarterhour,Forecast generation: other (MWh),2026-10-03T21:45:00+00:00,2026-10-03T23:45:00+02:00
2026-10-03T11:17:47+00:00,smard:4169:DE-LU:quarterhour,Day-ahead price DE-LU (EUR/MWh),2026-10-03T21:45:00+00:00,2026-10-03T23:45:00+02:00
2026-10-03T11:17:47+00:00,smard:411:DE:quarterhour,Forecast: total load (MWh),2026-10-04T21:45:00+00:00,2026-10-04T23:45:00+02:00
2026-10-03T11:17:47+00:00,smard:4362:DE:quarterhour,Forecast: residual load (MWh),2026-10-03T21:45:00+00:00,2026-10-03T23:45:00+02:00
2026-10-03T11:17:47+00:00,smard:122:DE:quarterhour,Forecast generation: total (MWh),2026-10-03T21:45:00+00:00,2026-10-03T23:45:00+02:00
2026-10-03T11:17:47+00:00,smard:123:DE:quarterhour,Forecast generation: wind onshore (MWh),2026-10-03T21:45:00+00:00,2026-10-03T23:45:00+02:00
2026-10-03T11:17:47+00:00,smard:3791:DE:quarterhour,Forecast generation: wind offshore (MWh),2026-10-03T21:45:00+00:00,2026-10-03T23:45:00+02:00
2026-10-03T11:17:47+00:00,smard:125:DE:quarterhour,Forecast generation: photovoltaics (MWh),2026-10-03T21:45:00+00:00,2026-10-03T23:45:00+02:00
2026-10-03T11:17:47+00:00,smard:5097:DE:quarterhour,Forecast generation: wind and PV (MWh),2026-10-03T21:45:00+00:00,2026-10-03T23:45:00+02:00
2026-10-03T11:17:47+00:00,smard:715:DE:quarterhour,Forecast generation: other (MWh),2026-10-03T21:45:00+00:00,2026-10-03T23:45:00+02:00
2026-10-03T11:41:24+00:00,smard:4169:DE-LU:quarterhour,Day-ahead price DE-LU (EUR/MWh),2026-10-03T21:45:00+00:00,2026-10-03T23:45:00+02:00
2026-10-03T11:41:24+00:00,smard:411:DE:quarterhour,Forecast: total load (MWh),2026-10-04T21:45:00+00:00,2026-10-04T23:45:00+02:00
2026-10-03T11:41:24+00:00,smard:4362:DE:quarterhour,Forecast: residual load (MWh),2026-10-03T21:45:00+00:00,2026-10-03T23:45:00+02:00
2026-10-03T11:41:24+00:00,smard:122:DE:quarterhour,Forecast generation: total (MWh),2026-10-03T21:45:00+00:00,2026-10-03T23:45:00+02:00
2026-10-03T11:41:24+00:00,smard:123:DE:quarterhour,Forecast generation: wind onshore (MWh),2026-10-03T21:45:00+00:00,2026-10-03T23:45:00+02:00
2026-10-03T11:41:24+00:00,smard:3791:DE:quarterhour,Forecast generation: wind offshore (MWh),2026-10-03T21:45:00+00:00,2026-10-03T23:45:00+02:00
2026-10-03T11:41:24+00:00,smard:125:DE:quarterhour,Forecast generation: photovoltaics (MWh),2026-10-03T21:45:00+00:00,2026-10-03T23:45:00+02:00
2026-10-03T11:41:24+00:00,smard:5097:DE:quarterhour,Forecast generation: wind and PV (MWh),2026-10-03T21:45:00+00:00,2026-10-03T23:45:00+02:00
2026-10-03T11:41:24+00:00,smard:715:DE:quarterhour,Forecast generation: other (MWh),2026-10-03T21:45:00+00:00,2026-10-03T23:45:00+02:00
2026-10-03T12:17:17+00:00,smard:4169:DE-LU:quarterhour,Day-ahead price DE-LU (EUR/MWh),2026-10-03T21:45:00+00:00,2026-10-03T23:45:00+02:00
2026-10-03T12:17:17+00:00,smard:411:DE:quarterhour,Forecast: total load (MWh),2026-10-04T21:45:00+00:00,2026-10-04T23:45:00+02:00
2026-10-03T12:17:17+00:00,smard:4362:DE:quarterhour,Forecast: residual load (MWh),2026-10-03T21:45:00+00:00,2026-10-03T23:45:00+02:00
2026-10-03T12:17:17+00:00,smard:122:DE:quarterhour,Forecast generation: total (MWh),2026-10-03T21:45:00+00:00,2026-10-03T23:45:00+02:00
2026-10-03T12:17:17+00:00,smard:123:DE:quarterhour,Forecast generation: wind onshore (MWh),2026-10-03T21:45:00+00:00,2026-10-03T23:45:00+02:00
2026-10-03T12:17:17+00:00,smard:3791:DE:quarterhour,Forecast generation: wind offshore (MWh),2026-10-03T21:45:00+00:00,2026-10-03T23:45:00+02:00
2026-10-03T12:17:17+00:00,smard:125:DE:quarterhour,Forecast generation: photovoltaics (MWh),2026-10-03T21:45:00+00:00,2026-10-03T23:45:00+02:00
2026-10-03T12:17:17+00:00,smard:5097:DE:quarterhour,Forecast generation: wind and PV (MWh),2026-10-03T21:45:00+00:00,2026-10-03T23:45:00+02:00
2026-10-03T12:17:17+00:00,smard:715:DE:quarterhour,Forecast generation: other (MWh),2026-10-03T21:45:00+00:00,2026-10-03T23:45:00+02:00
2026-10-03T13:17:16+00:00,smard:4169:DE-LU:quarterhour,Day-ahead price DE-LU (EUR/MWh),2026-10-03T21:45:00+00:00,2026-10-03T23:45:00+02:00
2026-10-03T13:17:16+00:00,smard:411:DE:quarterhour,Forecast: total load (MWh),2026-10-04T21:45:00+00:00,2026-10-04T23:45:00+02:00
2026-10-03T13:17:16+00:00,smard:4362:DE:quarterhour,Forecast: residual load (MWh),2026-10-03T21:45:00+00:00,2026-10-03T23:45:00+02:00
2026-10-03T13:17:16+00:00,smard:122:DE:quarterhour,Forecast generation: total (MWh),2026-10-03T21:45:00+00:00,2026-10-03T23:45:00+02:00
2026-10-03T13:17:16+00:00,smard:123:DE:quarterhour,Forecast generation: wind onshore (MWh),2026-10-03T21:45:00+00:00,2026-10-03T23:45:00+02:00
2026-10-03T13:17:16+00:00,smard:3791:DE:quarterhour,Forecast generation: wind offshore (MWh),2026-10-03T21:45:00+00:00,2026-10-03T23:45:00+02:00
2026-10-03T13:17:16+00:00,smard:125:DE:quarterhour,Forecast generation: photovoltaics (MWh),2026-10-03T21:45:00+00:00,2026-10-03T23:45:00+02:00
2026-10-03T13:17:16+00:00,smard:5097:DE:quarterhour,Forecast generation: wind and PV (MWh),2026-10-03T21:45:00+00:00,2026-10-03T23:45:00+02:00
2026-10-03T13:17:16+00:00,smard:715:DE:quarterhour,Forecast generation: other (MWh),2026-10-03T21:45:00+00:00,2026-10-03T23:45:00+02:00
2026-10-03T14:17:15+00:00,smard:4169:DE-LU:quarterhour,Day-ahead price DE-LU (EUR/MWh),2026-10-04T21:45:00+00:00,2026-10-04T23:45:00+02:00
2026-10-03T14:17:15+00:00,smard:411:DE:quarterhour,Forecast: total load (MWh),2026-10-04T21:45:00+00:00,2026-10-04T23:45:00+02:00
2026-10-03T14:17:15+00:00,smard:4362:DE:quarterhour,Forecast: residual load (MWh),2026-10-03T21:45:00+00:00,2026-10-03T23:45:00+02:00
2026-10-03T14:17:15+00:00,smard:122:DE:quarterhour,Forecast generation: total (MWh),2026-10-03T21:45:00+00:00,2026-10-03T23:45:00+02:00
2026-10-03T14:17:15+00:00,smard:123:DE:quarterhour,Forecast generation: wind onshore (MWh),2026-10-03T21:45:00+00:00,2026-10-03T23:45:00+02:00
2026-10-03T14:17:15+00:00,smard:3791:DE:quarterhour,Forecast generation: wind offshore (MWh),2026-10-03T21:45:00+00:00,2026-10-03T23:45:00+02:00
2026-10-03T14:17:15+00:00,smard:125:DE:quarterhour,Forecast generation: photovoltaics (MWh),2026-10-03T21:45:00+00:00,2026-10-03T23:45:00+02:00
2026-10-03T14:17:15+00:00,smard:5097:DE:quarterhour,Forecast generation: wind and PV (MWh),2026-10-03T21:45:00+00:00,2026-10-03T23:45:00+02:00
2026-10-03T14:17:15+00:00,smard:715:DE:quarterhour,Forecast generation: other (MWh),2026-10-03T21:45:00+00:00,2026-10-03T23:45:00+02:00
2026-10-03T15:17:15+00:00,smard:4169:DE-LU:quarterhour,Day-ahead price DE-LU (EUR/MWh),2026-10-04T21:45:00+00:00,2026-10-04T23:45:00+02:00
2026-10-03T15:17:15+00:00,smard:411:DE:quarterhour,Forecast: total load (MWh),2026-10-04T21:45:00+00:00,2026-10-04T23:45:00+02:00
2026-10-03T15:17:15+00:00,smard:4362:DE:quarterhour,Forecast: residual load (MWh),2026-10-03T21:45:00+00:00,2026-10-03T23:45:00+02:00
2026-10-03T15:17:15+00:00,smard:122:DE:quarterhour,Forecast generation: total (MWh),2026-10-03T21:45:00+00:00,2026-10-03T23:45:00+02:00
2026-10-03T15:17:15+00:00,smard:123:DE:quarterhour,Forecast generation: wind onshore (MWh),2026-10-03T21:45:00+00:00,2026-10-03T23:45:00+02:00
2026-10-03T15:17:15+00:00,smard:3791:DE:quarterhour,Forecast generation: wind offshore (MWh),2026-10-03T21:45:00+00:00,2026-10-03T23:45:00+02:00
2026-10-03T15:17:15+00:00,smard:125:DE:quarterhour,Forecast generation: photovoltaics (MWh),2026-10-03T21:45:00+00:00,2026-10-03T23:45:00+02:00
2026-10-03T15:17:15+00:00,smard:5097:DE:quarterhour,Forecast generation: wind and PV (MWh),2026-10-03T21:45:00+00:00,2026-10-03T23:45:00+02:00
2026-10-03T15:17:15+00:00,smard:715:DE:quarterhour,Forecast generation: other (MWh),2026-10-03T21:45:00+00:00,2026-10-03T23:45:00+02:00
2026-10-03T16:17:17+00:00,smard:4169:DE-LU:quarterhour,Day-ahead price DE-LU (EUR/MWh),2026-10-04T21:45:00+00:00,2026-10-04T23:45:00+02:00
2026-10-03T16:17:17+00:00,smard:411:DE:quarterhour,Forecast: total load (MWh),2026-10-04T21:45:00+00:00,2026-10-04T23:45:00+02:00
2026-10-03T16:17:17+00:00,smard:4362:DE:quarterhour,Forecast: residual load (MWh),2026-10-04T21:45:00+00:00,2026-10-04T23:45:00+02:00
2026-10-03T16:17:17+00:00,smard:122:DE:quarterhour,Forecast generation: total (MWh),2026-10-04T21:45:00+00:00,2026-10-04T23:45:00+02:00
2026-10-03T16:17:17+00:00,smard:123:DE:quarterhour,Forecast generation: wind onshore (MWh),2026-10-04T21:45:00+00:00,2026-10-04T23:45:00+02:00
2026-10-03T16:17:17+00:00,smard:3791:DE:quarterhour,Forecast generation: wind offshore (MWh),2026-10-04T21:45:00+00:00,2026-10-04T23:45:00+02:00
2026-10-03T16:17:17+00:00,smard:125:DE:quarterhour,Forecast generation: photovoltaics (MWh),2026-10-04T21:45:00+00:00,2026-10-04T23:45:00+02:00
2026-10-03T16:17:17+00:00,smard:5097:DE:quarterhour,Forecast generation: wind and PV (MWh),2026-10-04T21:45:00+00:00,2026-10-04T23:45:00+02:00
2026-10-03T16:17:17+00:00,smard:715:DE:quarterhour,Forecast generation: other (MWh),2026-10-04T21:45:00+00:00,2026-10-04T23:45:00+02:00
2026-10-03T16:17:50+00:00,smard:4169:DE-LU:quarterhour,Day-ahead price DE-LU (EUR/MWh),2026-10-04T21:45:00+00:00,2026-10-04T23:45:00+02:00
2026-10-03T16:17:50+00:00,smard:411:DE:quarterhour,Forecast: total load (MWh),2026-10-04T21:45:00+00:00,2026-10-04T23:45:00+02:00
2026-10-03T16:17:50+00:00,smard:4362:DE:quarterhour,Forecast: residual load (MWh),2026-10-04T21:45:00+00:00,2026-10-04T23:45:00+02:00
2026-10-03T16:17:50+00:00,smard:122:DE:quarterhour,Forecast generation: total (MWh),2026-10-04T21:45:00+00:00,2026-10-04T23:45:00+02:00
2026-10-03T16:17:50+00:00,smard:123:DE:quarterhour,Forecast generation: wind onshore (MWh),2026-10-04T21:45:00+00:00,2026-10-04T23:45:00+02:00
2026-10-03T16:17:50+00:00,smard:3791:DE:quarterhour,Forecast generation: wind offshore (MWh),2026-10-04T21:45:00+00:00,2026-10-04T23:45:00+02:00
2026-10-03T16:17:50+00:00,smard:125:DE:quarterhour,Forecast generation: photovoltaics (MWh),2026-10-04T21:45:00+00:00,2026-10-04T23:45:00+02:00
2026-10-03T16:17:50+00:00,smard:5097:DE:quarterhour,Forecast generation: wind and PV (MWh),2026-10-04T21:45:00+00:00,2026-10-04T23:45:00+02:00
2026-10-03T16:17:50+00:00,smard:715:DE:quarterhour,Forecast generation: other (MWh),2026-10-04T21:45:00+00:00,2026-10-04T23:45:00+02:00
2026-10-03T16:18:57+00:00,smard:4169:DE-LU:quarterhour,Day-ahead price DE-LU (EUR/MWh),2026-10-04T21:45:00+00:00,2026-10-04T23:45:00+02:00
2026-10-03T16:18:57+00:00,smard:411:DE:quarterhour,Forecast: total load (MWh),2026-10-04T21:45:00+00:00,2026-10-04T23:45:00+02:00
2026-10-03T16:18:57+00:00,smard:4362:DE:quarterhour,Forecast: residual load (MWh),2026-10-04T21:45:00+00:00,2026-10-04T23:45:00+02:00
2026-10-03T16:18:57+00:00,smard:122:DE:quarterhour,Forecast generation: total (MWh),2026-10-04T21:45:00+00:00,2026-10-04T23:45:00+02:00
2026-10-03T16:18:57+00:00,smard:123:DE:quarterhour,Forecast generation: wind onshore (MWh),2026-10-04T21:45:00+00:00,2026-10-04T23:45:00+02:00
2026-10-03T16:18:57+00:00,smard:3791:DE:quarterhour,Forecast generation: wind offshore (MWh),2026-10-04T21:45:00+00:00,2026-10-04T23:45:00+02:00
2026-10-03T16:18:57+00:00,smard:125:DE:quarterhour,Forecast generation: photovoltaics (MWh),2026-10-04T21:45:00+00:00,2026-10-04T23:45:00+02:00
2026-10-03T16:18:57+00:00,smard:5097:DE:quarterhour,Forecast generation: wind and PV (MWh),2026-10-04T21:45:00+00:00,2026-10-04T23:45:00+02:00
2026-10-03T16:18:57+00:00,smard:715:DE:quarterhour,Forecast generation: other (MWh),2026-10-04T21:45:00+00:00,2026-10-04T23:45:00+02:00
2026-10-03T17:17:15+00:00,smard:4169:DE-LU:quarterhour,Day-ahead price DE-LU (EUR/MWh),2026-10-04T21:45:00+00:00,2026-10-04T23:45:00+02:00
2026-10-03T17:17:15+00:00,smard:411:DE:quarterhour,Forecast: total load (MWh),2026-10-04T21:45:00+00:00,2026-10-04T23:45:00+02:00
2026-10-03T17:17:15+00:00,smard:4362:DE:quarterhour,Forecast: residual load (MWh),2026-10-04T21:45:00+00:00,2026-10-04T23:45:00+02:00
2026-10-03T17:17:15+00:00,smard:122:DE:quarterhour,Forecast generation: total (MWh),2026-10-04T21:45:00+00:00,2026-10-04T23:45:00+02:00
2026-10-03T17:17:15+00:00,smard:123:DE:quarterhour,Forecast generation: wind onshore (MWh),2026-10-04T21:45:00+00:00,2026-10-04T23:45:00+02:00
2026-10-03T17:17:15+00:00,smard:3791:DE:quarterhour,Forecast generation: wind offshore (MWh),2026-10-04T21:45:00+00:00,2026-10-04T23:45:00+02:00
2026-10-03T17:17:15+00:00,smard:125:DE:quarterhour,Forecast generation: photovoltaics (MWh),2026-10-04T21:45:00+00:00,2026-10-04T23:45:00+02:00
2026-10-03T17:17:15+00:00,smard:5097:DE:quarterhour,Forecast generation: wind and PV (MWh),2026-10-04T21:45:00+00:00,2026-10-04T23:45:00+02:00
2026-10-03T17:17:15+00:00,smard:715:DE:quarterhour,Forecast generation: other (MWh),2026-10-04T21:45:00+00:00,2026-10-04T23:45:00+02:00
2026-10-03T18:17:12+00:00,smard:4169:DE-LU:quarterhour,Day-ahead price DE-LU (EUR/MWh),2026-10-04T21:45:00+00:00,2026-10-04T23:45:00+02:00
2026-10-03T18:17:12+00:00,smard:411:DE:quarterhour,Forecast: total load (MWh),2026-10-04T21:45:00+00:00,2026-10-04T23:45:00+02:00
2026-10-03T18:17:12+00:00,smard:4362:DE:quarterhour,Forecast: residual load (MWh),2026-10-04T21:45:00+00:00,2026-10-04T23:45:00+02:00
2026-10-03T18:17:12+00:00,smard:122:DE:quarterhour,Forecast generation: total (MWh),2026-10-04T21:45:00+00:00,2026-10-04T23:45:00+02:00
2026-10-03T18:17:12+00:00,smard:123:DE:quarterhour,Forecast generation: wind onshore (MWh),2026-10-04T21:45:00+00:00,2026-10-04T23:45:00+02:00
2026-10-03T18:17:12+00:00,smard:3791:DE:quarterhour,Forecast generation: wind offshore (MWh),2026-10-04T21:45:00+00:00,2026-10-04T23:45:00+02:00
2026-10-03T18:17:12+00:00,smard:125:DE:quarterhour,Forecast generation: photovoltaics (MWh),2026-10-04T21:45:00+00:00,2026-10-04T23:45:00+02:00
2026-10-03T18:17:12+00:00,smard:5097:DE:quarterhour,Forecast generation: wind and PV (MWh),2026-10-04T21:45:00+00:00,2026-10-04T23:45:00+02:00
2026-10-03T18:17:12+00:00,smard:715:DE:quarterhour,Forecast generation: other (MWh),2026-10-04T21:45:00+00:00,2026-10-04T23:45:00+02:00
2026-10-03T19:17:13+00:00,smard:4169:DE-LU:quarterhour,Day-ahead price DE-LU (EUR/MWh),2026-10-04T21:45:00+00:00,2026-10-04T23:45:00+02:00
2026-10-03T19:17:13+00:00,smard:411:DE:quarterhour,Forecast: total load (MWh),2026-10-04T21:45:00+00:00,2026-10-04T23:45:00+02:00
2026-10-03T19:17:13+00:00,smard:4362:DE:quarterhour,Forecast: residual load (MWh),2026-10-04T21:45:00+00:00,2026-10-04T23:45:00+02:00
2026-10-03T19:17:13+00:00,smard:122:DE:quarterhour,Forecast generation: total (MWh),2026-10-04T21:45:00+00:00,2026-10-04T23:45:00+02:00
2026-10-03T19:17:13+00:00,smard:123:DE:quarterhour,Forecast generation: wind onshore (MWh),2026-10-04T21:45:00+00:00,2026-10-04T23:45:00+02:00
2026-10-03T19:17:13+00:00,smard:3791:DE:quarterhour,Forecast generation: wind offshore (MWh),2026-10-04T21:45:00+00:00,2026-10-04T23:45:00+02:00
2026-10-03T19:17:13+00:00,smard:125:DE:quarterhour,Forecast generation: photovoltaics (MWh),2026-10-04T21:45:00+00:00,2026-10-04T23:45:00+02:00
2026-10-03T19:17:13+00:00,smard:5097:DE:quarterhour,Forecast generation: wind and PV (MWh),2026-10-04T21:45:00+00:00,2026-10-04T23:45:00+02:00
2026-10-03T19:17:13+00:00,smard:715:DE:quarterhour,Forecast generation: other (MWh),2026-10-04T21:45:00+00:00,2026-10-04T23:45:00+02:00
2026-10-03T20:17:18+00:00,smard:4169:DE-LU:quarterhour,Day-ahead price DE-LU (EUR/MWh),2026-10-04T21:45:00+00:00,2026-10-04T23:45:00+02:00
2026-10-03T20:17:18+00:00,smard:411:DE:quarterhour,Forecast: total load (MWh),2026-10-04T21:45:00+00:00,2026-10-04T23:45:00+02:00
2026-10-03T20:17:18+00:00,smard:4362:DE:quarterhour,Forecast: residual load (MWh),2026-10-04T21:45:00+00:00,2026-10-04T23:45:00+02:00
2026-10-03T20:17:18+00:00,smard:122:DE:quarterhour,Forecast generation: total (MWh),2026-10-04T21:45:00+00:00,2026-10-04T23:45:00+02:00
2026-10-03T20:17:18+00:00,smard:123:DE:quarterhour,Forecast generation: wind onshore (MWh),2026-10-04T21:45:00+00:00,2026-10-04T23:45:00+02:00
2026-10-03T20:17:18+00:00,smard:3791:DE:quarterhour,Forecast generation: wind offshore (MWh),2026-10-04T21:45:00+00:00,2026-10-04T23:45:00+02:00
2026-10-03T20:17:18+00:00,smard:125:DE:quarterhour,Forecast generation: photovoltaics (MWh),2026-10-04T21:45:00+00:00,2026-10-04T23:45:00+02:00
2026-10-03T20:17:18+00:00,smard:5097:DE:quarterhour,Forecast generation: wind and PV (MWh),2026-10-04T21:45:00+00:00,2026-10-04T23:45:00+02:00
2026-10-03T20:17:18+00:00,smard:715:DE:quarterhour,Forecast generation: other (MWh),2026-10-04T21:45:00+00:00,2026-10-04T23:45:00+02:00
2026-10-03T21:17:16+00:00,smard:4169:DE-LU:quarterhour,Day-ahead price DE-LU (EUR/MWh),2026-10-04T21:45:00+00:00,2026-10-04T23:45:00+02:00
2026-10-03T21:17:16+00:00,smard:411:DE:quarterhour,Forecast: total load (MWh),2026-10-04T21:45:00+00:00,2026-10-04T23:45:00+02:00
2026-10-03T21:17:16+00:00,smard:4362:DE:quarterhour,Forecast: residual load (MWh),2026-10-04T21:45:00+00:00,2026-10-04T23:45:00+02:00
2026-10-03T21:17:16+00:00,smard:122:DE:quarterhour,Forecast generation: total (MWh),2026-10-04T21:45:00+00:00,2026-10-04T23:45:00+02:00
2026-10-03T21:17:16+00:00,smard:123:DE:quarterhour,Forecast generation: wind onshore (MWh),2026-10-04T21:45:00+00:00,2026-10-04T23:45:00+02:00
2026-10-03T21:17:16+00:00,smard:3791:DE:quarterhour,Forecast generation: wind offshore (MWh),2026-10-04T21:45:00+00:00,2026-10-04T23:45:00+02:00
2026-10-03T21:17:16+00:00,smard:125:DE:quarterhour,Forecast generation: photovoltaics (MWh),2026-10-04T21:45:00+00:00,2026-10-04T23:45:00+02:00
2026-10-03T21:17:16+00:00,smard:5097:DE:quarterhour,Forecast generation: wind and PV (MWh),2026-10-04T21:45:00+00:00,2026-10-04T23:45:00+02:00
2026-10-03T21:17:16+00:00,smard:715:DE:quarterhour,Forecast generation: other (MWh),2026-10-04T21:45:00+00:00,2026-10-04T23:45:00+02:00
2026-10-03T21:17:45+00:00,smard:4169:DE-LU:quarterhour,Day-ahead price DE-LU (EUR/MWh),2026-10-04T21:45:00+00:00,2026-10-04T23:45:00+02:00
2026-10-03T21:17:45+00:00,smard:411:DE:quarterhour,Forecast: total load (MWh),2026-10-04T21:45:00+00:00,2026-10-04T23:45:00+02:00
2026-10-03T21:17:45+00:00,smard:4362:DE:quarterhour,Forecast: residual load (MWh),2026-10-04T21:45:00+00:00,2026-10-04T23:45:00+02:00
2026-10-03T21:17:45+00:00,smard:122:DE:quarterhour,Forecast generation: total (MWh),2026-10-04T21:45:00+00:00,2026-10-04T23:45:00+02:00
2026-10-03T21:17:45+00:00,smard:123:DE:quarterhour,Forecast generation: wind onshore (MWh),2026-10-04T21:45:00+00:00,2026-10-04T23:45:00+02:00
2026-10-03T21:17:45+00:00,smard:3791:DE:quarterhour,Forecast generation: wind offshore (MWh),2026-10-04T21:45:00+00:00,2026-10-04T23:45:00+02:00
2026-10-03T21:17:45+00:00,smard:125:DE:quarterhour,Forecast generation: photovoltaics (MWh),2026-10-04T21:45:00+00:00,2026-10-04T23:45:00+02:00
2026-10-03T21:17:45+00:00,smard:5097:DE:quarterhour,Forecast generation: wind and PV (MWh),2026-10-04T21:45:00+00:00,2026-10-04T23:45:00+02:00
2026-10-03T21:17:45+00:00,smard:715:DE:quarterhour,Forecast generation: other (MWh),2026-10-04T21:45:00+00:00,2026-10-04T23:45:00+02:00
2026-10-03T22:17:14+00:00,smard:4169:DE-LU:quarterhour,Day-ahead price DE-LU (EUR/MWh),2026-10-04T21:45:00+00:00,2026-10-04T23:45:00+02:00
2026-10-03T22:17:14+00:00,smard:411:DE:quarterhour,Forecast: total load (MWh),2026-10-04T21:45:00+00:00,2026-10-04T23:45:00+02:00
2026-10-03T22:17:14+00:00,smard:4362:DE:quarterhour,Forecast: residual load (MWh),2026-10-04T21:45:00+00:00,2026-10-04T23:45:00+02:00
2026-10-03T22:17:14+00:00,smard:122:DE:quarterhour,Forecast generation: total (MWh),2026-10-04T21:45:00+00:00,2026-10-04T23:45:00+02:00
2026-10-03T22:17:14+00:00,smard:123:DE:quarterhour,Forecast generation: wind onshore (MWh),2026-10-04T21:45:00+00:00,2026-10-04T23:45:00+02:00
2026-10-03T22:17:14+00:00,smard:3791:DE:quarterhour,Forecast generation: wind offshore (MWh),2026-10-04T21:45:00+00:00,2026-10-04T23:45:00+02:00
2026-10-03T22:17:14+00:00,smard:125:DE:quarterhour,Forecast generation: photovoltaics (MWh),2026-10-04T21:45:00+00:00,2026-10-04T23:45:00+02:00
2026-10-03T22:17:14+00:00,smard:5097:DE:quarterhour,Forecast generation: wind and PV (MWh),2026-10-04T21:45:00+00:00,2026-10-04T23:45:00+02:00
2026-10-03T22:17:14+00:00,smard:715:DE:quarterhour,Forecast generation: other (MWh),2026-10-04T21:45:00+00:00,2026-10-04T23:45:00+02:00
2026-10-03T23:17:18+00:00,smard:4169:DE-LU:quarterhour,Day-ahead price DE-LU (EUR/MWh),2026-10-04T21:45:00+00:00,2026-10-04T23:45:00+02:00
2026-10-03T23:17:18+00:00,smard:411:DE:quarterhour,Forecast: total load (MWh),2026-10-04T21:45:00+00:00,2026-10-04T23:45:00+02:00
2026-10-03T23:17:18+00:00,smard:4362:DE:quarterhour,Forecast: residual load (MWh),2026-10-04T21:45:00+00:00,2026-10-04T23:45:00+02:00
2026-10-03T23:17:18+00:00,smard:122:DE:quarterhour,Forecast generation: total (MWh),2026-10-04T21:45:00+00:00,2026-10-04T23:45:00+02:00
2026-10-03T23:17:18+00:00,smard:123:DE:quarterhour,Forecast generation: wind onshore (MWh),2026-10-04T21:45:00+00:00,2026-10-04T23:45:00+02:00
2026-10-03T23:17:18+00:00,smard:3791:DE:quarterhour,Forecast generation: wind offshore (MWh),2026-10-04T21:45:00+00:00,2026-10-04T23:45:00+02:00
2026-10-03T23:17:18+00:00,smard:125:DE:quarterhour,Forecast generation: photovoltaics (MWh),2026-10-04T21:45:00+00:00,2026-10-04T23:45:00+02:00
2026-10-03T23:17:18+00:00,smard:5097:DE:quarterhour,Forecast generation: wind and PV (MWh),2026-10-04T21:45:00+00:00,2026-10-04T23:45:00+02:00
2026-10-03T23:17:18+00:00,smard:715:DE:quarterhour,Forecast generation: other (MWh),2026-10-04T21:45:00+00:00,2026-10-04T23:45:00+02:00
2026-10-04T00:17:19+00:00,smard:4169:DE-LU:quarterhour,Day-ahead price DE-LU (EUR/MWh),2026-10-04T21:45:00+00:00,2026-10-04T23:45:00+02:00
2026-10-04T00:17:19+00:00,smard:411:DE:quarterhour,Forecast: total load (MWh),2026-10-04T21:45:00+00:00,2026-10-04T23:45:00+02:00
2026-10-04T00:17:19+00:00,smard:4362:DE:quarterhour,Forecast: residual load (MWh),2026-10-04T21:45:00+00:00,2026-10-04T23:45:00+02:00
2026-10-04T00:17:19+00:00,smard:122:DE:quarterhour,Forecast generation: total (MWh),2026-10-04T21:45:00+00:00,2026-10-04T23:45:00+02:00
2026-10-04T00:17:19+00:00,smard:123:DE:quarterhour,Forecast generation: wind onshore (MWh),2026-10-04T21:45:00+00:00,2026-10-04T23:45:00+02:00
2026-10-04T00:17:19+00:00,smard:3791:DE:quarterhour,Forecast generation: wind offshore (MWh),2026-10-04T21:45:00+00:00,2026-10-04T23:45:00+02:00
2026-10-04T00:17:19+00:00,smard:125:DE:quarterhour,Forecast generation: photovoltaics (MWh),2026-10-04T21:45:00+00:00,2026-10-04T23:45:00+02:00
2026-10-04T00:17:19+00:00,smard:5097:DE:quarterhour,Forecast generation: wind and PV (MWh),2026-10-04T21:45:00+00:00,2026-10-04T23:45:00+02:00
2026-10-04T00:17:19+00:00,smard:715:DE:quarterhour,Forecast generation: other (MWh),2026-10-04T21:45:00+00:00,2026-10-04T23:45:00+02:00
2026-10-04T01:17:18+00:00,smard:4169:DE-LU:quarterhour,Day-ahead price DE-LU (EUR/MWh),2026-10-04T21:45:00+00:00,2026-10-04T23:45:00+02:00
2026-10-04T01:17:18+00:00,smard:411:DE:quarterhour,Forecast: total load (MWh),2026-10-04T21:45:00+00:00,2026-10-04T23:45:00+02:00
2026-10-04T01:17:18+00:00,smard:4362:DE:quarterhour,Forecast: residual load (MWh),2026-10-04T21:45:00+00:00,2026-10-04T23:45:00+02:00
2026-10-04T01:17:18+00:00,smard:122:DE:quarterhour,Forecast generation: total (MWh),2026-10-04T21:45:00+00:00,2026-10-04T23:45:00+02:00
2026-10-04T01:17:18+00:00,smard:123:DE:quarterhour,Forecast generation: wind onshore (MWh),2026-10-04T21:45:00+00:00,2026-10-04T23:45:00+02:00
2026-10-04T01:17:18+00:00,smard:3791:DE:quarterhour,Forecast generation: wind offshore (MWh),2026-10-04T21:45:00+00:00,2026-10-04T23:45:00+02:00
2026-10-04T01:17:18+00:00,smard:125:DE:quarterhour,Forecast generation: photovoltaics (MWh),2026-10-04T21:45:00+00:00,2026-10-04T23:45:00+02:00
2026-10-04T01:17:18+00:00,smard:5097:DE:quarterhour,Forecast generation: wind and PV (MWh),2026-10-04T21:45:00+00:00,2026-10-04T23:45:00+02:00
2026-10-04T01:17:18+00:00,smard:715:DE:quarterhour,Forecast generation: other (MWh),2026-10-04T21:45:00+00:00,2026-10-04T23:45:00+02:00
2026-10-04T02:17:15+00:00,smard:4169:DE-LU:quarterhour,Day-ahead price DE-LU (EUR/MWh),2026-10-04T21:45:00+00:00,2026-10-04T23:45:00+02:00
2026-10-04T02:17:15+00:00,smard:411:DE:quarterhour,Forecast: total load (MWh),2026-10-04T21:45:00+00:00,2026-10-04T23:45:00+02:00
2026-10-04T02:17:15+00:00,smard:4362:DE:quarterhour,Forecast: residual load (MWh),2026-10-04T21:45:00+00:00,2026-10-04T23:45:00+02:00
2026-10-04T02:17:15+00:00,smard:122:DE:quarterhour,Forecast generation: total (MWh),2026-10-04T21:45:00+00:00,2026-10-04T23:45:00+02:00
2026-10-04T02:17:15+00:00,smard:123:DE:quarterhour,Forecast generation: wind onshore (MWh),2026-10-04T21:45:00+00:00,2026-10-04T23:45:00+02:00
2026-10-04T02:17:15+00:00,smard:3791:DE:quarterhour,Forecast generation: wind offshore (MWh),2026-10-04T21:45:00+00:00,2026-10-04T23:45:00+02:00
2026-10-04T02:17:15+00:00,smard:125:DE:quarterhour,Forecast generation: photovoltaics (MWh),2026-10-04T21:45:00+00:00,2026-10-04T23:45:00+02:00
2026-10-04T02:17:15+00:00,smard:5097:DE:quarterhour,Forecast generation: wind and PV (MWh),2026-10-04T21:45:00+00:00,2026-10-04T23:45:00+02:00
2026-10-04T02:17:15+00:00,smard:715:DE:quarterhour,Forecast generation: other (MWh),2026-10-04T21:45:00+00:00,2026-10-04T23:45:00+02:00
2026-10-04T02:17:44+00:00,smard:4169:DE-LU:quarterhour,Day-ahead price DE-LU (EUR/MWh),2026-10-04T21:45:00+00:00,2026-10-04T23:45:00+02:00
2026-10-04T02:17:44+00:00,smard:411:DE:quarterhour,Forecast: total load (MWh),2026-10-04T21:45:00+00:00,2026-10-04T23:45:00+02:00
2026-10-04T02:17:44+00:00,smard:4362:DE:quarterhour,Forecast: residual load (MWh),2026-10-04T21:45:00+00:00,2026-10-04T23:45:00+02:00
2026-10-04T02:17:44+00:00,smard:122:DE:quarterhour,Forecast generation: total (MWh),2026-10-04T21:45:00+00:00,2026-10-04T23:45:00+02:00
2026-10-04T02:17:44+00:00,smard:123:DE:quarterhour,Forecast generation: wind onshore (MWh),2026-10-04T21:45:00+00:00,2026-10-04T23:45:00+02:00
2026-10-04T02:17:44+00:00,smard:3791:DE:quarterhour,Forecast generation: wind offshore (MWh),2026-10-04T21:45:00+00:00,2026-10-04T23:45:00+02:00
2026-10-04T02:17:44+00:00,smard:125:DE:quarterhour,Forecast generation: photovoltaics (MWh),2026-10-04T21:45:00+00:00,2026-10-04T23:45:00+02:00
2026-10-04T02:17:44+00:00,smard:5097:DE:quarterhour,Forecast generation: wind and PV (MWh),2026-10-04T21:45:00+00:00,2026-10-04T23:45:00+02:00
2026-10-04T02:17:44+00:00,smard:715:DE:quarterhour,Forecast generation: other (MWh),2026-10-04T21:45:00+00:00,2026-10-04T23:45:00+02:00
2026-10-04T03:17:14+00:00,smard:4169:DE-LU:quarterhour,Day-ahead price DE-LU (EUR/MWh),2026-10-04T21:45:00+00:00,2026-10-04T23:45:00+02:00
2026-10-04T03:17:14+00:00,smard:411:DE:quarterhour,Forecast: total load (MWh),2026-10-04T21:45:00+00:00,2026-10-04T23:45:00+02:00
2026-10-04T03:17:14+00:00,smard:4362:DE:quarterhour,Forecast: residual load (MWh),2026-10-04T21:45:00+00:00,2026-10-04T23:45:00+02:00
2026-10-04T03:17:14+00:00,smard:122:DE:quarterhour,Forecast generation: total (MWh),2026-10-04T21:45:00+00:00,2026-10-04T23:45:00+02:00
2026-10-04T03:17:14+00:00,smard:123:DE:quarterhour,Forecast generation: wind onshore (MWh),2026-10-04T21:45:00+00:00,2026-10-04T23:45:00+02:00
2026-10-04T03:17:14+00:00,smard:3791:DE:quarterhour,Forecast generation: wind offshore (MWh),2026-10-04T21:45:00+00:00,2026-10-04T23:45:00+02:00
2026-10-04T03:17:14+00:00,smard:125:DE:quarterhour,Forecast generation: photovoltaics (MWh),2026-10-04T21:45:00+00:00,2026-10-04T23:45:00+02:00
2026-10-04T03:17:14+00:00,smard:5097:DE:quarterhour,Forecast generation: wind and PV (MWh),2026-10-04T21:45:00+00:00,2026-10-04T23:45:00+02:00
2026-10-04T03:17:14+00:00,smard:715:DE:quarterhour,Forecast generation: other (MWh),2026-10-04T21:45:00+00:00,2026-10-04T23:45:00+02:00
2026-10-04T04:17:16+00:00,smard:4169:DE-LU:quarterhour,Day-ahead price DE-LU (EUR/MWh),2026-10-04T21:45:00+00:00,2026-10-04T23:45:00+02:00
2026-10-04T04:17:16+00:00,smard:411:DE:quarterhour,Forecast: total load (MWh),2026-10-04T21:45:00+00:00,2026-10-04T23:45:00+02:00
2026-10-04T04:17:16+00:00,smard:4362:DE:quarterhour,Forecast: residual load (MWh),2026-10-04T21:45:00+00:00,2026-10-04T23:45:00+02:00
2026-10-04T04:17:16+00:00,smard:122:DE:quarterhour,Forecast generation: total (MWh),2026-10-04T21:45:00+00:00,2026-10-04T23:45:00+02:00
2026-10-04T04:17:16+00:00,smard:123:DE:quarterhour,Forecast generation: wind onshore (MWh),2026-10-04T21:45:00+00:00,2026-10-04T23:45:00+02:00
2026-10-04T04:17:16+00:00,smard:3791:DE:quarterhour,Forecast generation: wind offshore (MWh),2026-10-04T21:45:00+00:00,2026-10-04T23:45:00+02:00
2026-10-04T04:17:16+00:00,smard:125:DE:quarterhour,Forecast generation: photovoltaics (MWh),2026-10-04T21:45:00+00:00,2026-10-04T23:45:00+02:00
2026-10-04T04:17:16+00:00,smard:5097:DE:quarterhour,Forecast generation: wind and PV (MWh),2026-10-04T21:45:00+00:00,2026-10-04T23:45:00+02:00
2026-10-04T04:17:16+00:00,smard:715:DE:quarterhour,Forecast generation: other (MWh),2026-10-04T21:45:00+00:00,2026-10-04T23:45:00+02:00
2026-10-04T05:17:15+00:00,smard:4169:DE-LU:quarterhour,Day-ahead price DE-LU (EUR/MWh),2026-10-04T21:45:00+00:00,2026-10-04T23:45:00+02:00
2026-10-04T05:17:15+00:00,smard:411:DE:quarterhour,Forecast: total load (MWh),2026-10-04T21:45:00+00:00,2026-10-04T23:45:00+02:00
2026-10-04T05:17:15+00:00,smard:4362:DE:quarterhour,Forecast: residual load (MWh),2026-10-04T21:45:00+00:00,2026-10-04T23:45:00+02:00
2026-10-04T05:17:15+00:00,smard:122:DE:quarterhour,Forecast generation: total (MWh),2026-10-04T21:45:00+00:00,2026-10-04T23:45:00+02:00
2026-10-04T05:17:15+00:00,smard:123:DE:quarterhour,Forecast generation: wind onshore (MWh),2026-10-04T21:45:00+00:00,2026-10-04T23:45:00+02:00
2026-10-04T05:17:15+00:00,smard:3791:DE:quarterhour,Forecast generation: wind offshore (MWh),2026-10-04T21:45:00+00:00,2026-10-04T23:45:00+02:00
2026-10-04T05:17:15+00:00,smard:125:DE:quarterhour,Forecast generation: photovoltaics (MWh),2026-10-04T21:45:00+00:00,2026-10-04T23:45:00+02:00
2026-10-04T05:17:15+00:00,smard:5097:DE:quarterhour,Forecast generation: wind and PV (MWh),2026-10-04T21:45:00+00:00,2026-10-04T23:45:00+02:00
2026-10-04T05:17:15+00:00,smard:715:DE:quarterhour,Forecast generation: other (MWh),2026-10-04T21:45:00+00:00,2026-10-04T23:45:00+02:00
2026-10-04T05:55:26+00:00,smard:4169:DE-LU:quarterhour,Day-ahead price DE-LU (EUR/MWh),2026-10-04T21:45:00+00:00,2026-10-04T23:45:00+02:00
2026-10-04T05:55:26+00:00,smard:411:DE:quarterhour,Forecast: total load (MWh),2026-10-04T21:45:00+00:00,2026-10-04T23:45:00+02:00
2026-10-04T05:55:26+00:00,smard:4362:DE:quarterhour,Forecast: residual load (MWh),2026-10-04T21:45:00+00:00,2026-10-04T23:45:00+02:00
2026-10-04T05:55:26+00:00,smard:122:DE:quarterhour,Forecast generation: total (MWh),2026-10-04T21:45:00+00:00,2026-10-04T23:45:00+02:00
2026-10-04T05:55:26+00:00,smard:123:DE:quarterhour,Forecast generation: wind onshore (MWh),2026-10-04T21:45:00+00:00,2026-10-04T23:45:00+02:00
2026-10-04T05:55:26+00:00,smard:3791:DE:quarterhour,Forecast generation: wind offshore (MWh),2026-10-04T21:45:00+00:00,2026-10-04T23:45:00+02:00
2026-10-04T05:55:26+00:00,smard:125:DE:quarterhour,Forecast generation: photovoltaics (MWh),2026-10-04T21:45:00+00:00,2026-10-04T23:45:00+02:00
2026-10-04T05:55:26+00:00,smard:5097:DE:quarterhour,Forecast generation: wind and PV (MWh),2026-10-04T21:45:00+00:00,2026-10-04T23:45:00+02:00
2026-10-04T05:55:26+00:00,smard:715:DE:quarterhour,Forecast generation: other (MWh),2026-10-04T21:45:00+00:00,2026-10-04T23:45:00+02:00
2026-10-04T06:17:16+00:00,smard:4169:DE-LU:quarterhour,Day-ahead price DE-LU (EUR/MWh),2026-10-04T21:45:00+00:00,2026-10-04T23:45:00+02:00
2026-10-04T06:17:16+00:00,smard:411:DE:quarterhour,Forecast: total load (MWh),2026-10-04T21:45:00+00:00,2026-10-04T23:45:00+02:00
2026-10-04T06:17:16+00:00,smard:4362:DE:quarterhour,Forecast: residual load (MWh),2026-10-04T21:45:00+00:00,2026-10-04T23:45:00+02:00
2026-10-04T06:17:16+00:00,smard:122:DE:quarterhour,Forecast generation: total (MWh),2026-10-04T21:45:00+00:00,2026-10-04T23:45:00+02:00
2026-10-04T06:17:16+00:00,smard:123:DE:quarterhour,Forecast generation: wind onshore (MWh),2026-10-04T21:45:00+00:00,2026-10-04T23:45:00+02:00
2026-10-04T06:17:16+00:00,smard:3791:DE:quarterhour,Forecast generation: wind offshore (MWh),2026-10-04T21:45:00+00:00,2026-10-04T23:45:00+02:00
2026-10-04T06:17:16+00:00,smard:125:DE:quarterhour,Forecast generation: photovoltaics (MWh),2026-10-04T21:45:00+00:00,2026-10-04T23:45:00+02:00
2026-10-04T06:17:16+00:00,smard:5097:DE:quarterhour,Forecast generation: wind and PV (MWh),2026-10-04T21:45:00+00:00,2026-10-04T23:45:00+02:00
2026-10-04T06:17:16+00:00,smard:715:DE:quarterhour,Forecast generation: other (MWh),2026-10-04T21:45:00+00:00,2026-10-04T23:45:00+02:00
2026-10-04T07:17:14+00:00,smard:4169:DE-LU:quarterhour,Day-ahead price DE-LU (EUR/MWh),2026-10-04T21:45:00+00:00,2026-10-04T23:45:00+02:00
2026-10-04T07:17:14+00:00,smard:411:DE:quarterhour,Forecast: total load (MWh),2026-10-04T21:45:00+00:00,2026-10-04T23:45:00+02:00
2026-10-04T07:17:14+00:00,smard:4362:DE:quarterhour,Forecast: residual load (MWh),2026-10-04T21:45:00+00:00,2026-10-04T23:45:00+02:00
2026-10-04T07:17:14+00:00,smard:122:DE:quarterhour,Forecast generation: total (MWh),2026-10-04T21:45:00+00:00,2026-10-04T23:45:00+02:00
2026-10-04T07:17:14+00:00,smard:123:DE:quarterhour,Forecast generation: wind onshore (MWh),2026-10-04T21:45:00+00:00,2026-10-04T23:45:00+02:00
2026-10-04T07:17:14+00:00,smard:3791:DE:quarterhour,Forecast generation: wind offshore (MWh),2026-10-04T21:45:00+00:00,2026-10-04T23:45:00+02:00
2026-10-04T07:17:14+00:00,smard:125:DE:quarterhour,Forecast generation: photovoltaics (MWh),2026-10-04T21:45:00+00:00,2026-10-04T23:45:00+02:00
2026-10-04T07:17:14+00:00,smard:5097:DE:quarterhour,Forecast generation: wind and PV (MWh),2026-10-04T21:45:00+00:00,2026-10-04T23:45:00+02:00
2026-10-04T07:17:14+00:00,smard:715:DE:quarterhour,Forecast generation: other (MWh),2026-10-04T21:45:00+00:00,2026-10-04T23:45:00+02:00
2026-10-04T08:17:17+00:00,smard:4169:DE-LU:quarterhour,Day-ahead price DE-LU (EUR/MWh),2026-10-04T21:45:00+00:00,2026-10-04T23:45:00+02:00
2026-10-04T08:17:17+00:00,smard:411:DE:quarterhour,Forecast: total load (MWh),2026-10-05T21:45:00+00:00,2026-10-05T23:45:00+02:00
2026-10-04T08:17:17+00:00,smard:4362:DE:quarterhour,Forecast: residual load (MWh),2026-10-04T21:45:00+00:00,2026-10-04T23:45:00+02:00
2026-10-04T08:17:17+00:00,smard:122:DE:quarterhour,Forecast generation: total (MWh),2026-10-04T21:45:00+00:00,2026-10-04T23:45:00+02:00
2026-10-04T08:17:17+00:00,smard:123:DE:quarterhour,Forecast generation: wind onshore (MWh),2026-10-04T21:45:00+00:00,2026-10-04T23:45:00+02:00
2026-10-04T08:17:17+00:00,smard:3791:DE:quarterhour,Forecast generation: wind offshore (MWh),2026-10-04T21:45:00+00:00,2026-10-04T23:45:00+02:00
2026-10-04T08:17:17+00:00,smard:125:DE:quarterhour,Forecast generation: photovoltaics (MWh),2026-10-04T21:45:00+00:00,2026-10-04T23:45:00+02:00
2026-10-04T08:17:17+00:00,smard:5097:DE:quarterhour,Forecast generation: wind and PV (MWh),2026-10-04T21:45:00+00:00,2026-10-04T23:45:00+02:00
2026-10-04T08:17:17+00:00,smard:715:DE:quarterhour,Forecast generation: other (MWh),2026-10-04T21:45:00+00:00,2026-10-04T23:45:00+02:00
2026-10-04T09:17:13+00:00,smard:4169:DE-LU:quarterhour,Day-ahead price DE-LU (EUR/MWh),2026-10-04T21:45:00+00:00,2026-10-04T23:45:00+02:00
2026-10-04T09:17:13+00:00,smard:411:DE:quarterhour,Forecast: total load (MWh),2026-10-05T21:45:00+00:00,2026-10-05T23:45:00+02:00
2026-10-04T09:17:13+00:00,smard:4362:DE:quarterhour,Forecast: residual load (MWh),2026-10-04T21:45:00+00:00,2026-10-04T23:45:00+02:00
2026-10-04T09:17:13+00:00,smard:122:DE:quarterhour,Forecast generation: total (MWh),2026-10-04T21:45:00+00:00,2026-10-04T23:45:00+02:00
2026-10-04T09:17:13+00:00,smard:123:DE:quarterhour,Forecast generation: wind onshore (MWh),2026-10-04T21:45:00+00:00,2026-10-04T23:45:00+02:00
2026-10-04T09:17:13+00:00,smard:3791:DE:quarterhour,Forecast generation: wind offshore (MWh),2026-10-04T21:45:00+00:00,2026-10-04T23:45:00+02:00
2026-10-04T09:17:13+00:00,smard:125:DE:quarterhour,Forecast generation: photovoltaics (MWh),2026-10-04T21:45:00+00:00,2026-10-04T23:45:00+02:00
2026-10-04T09:17:13+00:00,smard:5097:DE:quarterhour,Forecast generation: wind and PV (MWh),2026-10-04T21:45:00+00:00,2026-10-04T23:45:00+02:00
2026-10-04T09:17:13+00:00,smard:715:DE:quarterhour,Forecast generation: other (MWh),2026-10-04T21:45:00+00:00,2026-10-04T23:45:00+02:00
2026-10-04T10:17:19+00:00,smard:4169:DE-LU:quarterhour,Day-ahead price DE-LU (EUR/MWh),2026-10-04T21:45:00+00:00,2026-10-04T23:45:00+02:00
2026-10-04T10:17:19+00:00,smard:411:DE:quarterhour,Forecast: total load (MWh),2026-10-05T21:45:00+00:00,2026-10-05T23:45:00+02:00
2026-10-04T10:17:19+00:00,smard:4362:DE:quarterhour,Forecast: residual load (MWh),2026-10-04T21:45:00+00:00,2026-10-04T23:45:00+02:00
2026-10-04T10:17:19+00:00,smard:122:DE:quarterhour,Forecast generation: total (MWh),2026-10-04T21:45:00+00:00,2026-10-04T23:45:00+02:00
2026-10-04T10:17:19+00:00,smard:123:DE:quarterhour,Forecast generation: wind onshore (MWh),2026-10-04T21:45:00+00:00,2026-10-04T23:45:00+02:00
2026-10-04T10:17:19+00:00,smard:3791:DE:quarterhour,Forecast generation: wind offshore (MWh),2026-10-04T21:45:00+00:00,2026-10-04T23:45:00+02:00
2026-10-04T10:17:19+00:00,smard:125:DE:quarterhour,Forecast generation: photovoltaics (MWh),2026-10-04T21:45:00+00:00,2026-10-04T23:45:00+02:00
2026-10-04T10:17:19+00:00,smard:5097:DE:quarterhour,Forecast generation: wind and PV (MWh),2026-10-04T21:45:00+00:00,2026-10-04T23:45:00+02:00
2026-10-04T10:17:19+00:00,smard:715:DE:quarterhour,Forecast generation: other (MWh),2026-10-04T21:45:00+00:00,2026-10-04T23:45:00+02:00
2026-10-04T11:17:16+00:00,smard:4169:DE-LU:quarterhour,Day-ahead price DE-LU (EUR/MWh),2026-10-04T21:45:00+00:00,2026-10-04T23:45:00+02:00
2026-10-04T11:17:16+00:00,smard:411:DE:quarterhour,Forecast: total load (MWh),2026-10-05T21:45:00+00:00,2026-10-05T23:45:00+02:00
2026-10-04T11:17:16+00:00,smard:4362:DE:quarterhour,Forecast: residual load (MWh),2026-10-04T21:45:00+00:00,2026-10-04T23:45:00+02:00
2026-10-04T11:17:16+00:00,smard:122:DE:quarterhour,Forecast generation: total (MWh),2026-10-04T21:45:00+00:00,2026-10-04T23:45:00+02:00
2026-10-04T11:17:16+00:00,smard:123:DE:quarterhour,Forecast generation: wind onshore (MWh),2026-10-04T21:45:00+00:00,2026-10-04T23:45:00+02:00
2026-10-04T11:17:16+00:00,smard:3791:DE:quarterhour,Forecast generation: wind offshore (MWh),2026-10-04T21:45:00+00:00,2026-10-04T23:45:00+02:00
2026-10-04T11:17:16+00:00,smard:125:DE:quarterhour,Forecast generation: photovoltaics (MWh),2026-10-04T21:45:00+00:00,2026-10-04T23:45:00+02:00
2026-10-04T11:17:16+00:00,smard:5097:DE:quarterhour,Forecast generation: wind and PV (MWh),2026-10-04T21:45:00+00:00,2026-10-04T23:45:00+02:00
2026-10-04T11:17:16+00:00,smard:715:DE:quarterhour,Forecast generation: other (MWh),2026-10-04T21:45:00+00:00,2026-10-04T23:45:00+02:00
2026-10-04T12:17:15+00:00,smard:4169:DE-LU:quarterhour,Day-ahead price DE-LU (EUR/MWh),2026-10-04T21:45:00+00:00,2026-10-04T23:45:00+02:00
2026-10-04T12:17:15+00:00,smard:411:DE:quarterhour,Forecast: total load (MWh),2026-10-05T21:45:00+00:00,2026-10-05T23:45:00+02:00
2026-10-04T12:17:15+00:00,smard:4362:DE:quarterhour,Forecast: residual load (MWh),2026-10-04T21:45:00+00:00,2026-10-04T23:45:00+02:00
2026-10-04T12:17:15+00:00,smard:122:DE:quarterhour,Forecast generation: total (MWh),2026-10-04T21:45:00+00:00,2026-10-04T23:45:00+02:00
2026-10-04T12:17:15+00:00,smard:123:DE:quarterhour,Forecast generation: wind onshore (MWh),2026-10-04T21:45:00+00:00,2026-10-04T23:45:00+02:00
2026-10-04T12:17:15+00:00,smard:3791:DE:quarterhour,Forecast generation: wind offshore (MWh),2026-10-04T21:45:00+00:00,2026-10-04T23:45:00+02:00
2026-10-04T12:17:15+00:00,smard:125:DE:quarterhour,Forecast generation: photovoltaics (MWh),2026-10-04T21:45:00+00:00,2026-10-04T23:45:00+02:00
2026-10-04T12:17:15+00:00,smard:5097:DE:quarterhour,Forecast generation: wind and PV (MWh),2026-10-04T21:45:00+00:00,2026-10-04T23:45:00+02:00
2026-10-04T12:17:15+00:00,smard:715:DE:quarterhour,Forecast generation: other (MWh),2026-10-04T21:45:00+00:00,2026-10-04T23:45:00+02:00
2026-10-04T12:23:42+00:00,smard:4169:DE-LU:quarterhour,Day-ahead price DE-LU (EUR/MWh),2026-10-04T21:45:00+00:00,2026-10-04T23:45:00+02:00
2026-10-04T12:23:42+00:00,smard:411:DE:quarterhour,Forecast: total load (MWh),2026-10-05T21:45:00+00:00,2026-10-05T23:45:00+02:00
2026-10-04T12:23:42+00:00,smard:4362:DE:quarterhour,Forecast: residual load (MWh),2026-10-04T21:45:00+00:00,2026-10-04T23:45:00+02:00
2026-10-04T12:23:42+00:00,smard:122:DE:quarterhour,Forecast generation: total (MWh),2026-10-04T21:45:00+00:00,2026-10-04T23:45:00+02:00
2026-10-04T12:23:42+00:00,smard:123:DE:quarterhour,Forecast generation: wind onshore (MWh),2026-10-04T21:45:00+00:00,2026-10-04T23:45:00+02:00
2026-10-04T12:23:42+00:00,smard:3791:DE:quarterhour,Forecast generation: wind offshore (MWh),2026-10-04T21:45:00+00:00,2026-10-04T23:45:00+02:00
2026-10-04T12:23:42+00:00,smard:125:DE:quarterhour,Forecast generation: photovoltaics (MWh),2026-10-04T21:45:00+00:00,2026-10-04T23:45:00+02:00
2026-10-04T12:23:42+00:00,smard:5097:DE:quarterhour,Forecast generation: wind and PV (MWh),2026-10-04T21:45:00+00:00,2026-10-04T23:45:00+02:00
2026-10-04T12:23:42+00:00,smard:715:DE:quarterhour,Forecast generation: other (MWh),2026-10-04T21:45:00+00:00,2026-10-04T23:45:00+02:00
2026-10-04T13:17:16+00:00,smard:4169:DE-LU:quarterhour,Day-ahead price DE-LU (EUR/MWh),2026-10-05T21:45:00+00:00,2026-10-05T23:45:00+02:00
2026-10-04T13:17:16+00:00,smard:411:DE:quarterhour,Forecast: total load (MWh),2026-10-05T21:45:00+00:00,2026-10-05T23:45:00+02:00
2026-10-04T13:17:16+00:00,smard:4362:DE:quarterhour,Forecast: residual load (MWh),2026-10-04T21:45:00+00:00,2026-10-04T23:45:00+02:00
2026-10-04T13:17:16+00:00,smard:122:DE:quarterhour,Forecast generation: total (MWh),2026-10-04T21:45:00+00:00,2026-10-04T23:45:00+02:00
2026-10-04T13:17:16+00:00,smard:123:DE:quarterhour,Forecast generation: wind onshore (MWh),2026-10-04T21:45:00+00:00,2026-10-04T23:45:00+02:00
2026-10-04T13:17:16+00:00,smard:3791:DE:quarterhour,Forecast generation: wind offshore (MWh),2026-10-04T21:45:00+00:00,2026-10-04T23:45:00+02:00
2026-10-04T13:17:16+00:00,smard:125:DE:quarterhour,Forecast generation: photovoltaics (MWh),2026-10-04T21:45:00+00:00,2026-10-04T23:45:00+02:00
2026-10-04T13:17:16+00:00,smard:5097:DE:quarterhour,Forecast generation: wind and PV (MWh),2026-10-04T21:45:00+00:00,2026-10-04T23:45:00+02:00
2026-10-04T13:17:16+00:00,smard:715:DE:quarterhour,Forecast generation: other (MWh),2026-10-04T21:45:00+00:00,2026-10-04T23:45:00+02:00
2026-10-04T14:17:14+00:00,smard:4169:DE-LU:quarterhour,Day-ahead price DE-LU (EUR/MWh),2026-10-05T21:45:00+00:00,2026-10-05T23:45:00+02:00
2026-10-04T14:17:14+00:00,smard:411:DE:quarterhour,Forecast: total load (MWh),2026-10-05T21:45:00+00:00,2026-10-05T23:45:00+02:00
2026-10-04T14:17:14+00:00,smard:4362:DE:quarterhour,Forecast: residual load (MWh),2026-10-04T21:45:00+00:00,2026-10-04T23:45:00+02:00
2026-10-04T14:17:14+00:00,smard:122:DE:quarterhour,Forecast generation: total (MWh),2026-10-04T21:45:00+00:00,2026-10-04T23:45:00+02:00
2026-10-04T14:17:14+00:00,smard:123:DE:quarterhour,Forecast generation: wind onshore (MWh),2026-10-04T21:45:00+00:00,2026-10-04T23:45:00+02:00
2026-10-04T14:17:14+00:00,smard:3791:DE:quarterhour,Forecast generation: wind offshore (MWh),2026-10-04T21:45:00+00:00,2026-10-04T23:45:00+02:00
2026-10-04T14:17:14+00:00,smard:125:DE:quarterhour,Forecast generation: photovoltaics (MWh),2026-10-04T21:45:00+00:00,2026-10-04T23:45:00+02:00
2026-10-04T14:17:14+00:00,smard:5097:DE:quarterhour,Forecast generation: wind and PV (MWh),2026-10-04T21:45:00+00:00,2026-10-04T23:45:00+02:00
2026-10-04T14:17:14+00:00,smard:715:DE:quarterhour,Forecast generation: other (MWh),2026-10-04T21:45:00+00:00,2026-10-04T23:45:00+02:00
2026-10-04T15:17:12+00:00,smard:4169:DE-LU:quarterhour,Day-ahead price DE-LU (EUR/MWh),2026-10-05T21:45:00+00:00,2026-10-05T23:45:00+02:00
2026-10-04T15:17:12+00:00,smard:411:DE:quarterhour,Forecast: total load (MWh),2026-10-05T21:45:00+00:00,2026-10-05T23:45:00+02:00
2026-10-04T15:17:12+00:00,smard:4362:DE:quarterhour,Forecast: residual load (MWh),2026-10-04T21:45:00+00:00,2026-10-04T23:45:00+02:00
2026-10-04T15:17:12+00:00,smard:122:DE:quarterhour,Forecast generation: total (MWh),2026-10-04T21:45:00+00:00,2026-10-04T23:45:00+02:00
2026-10-04T15:17:12+00:00,smard:123:DE:quarterhour,Forecast generation: wind onshore (MWh),2026-10-04T21:45:00+00:00,2026-10-04T23:45:00+02:00
2026-10-04T15:17:12+00:00,smard:3791:DE:quarterhour,Forecast generation: wind offshore (MWh),2026-10-04T21:45:00+00:00,2026-10-04T23:45:00+02:00
2026-10-04T15:17:12+00:00,smard:125:DE:quarterhour,Forecast generation: photovoltaics (MWh),2026-10-04T21:45:00+00:00,2026-10-04T23:45:00+02:00
2026-10-04T15:17:12+00:00,smard:5097:DE:quarterhour,Forecast generation: wind and PV (MWh),2026-10-04T21:45:00+00:00,2026-10-04T23:45:00+02:00
2026-10-04T15:17:12+00:00,smard:715:DE:quarterhour,Forecast generation: other (MWh),2026-10-04T21:45:00+00:00,2026-10-04T23:45:00+02:00
2026-10-04T16:17:17+00:00,smard:4169:DE-LU:quarterhour,Day-ahead price DE-LU (EUR/MWh),2026-10-05T21:45:00+00:00,2026-10-05T23:45:00+02:00
2026-10-04T16:17:17+00:00,smard:411:DE:quarterhour,Forecast: total load (MWh),2026-10-05T21:45:00+00:00,2026-10-05T23:45:00+02:00
2026-10-04T16:17:17+00:00,smard:4362:DE:quarterhour,Forecast: residual load (MWh),2026-10-05T21:45:00+00:00,2026-10-05T23:45:00+02:00
2026-10-04T16:17:17+00:00,smard:122:DE:quarterhour,Forecast generation: total (MWh),2026-10-05T21:45:00+00:00,2026-10-05T23:45:00+02:00
2026-10-04T16:17:17+00:00,smard:123:DE:quarterhour,Forecast generation: wind onshore (MWh),2026-10-05T21:45:00+00:00,2026-10-05T23:45:00+02:00
2026-10-04T16:17:17+00:00,smard:3791:DE:quarterhour,Forecast generation: wind offshore (MWh),2026-10-05T21:45:00+00:00,2026-10-05T23:45:00+02:00
2026-10-04T16:17:17+00:00,smard:125:DE:quarterhour,Forecast generation: photovoltaics (MWh),2026-10-05T21:45:00+00:00,2026-10-05T23:45:00+02:00
2026-10-04T16:17:17+00:00,smard:5097:DE:quarterhour,Forecast generation: wind and PV (MWh),2026-10-05T21:45:00+00:00,2026-10-05T23:45:00+02:00
2026-10-04T16:17:17+00:00,smard:715:DE:quarterhour,Forecast generation: other (MWh),2026-10-05T21:45:00+00:00,2026-10-05T23:45:00+02:00
2026-10-04T17:17:16+00:00,smard:4169:DE-LU:quarterhour,Day-ahead price DE-LU (EUR/MWh),2026-10-05T21:45:00+00:00,2026-10-05T23:45:00+02:00
2026-10-04T17:17:16+00:00,smard:411:DE:quarterhour,Forecast: total load (MWh),2026-10-05T21:45:00+00:00,2026-10-05T23:45:00+02:00
2026-10-04T17:17:16+00:00,smard:4362:DE:quarterhour,Forecast: residual load (MWh),2026-10-05T21:45:00+00:00,2026-10-05T23:45:00+02:00
2026-10-04T17:17:16+00:00,smard:122:DE:quarterhour,Forecast generation: total (MWh),2026-10-05T21:45:00+00:00,2026-10-05T23:45:00+02:00
2026-10-04T17:17:16+00:00,smard:123:DE:quarterhour,Forecast generation: wind onshore (MWh),2026-10-05T21:45:00+00:00,2026-10-05T23:45:00+02:00
2026-10-04T17:17:16+00:00,smard:3791:DE:quarterhour,Forecast generation: wind offshore (MWh),2026-10-05T21:45:00+00:00,2026-10-05T23:45:00+02:00
2026-10-04T17:17:16+00:00,smard:125:DE:quarterhour,Forecast generation: photovoltaics (MWh),2026-10-05T21:45:00+00:00,2026-10-05T23:45:00+02:00
2026-10-04T17:17:16+00:00,smard:5097:DE:quarterhour,Forecast generation: wind and PV (MWh),2026-10-05T21:45:00+00:00,2026-10-05T23:45:00+02:00
2026-10-04T17:17:16+00:00,smard:715:DE:quarterhour,Forecast generation: other (MWh),2026-10-05T21:45:00+00:00,2026-10-05T23:45:00+02:00
2026-10-04T18:17:14+00:00,smard:4169:DE-LU:quarterhour,Day-ahead price DE-LU (EUR/MWh),2026-10-05T21:45:00+00:00,2026-10-05T23:45:00+02:00
2026-10-04T18:17:14+00:00,smard:411:DE:quarterhour,Forecast: total load (MWh),2026-10-05T21:45:00+00:00,2026-10-05T23:45:00+02:00
2026-10-04T18:17:14+00:00,smard:4362:DE:quarterhour,Forecast: residual load (MWh),2026-10-05T21:45:00+00:00,2026-10-05T23:45:00+02:00
2026-10-04T18:17:14+00:00,smard:122:DE:quarterhour,Forecast generation: total (MWh),2026-10-05T21:45:00+00:00,2026-10-05T23:45:00+02:00
2026-10-04T18:17:14+00:00,smard:123:DE:quarterhour,Forecast generation: wind onshore (MWh),2026-10-05T21:45:00+00:00,2026-10-05T23:45:00+02:00
2026-10-04T18:17:14+00:00,smard:3791:DE:quarterhour,Forecast generation: wind offshore (MWh),2026-10-05T21:45:00+00:00,2026-10-05T23:45:00+02:00
2026-10-04T18:17:14+00:00,smard:125:DE:quarterhour,Forecast generation: photovoltaics (MWh),2026-10-05T21:45:00+00:00,2026-10-05T23:45:00+02:00
2026-10-04T18:17:14+00:00,smard:5097:DE:quarterhour,Forecast generation: wind and PV (MWh),2026-10-05T21:45:00+00:00,2026-10-05T23:45:00+02:00
2026-10-04T18:17:14+00:00,smard:715:DE:quarterhour,Forecast generation: other (MWh),2026-10-05T21:45:00+00:00,2026-10-05T23:45:00+02:00
2026-10-04T18:17:45+00:00,smard:4169:DE-LU:quarterhour,Day-ahead price DE-LU (EUR/MWh),2026-10-05T21:45:00+00:00,2026-10-05T23:45:00+02:00
2026-10-04T18:17:45+00:00,smard:411:DE:quarterhour,Forecast: total load (MWh),2026-10-05T21:45:00+00:00,2026-10-05T23:45:00+02:00
2026-10-04T18:17:45+00:00,smard:4362:DE:quarterhour,Forecast: residual load (MWh),2026-10-05T21:45:00+00:00,2026-10-05T23:45:00+02:00
2026-10-04T18:17:45+00:00,smard:122:DE:quarterhour,Forecast generation: total (MWh),2026-10-05T21:45:00+00:00,2026-10-05T23:45:00+02:00
2026-10-04T18:17:45+00:00,smard:123:DE:quarterhour,Forecast generation: wind onshore (MWh),2026-10-05T21:45:00+00:00,2026-10-05T23:45:00+02:00
2026-10-04T18:17:45+00:00,smard:3791:DE:quarterhour,Forecast generation: wind offshore (MWh),2026-10-05T21:45:00+00:00,2026-10-05T23:45:00+02:00
2026-10-04T18:17:45+00:00,smard:125:DE:quarterhour,Forecast generation: photovoltaics (MWh),2026-10-05T21:45:00+00:00,2026-10-05T23:45:00+02:00
2026-10-04T18:17:45+00:00,smard:5097:DE:quarterhour,Forecast generation: wind and PV (MWh),2026-10-05T21:45:00+00:00,2026-10-05T23:45:00+02:00
2026-10-04T18:17:45+00:00,smard:715:DE:quarterhour,Forecast generation: other (MWh),2026-10-05T21:45:00+00:00,2026-10-05T23:45:00+02:00
2026-10-04T19:17:15+00:00,smard:4169:DE-LU:quarterhour,Day-ahead price DE-LU (EUR/MWh),2026-10-05T21:45:00+00:00,2026-10-05T23:45:00+02:00
2026-10-04T19:17:15+00:00,smard:411:DE:quarterhour,Forecast: total load (MWh),2026-10-05T21:45:00+00:00,2026-10-05T23:45:00+02:00
2026-10-04T19:17:15+00:00,smard:4362:DE:quarterhour,Forecast: residual load (MWh),2026-10-05T21:45:00+00:00,2026-10-05T23:45:00+02:00
2026-10-04T19:17:15+00:00,smard:122:DE:quarterhour,Forecast generation: total (MWh),2026-10-05T21:45:00+00:00,2026-10-05T23:45:00+02:00
2026-10-04T19:17:15+00:00,smard:123:DE:quarterhour,Forecast generation: wind onshore (MWh),2026-10-05T21:45:00+00:00,2026-10-05T23:45:00+02:00
2026-10-04T19:17:15+00:00,smard:3791:DE:quarterhour,Forecast generation: wind offshore (MWh),2026-10-05T21:45:00+00:00,2026-10-05T23:45:00+02:00
2026-10-04T19:17:15+00:00,smard:125:DE:quarterhour,Forecast generation: photovoltaics (MWh),2026-10-05T21:45:00+00:00,2026-10-05T23:45:00+02:00
2026-10-04T19:17:15+00:00,smard:5097:DE:quarterhour,Forecast generation: wind and PV (MWh),2026-10-05T21:45:00+00:00,2026-10-05T23:45:00+02:00
2026-10-04T19:17:15+00:00,smard:715:DE:quarterhour,Forecast generation: other (MWh),2026-10-05T21:45:00+00:00,2026-10-05T23:45:00+02:00
2026-10-04T20:17:14+00:00,smard:4169:DE-LU:quarterhour,Day-ahead price DE-LU (EUR/MWh),2026-10-05T21:45:00+00:00,2026-10-05T23:45:00+02:00
2026-10-04T20:17:14+00:00,smard:411:DE:quarterhour,Forecast: total load (MWh),2026-10-05T21:45:00+00:00,2026-10-05T23:45:00+02:00
2026-10-04T20:17:14+00:00,smard:4362:DE:quarterhour,Forecast: residual load (MWh),2026-10-05T21:45:00+00:00,2026-10-05T23:45:00+02:00
2026-10-04T20:17:14+00:00,smard:122:DE:quarterhour,Forecast generation: total (MWh),2026-10-05T21:45:00+00:00,2026-10-05T23:45:00+02:00
2026-10-04T20:17:14+00:00,smard:123:DE:quarterhour,Forecast generation: wind onshore (MWh),2026-10-05T21:45:00+00:00,2026-10-05T23:45:00+02:00
2026-10-04T20:17:14+00:00,smard:3791:DE:quarterhour,Forecast generation: wind offshore (MWh),2026-10-05T21:45:00+00:00,2026-10-05T23:45:00+02:00
2026-10-04T20:17:14+00:00,smard:125:DE:quarterhour,Forecast generation: photovoltaics (MWh),2026-10-05T21:45:00+00:00,2026-10-05T23:45:00+02:00
2026-10-04T20:17:14+00:00,smard:5097:DE:quarterhour,Forecast generation: wind and PV (MWh),2026-10-05T21:45:00+00:00,2026-10-05T23:45:00+02:00
2026-10-04T20:17:14+00:00,smard:715:DE:quarterhour,Forecast generation: other (MWh),2026-10-05T21:45:00+00:00,2026-10-05T23:45:00+02:00
2026-10-04T21:17:17+00:00,smard:4169:DE-LU:quarterhour,Day-ahead price DE-LU (EUR/MWh),2026-10-05T21:45:00+00:00,2026-10-05T23:45:00+02:00
2026-10-04T21:17:17+00:00,smard:411:DE:quarterhour,Forecast: total load (MWh),2026-10-05T21:45:00+00:00,2026-10-05T23:45:00+02:00
2026-10-04T21:17:17+00:00,smard:4362:DE:quarterhour,Forecast: residual load (MWh),2026-10-05T21:45:00+00:00,2026-10-05T23:45:00+02:00
2026-10-04T21:17:17+00:00,smard:122:DE:quarterhour,Forecast generation: total (MWh),2026-10-05T21:45:00+00:00,2026-10-05T23:45:00+02:00
2026-10-04T21:17:17+00:00,smard:123:DE:quarterhour,Forecast generation: wind onshore (MWh),2026-10-05T21:45:00+00:00,2026-10-05T23:45:00+02:00
2026-10-04T21:17:17+00:00,smard:3791:DE:quarterhour,Forecast generation: wind offshore (MWh),2026-10-05T21:45:00+00:00,2026-10-05T23:45:00+02:00
2026-10-04T21:17:17+00:00,smard:125:DE:quarterhour,Forecast generation: photovoltaics (MWh),2026-10-05T21:45:00+00:00,2026-10-05T23:45:00+02:00
2026-10-04T21:17:17+00:00,smard:5097:DE:quarterhour,Forecast generation: wind and PV (MWh),2026-10-05T21:45:00+00:00,2026-10-05T23:45:00+02:00
2026-10-04T21:17:17+00:00,smard:715:DE:quarterhour,Forecast generation: other (MWh),2026-10-05T21:45:00+00:00,2026-10-05T23:45:00+02:00
2026-10-04T21:27:04+00:00,smard:4169:DE-LU:quarterhour,Day-ahead price DE-LU (EUR/MWh),2026-10-05T21:45:00+00:00,2026-10-05T23:45:00+02:00
2026-10-04T21:27:04+00:00,smard:411:DE:quarterhour,Forecast: total load (MWh),2026-10-05T21:45:00+00:00,2026-10-05T23:45:00+02:00
2026-10-04T21:27:04+00:00,smard:4362:DE:quarterhour,Forecast: residual load (MWh),2026-10-05T21:45:00+00:00,2026-10-05T23:45:00+02:00
2026-10-04T21:27:04+00:00,smard:122:DE:quarterhour,Forecast generation: total (MWh),2026-10-05T21:45:00+00:00,2026-10-05T23:45:00+02:00
2026-10-04T21:27:04+00:00,smard:123:DE:quarterhour,Forecast generation: wind onshore (MWh),2026-10-05T21:45:00+00:00,2026-10-05T23:45:00+02:00
2026-10-04T21:27:04+00:00,smard:3791:DE:quarterhour,Forecast generation: wind offshore (MWh),2026-10-05T21:45:00+00:00,2026-10-05T23:45:00+02:00
2026-10-04T21:27:04+00:00,smard:125:DE:quarterhour,Forecast generation: photovoltaics (MWh),2026-10-05T21:45:00+00:00,2026-10-05T23:45:00+02:00
2026-10-04T21:27:04+00:00,smard:5097:DE:quarterhour,Forecast generation: wind and PV (MWh),2026-10-05T21:45:00+00:00,2026-10-05T23:45:00+02:00
2026-10-04T21:27:04+00:00,smard:715:DE:quarterhour,Forecast generation: other (MWh),2026-10-05T21:45:00+00:00,2026-10-05T23:45:00+02:00
2026-10-04T22:17:14+00:00,smard:4169:DE-LU:quarterhour,Day-ahead price DE-LU (EUR/MWh),2026-10-05T21:45:00+00:00,2026-10-05T23:45:00+02:00
2026-10-04T22:17:14+00:00,smard:411:DE:quarterhour,Forecast: total load (MWh),2026-10-05T21:45:00+00:00,2026-10-05T23:45:00+02:00
2026-10-04T22:17:14+00:00,smard:4362:DE:quarterhour,Forecast: residual load (MWh),2026-10-05T21:45:00+00:00,2026-10-05T23:45:00+02:00
2026-10-04T22:17:14+00:00,smard:122:DE:quarterhour,Forecast generation: total (MWh),2026-10-05T21:45:00+00:00,2026-10-05T23:45:00+02:00
2026-10-04T22:17:14+00:00,smard:123:DE:quarterhour,Forecast generation: wind onshore (MWh),2026-10-05T21:45:00+00:00,2026-10-05T23:45:00+02:00
2026-10-04T22:17:14+00:00,smard:3791:DE:quarterhour,Forecast generation: wind offshore (MWh),2026-10-05T21:45:00+00:00,2026-10-05T23:45:00+02:00
2026-10-04T22:17:14+00:00,smard:125:DE:quarterhour,Forecast generation: photovoltaics (MWh),2026-10-05T21:45:00+00:00,2026-10-05T23:45:00+02:00
2026-10-04T22:17:14+00:00,smard:5097:DE:quarterhour,Forecast generation: wind and PV (MWh),2026-10-05T21:45:00+00:00,2026-10-05T23:45:00+02:00
2026-10-04T22:17:14+00:00,smard:715:DE:quarterhour,Forecast generation: other (MWh),2026-10-05T21:45:00+00:00,2026-10-05T23:45:00+02:00
2026-10-04T23:17:51+00:00,smard:4169:DE-LU:quarterhour,Day-ahead price DE-LU (EUR/MWh),2026-10-05T21:45:00+00:00,2026-10-05T23:45:00+02:00
2026-10-04T23:17:51+00:00,smard:411:DE:quarterhour,Forecast: total load (MWh),2026-10-05T21:45:00+00:00,2026-10-05T23:45:00+02:00
2026-10-04T23:17:51+00:00,smard:4362:DE:quarterhour,Forecast: residual load (MWh),2026-10-05T21:45:00+00:00,2026-10-05T23:45:00+02:00
2026-10-04T23:17:51+00:00,smard:122:DE:quarterhour,Forecast generation: total (MWh),2026-10-05T21:45:00+00:00,2026-10-05T23:45:00+02:00
2026-10-04T23:17:51+00:00,smard:123:DE:quarterhour,Forecast generation: wind onshore (MWh),2026-10-05T21:45:00+00:00,2026-10-05T23:45:00+02:00
2026-10-04T23:17:51+00:00,smard:3791:DE:quarterhour,Forecast generation: wind offshore (MWh),2026-10-05T21:45:00+00:00,2026-10-05T23:45:00+02:00
2026-10-04T23:17:51+00:00,smard:125:DE:quarterhour,Forecast generation: photovoltaics (MWh),2026-10-05T21:45:00+00:00,2026-10-05T23:45:00+02:00
2026-10-04T23:17:51+00:00,smard:5097:DE:quarterhour,Forecast generation: wind and PV (MWh),2026-10-05T21:45:00+00:00,2026-10-05T23:45:00+02:00
2026-10-04T23:17:51+00:00,smard:715:DE:quarterhour,Forecast generation: other (MWh),2026-10-05T21:45:00+00:00,2026-10-05T23:45:00+02:00
2026-10-04T23:18:19+00:00,smard:4169:DE-LU:quarterhour,Day-ahead price DE-LU (EUR/MWh),2026-10-05T21:45:00+00:00,2026-10-05T23:45:00+02:00
2026-10-04T23:18:19+00:00,smard:411:DE:quarterhour,Forecast: total load (MWh),2026-10-05T21:45:00+00:00,2026-10-05T23:45:00+02:00
2026-10-04T23:18:19+00:00,smard:4362:DE:quarterhour,Forecast: residual load (MWh),2026-10-05T21:45:00+00:00,2026-10-05T23:45:00+02:00
2026-10-04T23:18:19+00:00,smard:122:DE:quarterhour,Forecast generation: total (MWh),2026-10-05T21:45:00+00:00,2026-10-05T23:45:00+02:00
2026-10-04T23:18:19+00:00,smard:123:DE:quarterhour,Forecast generation: wind onshore (MWh),2026-10-05T21:45:00+00:00,2026-10-05T23:45:00+02:00
2026-10-04T23:18:19+00:00,smard:3791:DE:quarterhour,Forecast generation: wind offshore (MWh),2026-10-05T21:45:00+00:00,2026-10-05T23:45:00+02:00
2026-10-04T23:18:19+00:00,smard:125:DE:quarterhour,Forecast generation: photovoltaics (MWh),2026-10-05T21:45:00+00:00,2026-10-05T23:45:00+02:00
2026-10-04T23:18:19+00:00,smard:5097:DE:quarterhour,Forecast generation: wind and PV (MWh),2026-10-05T21:45:00+00:00,2026-10-05T23:45:00+02:00
2026-10-04T23:18:19+00:00,smard:715:DE:quarterhour,Forecast generation: other (MWh),2026-10-05T21:45:00+00:00,2026-10-05T23:45:00+02:00
2026-10-05T00:17:15+00:00,smard:4169:DE-LU:quarterhour,Day-ahead price DE-LU (EUR/MWh),2026-10-05T21:45:00+00:00,2026-10-05T23:45:00+02:00
2026-10-05T00:17:15+00:00,smard:411:DE:quarterhour,Forecast: total load (MWh),2026-10-05T21:45:00+00:00,2026-10-05T23:45:00+02:00
2026-10-05T00:17:15+00:00,smard:4362:DE:quarterhour,Forecast: residual load (MWh),2026-10-05T21:45:00+00:00,2026-10-05T23:45:00+02:00
2026-10-05T00:17:15+00:00,smard:122:DE:quarterhour,Forecast generation: total (MWh),2026-10-05T21:45:00+00:00,2026-10-05T23:45:00+02:00
2026-10-05T00:17:15+00:00,smard:123:DE:quarterhour,Forecast generation: wind onshore (MWh),2026-10-05T21:45:00+00:00,2026-10-05T23:45:00+02:00
2026-10-05T00:17:15+00:00,smard:3791:DE:quarterhour,Forecast generation: wind offshore (MWh),2026-10-05T21:45:00+00:00,2026-10-05T23:45:00+02:00
2026-10-05T00:17:15+00:00,smard:125:DE:quarterhour,Forecast generation: photovoltaics (MWh),2026-10-05T21:45:00+00:00,2026-10-05T23:45:00+02:00
2026-10-05T00:17:15+00:00,smard:5097:DE:quarterhour,Forecast generation: wind and PV (MWh),2026-10-05T21:45:00+00:00,2026-10-05T23:45:00+02:00
2026-10-05T00:17:15+00:00,smard:715:DE:quarterhour,Forecast generation: other (MWh),2026-10-05T21:45:00+00:00,2026-10-05T23:45:00+02:00
2026-10-05T01:17:19+00:00,smard:4169:DE-LU:quarterhour,Day-ahead price DE-LU (EUR/MWh),2026-10-05T21:45:00+00:00,2026-10-05T23:45:00+02:00
2026-10-05T01:17:19+00:00,smard:411:DE:quarterhour,Forecast: total load (MWh),2026-10-05T21:45:00+00:00,2026-10-05T23:45:00+02:00
2026-10-05T01:17:19+00:00,smard:4362:DE:quarterhour,Forecast: residual load (MWh),2026-10-05T21:45:00+00:00,2026-10-05T23:45:00+02:00
2026-10-05T01:17:19+00:00,smard:122:DE:quarterhour,Forecast generation: total (MWh),2026-10-05T21:45:00+00:00,2026-10-05T23:45:00+02:00
2026-10-05T01:17:19+00:00,smard:123:DE:quarterhour,Forecast generation: wind onshore (MWh),2026-10-05T21:45:00+00:00,2026-10-05T23:45:00+02:00
2026-10-05T01:17:19+00:00,smard:3791:DE:quarterhour,Forecast generation: wind offshore (MWh),2026-10-05T21:45:00+00:00,2026-10-05T23:45:00+02:00
2026-10-05T01:17:19+00:00,smard:125:DE:quarterhour,Forecast generation: photovoltaics (MWh),2026-10-05T21:45:00+00:00,2026-10-05T23:45:00+02:00
2026-10-05T01:17:19+00:00,smard:5097:DE:quarterhour,Forecast generation: wind and PV (MWh),2026-10-05T21:45:00+00:00,2026-10-05T23:45:00+02:00
2026-10-05T01:17:19+00:00,smard:715:DE:quarterhour,Forecast generation: other (MWh),2026-10-05T21:45:00+00:00,2026-10-05T23:45:00+02:00
2026-10-05T02:17:17+00:00,smard:4169:DE-LU:quarterhour,Day-ahead price DE-LU (EUR/MWh),2026-10-05T21:45:00+00:00,2026-10-05T23:45:00+02:00
2026-10-05T02:17:17+00:00,smard:411:DE:quarterhour,Forecast: total load (MWh),2026-10-05T21:45:00+00:00,2026-10-05T23:45:00+02:00
2026-10-05T02:17:17+00:00,smard:4362:DE:quarterhour,Forecast: residual load (MWh),2026-10-05T21:45:00+00:00,2026-10-05T23:45:00+02:00
2026-10-05T02:17:17+00:00,smard:122:DE:quarterhour,Forecast generation: total (MWh),2026-10-05T21:45:00+00:00,2026-10-05T23:45:00+02:00
2026-10-05T02:17:17+00:00,smard:123:DE:quarterhour,Forecast generation: wind onshore (MWh),2026-10-05T21:45:00+00:00,2026-10-05T23:45:00+02:00
2026-10-05T02:17:17+00:00,smard:3791:DE:quarterhour,Forecast generation: wind offshore (MWh),2026-10-05T21:45:00+00:00,2026-10-05T23:45:00+02:00
2026-10-05T02:17:17+00:00,smard:125:DE:quarterhour,Forecast generation: photovoltaics (MWh),2026-10-05T21:45:00+00:00,2026-10-05T23:45:00+02:00
2026-10-05T02:17:17+00:00,smard:5097:DE:quarterhour,Forecast generation: wind and PV (MWh),2026-10-05T21:45:00+00:00,2026-10-05T23:45:00+02:00
2026-10-05T02:17:17+00:00,smard:715:DE:quarterhour,Forecast generation: other (MWh),2026-10-05T21:45:00+00:00,2026-10-05T23:45:00+02:00
2026-10-05T03:17:14+00:00,smard:4169:DE-LU:quarterhour,Day-ahead price DE-LU (EUR/MWh),2026-10-05T21:45:00+00:00,2026-10-05T23:45:00+02:00
2026-10-05T03:17:14+00:00,smard:411:DE:quarterhour,Forecast: total load (MWh),2026-10-05T21:45:00+00:00,2026-10-05T23:45:00+02:00
2026-10-05T03:17:14+00:00,smard:4362:DE:quarterhour,Forecast: residual load (MWh),2026-10-05T21:45:00+00:00,2026-10-05T23:45:00+02:00
2026-10-05T03:17:14+00:00,smard:122:DE:quarterhour,Forecast generation: total (MWh),2026-10-05T21:45:00+00:00,2026-10-05T23:45:00+02:00
2026-10-05T03:17:14+00:00,smard:123:DE:quarterhour,Forecast generation: wind onshore (MWh),2026-10-05T21:45:00+00:00,2026-10-05T23:45:00+02:00
2026-10-05T03:17:14+00:00,smard:3791:DE:quarterhour,Forecast generation: wind offshore (MWh),2026-10-05T21:45:00+00:00,2026-10-05T23:45:00+02:00
2026-10-05T03:17:14+00:00,smard:125:DE:quarterhour,Forecast generation: photovoltaics (MWh),2026-10-05T21:45:00+00:00,2026-10-05T23:45:00+02:00
2026-10-05T03:17:14+00:00,smard:5097:DE:quarterhour,Forecast generation: wind and PV (MWh),2026-10-05T21:45:00+00:00,2026-10-05T23:45:00+02:00
2026-10-05T03:17:14+00:00,smard:715:DE:quarterhour,Forecast generation: other (MWh),2026-10-05T21:45:00+00:00,2026-10-05T23:45:00+02:00
2026-10-05T04:17:17+00:00,smard:4169:DE-LU:quarterhour,Day-ahead price DE-LU (EUR/MWh),2026-10-05T21:45:00+00:00,2026-10-05T23:45:00+02:00
2026-10-05T04:17:17+00:00,smard:411:DE:quarterhour,Forecast: total load (MWh),2026-10-05T21:45:00+00:00,2026-10-05T23:45:00+02:00
2026-10-05T04:17:17+00:00,smard:4362:DE:quarterhour,Forecast: residual load (MWh),2026-10-05T21:45:00+00:00,2026-10-05T23:45:00+02:00
2026-10-05T04:17:17+00:00,smard:122:DE:quarterhour,Forecast generation: total (MWh),2026-10-05T21:45:00+00:00,2026-10-05T23:45:00+02:00
2026-10-05T04:17:17+00:00,smard:123:DE:quarterhour,Forecast generation: wind onshore (MWh),2026-10-05T21:45:00+00:00,2026-10-05T23:45:00+02:00
2026-10-05T04:17:17+00:00,smard:3791:DE:quarterhour,Forecast generation: wind offshore (MWh),2026-10-05T21:45:00+00:00,2026-10-05T23:45:00+02:00
2026-10-05T04:17:17+00:00,smard:125:DE:quarterhour,Forecast generation: photovoltaics (MWh),2026-10-05T21:45:00+00:00,2026-10-05T23:45:00+02:00
2026-10-05T04:17:17+00:00,smard:5097:DE:quarterhour,Forecast generation: wind and PV (MWh),2026-10-05T21:45:00+00:00,2026-10-05T23:45:00+02:00
2026-10-05T04:17:17+00:00,smard:715:DE:quarterhour,Forecast generation: other (MWh),2026-10-05T21:45:00+00:00,2026-10-05T23:45:00+02:00
2026-10-05T04:17:49+00:00,smard:4169:DE-LU:quarterhour,Day-ahead price DE-LU (EUR/MWh),2026-10-05T21:45:00+00:00,2026-10-05T23:45:00+02:00
2026-10-05T04:17:49+00:00,smard:411:DE:quarterhour,Forecast: total load (MWh),2026-10-05T21:45:00+00:00,2026-10-05T23:45:00+02:00
2026-10-05T04:17:49+00:00,smard:4362:DE:quarterhour,Forecast: residual load (MWh),2026-10-05T21:45:00+00:00,2026-10-05T23:45:00+02:00
2026-10-05T04:17:49+00:00,smard:122:DE:quarterhour,Forecast generation: total (MWh),2026-10-05T21:45:00+00:00,2026-10-05T23:45:00+02:00
2026-10-05T04:17:49+00:00,smard:123:DE:quarterhour,Forecast generation: wind onshore (MWh),2026-10-05T21:45:00+00:00,2026-10-05T23:45:00+02:00
2026-10-05T04:17:49+00:00,smard:3791:DE:quarterhour,Forecast generation: wind offshore (MWh),2026-10-05T21:45:00+00:00,2026-10-05T23:45:00+02:00
2026-10-05T04:17:49+00:00,smard:125:DE:quarterhour,Forecast generation: photovoltaics (MWh),2026-10-05T21:45:00+00:00,2026-10-05T23:45:00+02:00
2026-10-05T04:17:49+00:00,smard:5097:DE:quarterhour,Forecast generation: wind and PV (MWh),2026-10-05T21:45:00+00:00,2026-10-05T23:45:00+02:00
2026-10-05T04:17:49+00:00,smard:715:DE:quarterhour,Forecast generation: other (MWh),2026-10-05T21:45:00+00:00,2026-10-05T23:45:00+02:00
2026-10-05T05:17:15+00:00,smard:4169:DE-LU:quarterhour,Day-ahead price DE-LU (EUR/MWh),2026-10-05T21:45:00+00:00,2026-10-05T23:45:00+02:00
2026-10-05T05:17:15+00:00,smard:411:DE:quarterhour,Forecast: total load (MWh),2026-10-05T21:45:00+00:00,2026-10-05T23:45:00+02:00
2026-10-05T05:17:15+00:00,smard:4362:DE:quarterhour,Forecast: residual load (MWh),2026-10-05T21:45:00+00:00,2026-10-05T23:45:00+02:00
2026-10-05T05:17:15+00:00,smard:122:DE:quarterhour,Forecast generation: total (MWh),2026-10-05T21:45:00+00:00,2026-10-05T23:45:00+02:00
2026-10-05T05:17:15+00:00,smard:123:DE:quarterhour,Forecast generation: wind onshore (MWh),2026-10-05T21:45:00+00:00,2026-10-05T23:45:00+02:00
2026-10-05T05:17:15+00:00,smard:3791:DE:quarterhour,Forecast generation: wind offshore (MWh),2026-10-05T21:45:00+00:00,2026-10-05T23:45:00+02:00
2026-10-05T05:17:15+00:00,smard:125:DE:quarterhour,Forecast generation: photovoltaics (MWh),2026-10-05T21:45:00+00:00,2026-10-05T23:45:00+02:00
2026-10-05T05:17:15+00:00,smard:5097:DE:quarterhour,Forecast generation: wind and PV (MWh),2026-10-05T21:45:00+00:00,2026-10-05T23:45:00+02:00
2026-10-05T05:17:15+00:00,smard:715:DE:quarterhour,Forecast generation: other (MWh),2026-10-05T21:45:00+00:00,2026-10-05T23:45:00+02:00
2026-10-05T05:43:18+00:00,smard:4169:DE-LU:quarterhour,Day-ahead price DE-LU (EUR/MWh),2026-10-05T21:45:00+00:00,2026-10-05T23:45:00+02:00
2026-10-05T05:43:18+00:00,smard:411:DE:quarterhour,Forecast: total load (MWh),2026-10-05T21:45:00+00:00,2026-10-05T23:45:00+02:00
2026-10-05T05:43:18+00:00,smard:4362:DE:quarterhour,Forecast: residual load (MWh),2026-10-05T21:45:00+00:00,2026-10-05T23:45:00+02:00
2026-10-05T05:43:18+00:00,smard:122:DE:quarterhour,Forecast generation: total (MWh),2026-10-05T21:45:00+00:00,2026-10-05T23:45:00+02:00
2026-10-05T05:43:18+00:00,smard:123:DE:quarterhour,Forecast generation: wind onshore (MWh),2026-10-05T21:45:00+00:00,2026-10-05T23:45:00+02:00
2026-10-05T05:43:18+00:00,smard:3791:DE:quarterhour,Forecast generation: wind offshore (MWh),2026-10-05T21:45:00+00:00,2026-10-05T23:45:00+02:00
2026-10-05T05:43:18+00:00,smard:125:DE:quarterhour,Forecast generation: photovoltaics (MWh),2026-10-05T21:45:00+00:00,2026-10-05T23:45:00+02:00
2026-10-05T05:43:18+00:00,smard:5097:DE:quarterhour,Forecast generation: wind and PV (MWh),2026-10-05T21:45:00+00:00,2026-10-05T23:45:00+02:00
2026-10-05T05:43:18+00:00,smard:715:DE:quarterhour,Forecast generation: other (MWh),2026-10-05T21:45:00+00:00,2026-10-05T23:45:00+02:00
2026-10-05T06:17:18+00:00,smard:4169:DE-LU:quarterhour,Day-ahead price DE-LU (EUR/MWh),2026-10-05T21:45:00+00:00,2026-10-05T23:45:00+02:00
2026-10-05T06:17:18+00:00,smard:411:DE:quarterhour,Forecast: total load (MWh),2026-10-05T21:45:00+00:00,2026-10-05T23:45:00+02:00
2026-10-05T06:17:18+00:00,smard:4362:DE:quarterhour,Forecast: residual load (MWh),2026-10-05T21:45:00+00:00,2026-10-05T23:45:00+02:00
2026-10-05T06:17:18+00:00,smard:122:DE:quarterhour,Forecast generation: total (MWh),2026-10-05T21:45:00+00:00,2026-10-05T23:45:00+02:00
2026-10-05T06:17:18+00:00,smard:123:DE:quarterhour,Forecast generation: wind onshore (MWh),2026-10-05T21:45:00+00:00,2026-10-05T23:45:00+02:00
2026-10-05T06:17:18+00:00,smard:3791:DE:quarterhour,Forecast generation: wind offshore (MWh),2026-10-05T21:45:00+00:00,2026-10-05T23:45:00+02:00
2026-10-05T06:17:18+00:00,smard:125:DE:quarterhour,Forecast generation: photovoltaics (MWh),2026-10-05T21:45:00+00:00,2026-10-05T23:45:00+02:00
2026-10-05T06:17:18+00:00,smard:5097:DE:quarterhour,Forecast generation: wind and PV (MWh),2026-10-05T21:45:00+00:00,2026-10-05T23:45:00+02:00
2026-10-05T06:17:18+00:00,smard:715:DE:quarterhour,Forecast generation: other (MWh),2026-10-05T21:45:00+00:00,2026-10-05T23:45:00+02:00
2026-10-05T07:17:17+00:00,smard:4169:DE-LU:quarterhour,Day-ahead price DE-LU (EUR/MWh),2026-10-05T21:45:00+00:00,2026-10-05T23:45:00+02:00
2026-10-05T07:17:17+00:00,smard:411:DE:quarterhour,Forecast: total load (MWh),2026-10-05T21:45:00+00:00,2026-10-05T23:45:00+02:00
2026-10-05T07:17:17+00:00,smard:4362:DE:quarterhour,Forecast: residual load (MWh),2026-10-05T21:45:00+00:00,2026-10-05T23:45:00+02:00
2026-10-05T07:17:17+00:00,smard:122:DE:quarterhour,Forecast generation: total (MWh),2026-10-05T21:45:00+00:00,2026-10-05T23:45:00+02:00
2026-10-05T07:17:17+00:00,smard:123:DE:quarterhour,Forecast generation: wind onshore (MWh),2026-10-05T21:45:00+00:00,2026-10-05T23:45:00+02:00
2026-10-05T07:17:17+00:00,smard:3791:DE:quarterhour,Forecast generation: wind offshore (MWh),2026-10-05T21:45:00+00:00,2026-10-05T23:45:00+02:00
2026-10-05T07:17:17+00:00,smard:125:DE:quarterhour,Forecast generation: photovoltaics (MWh),2026-10-05T21:45:00+00:00,2026-10-05T23:45:00+02:00
2026-10-05T07:17:17+00:00,smard:5097:DE:quarterhour,Forecast generation: wind and PV (MWh),2026-10-05T21:45:00+00:00,2026-10-05T23:45:00+02:00
2026-10-05T07:17:17+00:00,smard:715:DE:quarterhour,Forecast generation: other (MWh),2026-10-05T21:45:00+00:00,2026-10-05T23:45:00+02:00
2026-10-05T08:17:17+00:00,smard:4169:DE-LU:quarterhour,Day-ahead price DE-LU (EUR/MWh),2026-10-05T21:45:00+00:00,2026-10-05T23:45:00+02:00
2026-10-05T08:17:17+00:00,smard:411:DE:quarterhour,Forecast: total load (MWh),2026-10-06T21:45:00+00:00,2026-10-06T23:45:00+02:00
2026-10-05T08:17:17+00:00,smard:4362:DE:quarterhour,Forecast: residual load (MWh),2026-10-05T21:45:00+00:00,2026-10-05T23:45:00+02:00
2026-10-05T08:17:17+00:00,smard:122:DE:quarterhour,Forecast generation: total (MWh),2026-10-05T21:45:00+00:00,2026-10-05T23:45:00+02:00
2026-10-05T08:17:17+00:00,smard:123:DE:quarterhour,Forecast generation: wind onshore (MWh),2026-10-05T21:45:00+00:00,2026-10-05T23:45:00+02:00
2026-10-05T08:17:17+00:00,smard:3791:DE:quarterhour,Forecast generation: wind offshore (MWh),2026-10-05T21:45:00+00:00,2026-10-05T23:45:00+02:00
2026-10-05T08:17:17+00:00,smard:125:DE:quarterhour,Forecast generation: photovoltaics (MWh),2026-10-05T21:45:00+00:00,2026-10-05T23:45:00+02:00
2026-10-05T08:17:17+00:00,smard:5097:DE:quarterhour,Forecast generation: wind and PV (MWh),2026-10-05T21:45:00+00:00,2026-10-05T23:45:00+02:00
2026-10-05T08:17:17+00:00,smard:715:DE:quarterhour,Forecast generation: other (MWh),2026-10-05T21:45:00+00:00,2026-10-05T23:45:00+02:00
2026-10-05T09:17:15+00:00,smard:4169:DE-LU:quarterhour,Day-ahead price DE-LU (EUR/MWh),2026-10-05T21:45:00+00:00,2026-10-05T23:45:00+02:00
2026-10-05T09:17:15+00:00,smard:411:DE:quarterhour,Forecast: total load (MWh),2026-10-06T21:45:00+00:00,2026-10-06T23:45:00+02:00
2026-10-05T09:17:15+00:00,smard:4362:DE:quarterhour,Forecast: residual load (MWh),2026-10-05T21:45:00+00:00,2026-10-05T23:45:00+02:00
2026-10-05T09:17:15+00:00,smard:122:DE:quarterhour,Forecast generation: total (MWh),2026-10-05T21:45:00+00:00,2026-10-05T23:45:00+02:00
2026-10-05T09:17:15+00:00,smard:123:DE:quarterhour,Forecast generation: wind onshore (MWh),2026-10-05T21:45:00+00:00,2026-10-05T23:45:00+02:00
2026-10-05T09:17:15+00:00,smard:3791:DE:quarterhour,Forecast generation: wind offshore (MWh),2026-10-05T21:45:00+00:00,2026-10-05T23:45:00+02:00
2026-10-05T09:17:15+00:00,smard:125:DE:quarterhour,Forecast generation: photovoltaics (MWh),2026-10-05T21:45:00+00:00,2026-10-05T23:45:00+02:00
2026-10-05T09:17:15+00:00,smard:5097:DE:quarterhour,Forecast generation: wind and PV (MWh),2026-10-05T21:45:00+00:00,2026-10-05T23:45:00+02:00
2026-10-05T09:17:15+00:00,smard:715:DE:quarterhour,Forecast generation: other (MWh),2026-10-05T21:45:00+00:00,2026-10-05T23:45:00+02:00
2026-10-05T09:17:41+00:00,smard:4169:DE-LU:quarterhour,Day-ahead price DE-LU (EUR/MWh),2026-10-05T21:45:00+00:00,2026-10-05T23:45:00+02:00
2026-10-05T09:17:41+00:00,smard:411:DE:quarterhour,Forecast: total load (MWh),2026-10-06T21:45:00+00:00,2026-10-06T23:45:00+02:00
2026-10-05T09:17:41+00:00,smard:4362:DE:quarterhour,Forecast: residual load (MWh),2026-10-05T21:45:00+00:00,2026-10-05T23:45:00+02:00
2026-10-05T09:17:41+00:00,smard:122:DE:quarterhour,Forecast generation: total (MWh),2026-10-05T21:45:00+00:00,2026-10-05T23:45:00+02:00
2026-10-05T09:17:41+00:00,smard:123:DE:quarterhour,Forecast generation: wind onshore (MWh),2026-10-05T21:45:00+00:00,2026-10-05T23:45:00+02:00
2026-10-05T09:17:41+00:00,smard:3791:DE:quarterhour,Forecast generation: wind offshore (MWh),2026-10-05T21:45:00+00:00,2026-10-05T23:45:00+02:00
2026-10-05T09:17:41+00:00,smard:125:DE:quarterhour,Forecast generation: photovoltaics (MWh),2026-10-05T21:45:00+00:00,2026-10-05T23:45:00+02:00
2026-10-05T09:17:41+00:00,smard:5097:DE:quarterhour,Forecast generation: wind and PV (MWh),2026-10-05T21:45:00+00:00,2026-10-05T23:45:00+02:00
2026-10-05T09:17:41+00:00,smard:715:DE:quarterhour,Forecast generation: other (MWh),2026-10-05T21:45:00+00:00,2026-10-05T23:45:00+02:00
2026-10-05T10:17:19+00:00,smard:4169:DE-LU:quarterhour,Day-ahead price DE-LU (EUR/MWh),2026-10-05T21:45:00+00:00,2026-10-05T23:45:00+02:00
2026-10-05T10:17:19+00:00,smard:411:DE:quarterhour,Forecast: total load (MWh),2026-10-06T21:45:00+00:00,2026-10-06T23:45:00+02:00
2026-10-05T10:17:19+00:00,smard:4362:DE:quarterhour,Forecast: residual load (MWh),2026-10-05T21:45:00+00:00,2026-10-05T23:45:00+02:00
2026-10-05T10:17:19+00:00,smard:122:DE:quarterhour,Forecast generation: total (MWh),2026-10-05T21:45:00+00:00,2026-10-05T23:45:00+02:00
2026-10-05T10:17:19+00:00,smard:123:DE:quarterhour,Forecast generation: wind onshore (MWh),2026-10-05T21:45:00+00:00,2026-10-05T23:45:00+02:00
2026-10-05T10:17:19+00:00,smard:3791:DE:quarterhour,Forecast generation: wind offshore (MWh),2026-10-05T21:45:00+00:00,2026-10-05T23:45:00+02:00
2026-10-05T10:17:19+00:00,smard:125:DE:quarterhour,Forecast generation: photovoltaics (MWh),2026-10-05T21:45:00+00:00,2026-10-05T23:45:00+02:00
2026-10-05T10:17:19+00:00,smard:5097:DE:quarterhour,Forecast generation: wind and PV (MWh),2026-10-05T21:45:00+00:00,2026-10-05T23:45:00+02:00
2026-10-05T10:17:19+00:00,smard:715:DE:quarterhour,Forecast generation: other (MWh),2026-10-05T21:45:00+00:00,2026-10-05T23:45:00+02:00
2026-10-05T11:17:18+00:00,smard:4169:DE-LU:quarterhour,Day-ahead price DE-LU (EUR/MWh),2026-10-05T21:45:00+00:00,2026-10-05T23:45:00+02:00
2026-10-05T11:17:18+00:00,smard:411:DE:quarterhour,Forecast: total load (MWh),2026-10-06T21:45:00+00:00,2026-10-06T23:45:00+02:00
2026-10-05T11:17:18+00:00,smard:4362:DE:quarterhour,Forecast: residual load (MWh),2026-10-05T21:45:00+00:00,2026-10-05T23:45:00+02:00
2026-10-05T11:17:18+00:00,smard:122:DE:quarterhour,Forecast generation: total (MWh),2026-10-05T21:45:00+00:00,2026-10-05T23:45:00+02:00
2026-10-05T11:17:18+00:00,smard:123:DE:quarterhour,Forecast generation: wind onshore (MWh),2026-10-05T21:45:00+00:00,2026-10-05T23:45:00+02:00
2026-10-05T11:17:18+00:00,smard:3791:DE:quarterhour,Forecast generation: wind offshore (MWh),2026-10-05T21:45:00+00:00,2026-10-05T23:45:00+02:00
2026-10-05T11:17:18+00:00,smard:125:DE:quarterhour,Forecast generation: photovoltaics (MWh),2026-10-05T21:45:00+00:00,2026-10-05T23:45:00+02:00
2026-10-05T11:17:18+00:00,smard:5097:DE:quarterhour,Forecast generation: wind and PV (MWh),2026-10-05T21:45:00+00:00,2026-10-05T23:45:00+02:00
2026-10-05T11:17:18+00:00,smard:715:DE:quarterhour,Forecast generation: other (MWh),2026-10-05T21:45:00+00:00,2026-10-05T23:45:00+02:00
2026-10-05T12:17:14+00:00,smard:4169:DE-LU:quarterhour,Day-ahead price DE-LU (EUR/MWh),2026-10-06T21:45:00+00:00,2026-10-06T23:45:00+02:00
2026-10-05T12:17:14+00:00,smard:411:DE:quarterhour,Forecast: total load (MWh),2026-10-06T21:45:00+00:00,2026-10-06T23:45:00+02:00
2026-10-05T12:17:14+00:00,smard:4362:DE:quarterhour,Forecast: residual load (MWh),2026-10-05T21:45:00+00:00,2026-10-05T23:45:00+02:00
2026-10-05T12:17:14+00:00,smard:122:DE:quarterhour,Forecast generation: total (MWh),2026-10-05T21:45:00+00:00,2026-10-05T23:45:00+02:00
2026-10-05T12:17:14+00:00,smard:123:DE:quarterhour,Forecast generation: wind onshore (MWh),2026-10-05T21:45:00+00:00,2026-10-05T23:45:00+02:00
2026-10-05T12:17:14+00:00,smard:3791:DE:quarterhour,Forecast generation: wind offshore (MWh),2026-10-05T21:45:00+00:00,2026-10-05T23:45:00+02:00
2026-10-05T12:17:14+00:00,smard:125:DE:quarterhour,Forecast generation: photovoltaics (MWh),2026-10-05T21:45:00+00:00,2026-10-05T23:45:00+02:00
2026-10-05T12:17:14+00:00,smard:5097:DE:quarterhour,Forecast generation: wind and PV (MWh),2026-10-05T21:45:00+00:00,2026-10-05T23:45:00+02:00
2026-10-05T12:17:14+00:00,smard:715:DE:quarterhour,Forecast generation: other (MWh),2026-10-05T21:45:00+00:00,2026-10-05T23:45:00+02:00
2026-10-05T13:17:17+00:00,smard:4169:DE-LU:quarterhour,Day-ahead price DE-LU (EUR/MWh),2026-10-06T21:45:00+00:00,2026-10-06T23:45:00+02:00
2026-10-05T13:17:17+00:00,smard:411:DE:quarterhour,Forecast: total load (MWh),2026-10-06T21:45:00+00:00,2026-10-06T23:45:00+02:00
2026-10-05T13:17:17+00:00,smard:4362:DE:quarterhour,Forecast: residual load (MWh),2026-10-05T21:45:00+00:00,2026-10-05T23:45:00+02:00
2026-10-05T13:17:17+00:00,smard:122:DE:quarterhour,Forecast generation: total (MWh),2026-10-05T21:45:00+00:00,2026-10-05T23:45:00+02:00
2026-10-05T13:17:17+00:00,smard:123:DE:quarterhour,Forecast generation: wind onshore (MWh),2026-10-05T21:45:00+00:00,2026-10-05T23:45:00+02:00
2026-10-05T13:17:17+00:00,smard:3791:DE:quarterhour,Forecast generation: wind offshore (MWh),2026-10-05T21:45:00+00:00,2026-10-05T23:45:00+02:00
2026-10-05T13:17:17+00:00,smard:125:DE:quarterhour,Forecast generation: photovoltaics (MWh),2026-10-05T21:45:00+00:00,2026-10-05T23:45:00+02:00
2026-10-05T13:17:17+00:00,smard:5097:DE:quarterhour,Forecast generation: wind and PV (MWh),2026-10-05T21:45:00+00:00,2026-10-05T23:45:00+02:00
2026-10-05T13:17:17+00:00,smard:715:DE:quarterhour,Forecast generation: other (MWh),2026-10-05T21:45:00+00:00,2026-10-05T23:45:00+02:00
2026-10-05T14:17:18+00:00,smard:4169:DE-LU:quarterhour,Day-ahead price DE-LU (EUR/MWh),2026-10-06T21:45:00+00:00,2026-10-06T23:45:00+02:00
2026-10-05T14:17:18+00:00,smard:411:DE:quarterhour,Forecast: total load (MWh),2026-10-06T21:45:00+00:00,2026-10-06T23:45:00+02:00
2026-10-05T14:17:18+00:00,smard:4362:DE:quarterhour,Forecast: residual load (MWh),2026-10-05T21:45:00+00:00,2026-10-05T23:45:00+02:00
2026-10-05T14:17:18+00:00,smard:122:DE:quarterhour,Forecast generation: total (MWh),2026-10-05T21:45:00+00:00,2026-10-05T23:45:00+02:00
2026-10-05T14:17:18+00:00,smard:123:DE:quarterhour,Forecast generation: wind onshore (MWh),2026-10-05T21:45:00+00:00,2026-10-05T23:45:00+02:00
2026-10-05T14:17:18+00:00,smard:3791:DE:quarterhour,Forecast generation: wind offshore (MWh),2026-10-05T21:45:00+00:00,2026-10-05T23:45:00+02:00
2026-10-05T14:17:18+00:00,smard:125:DE:quarterhour,Forecast generation: photovoltaics (MWh),2026-10-05T21:45:00+00:00,2026-10-05T23:45:00+02:00
2026-10-05T14:17:18+00:00,smard:5097:DE:quarterhour,Forecast generation: wind and PV (MWh),2026-10-05T21:45:00+00:00,2026-10-05T23:45:00+02:00
2026-10-05T14:17:18+00:00,smard:715:DE:quarterhour,Forecast generation: other (MWh),2026-10-05T21:45:00+00:00,2026-10-05T23:45:00+02:00
2026-10-05T14:17:52+00:00,smard:4169:DE-LU:quarterhour,Day-ahead price DE-LU (EUR/MWh),2026-10-06T21:45:00+00:00,2026-10-06T23:45:00+02:00
2026-10-05T14:17:52+00:00,smard:411:DE:quarterhour,Forecast: total load (MWh),2026-10-06T21:45:00+00:00,2026-10-06T23:45:00+02:00
2026-10-05T14:17:52+00:00,smard:4362:DE:quarterhour,Forecast: residual load (MWh),2026-10-05T21:45:00+00:00,2026-10-05T23:45:00+02:00
2026-10-05T14:17:52+00:00,smard:122:DE:quarterhour,Forecast generation: total (MWh),2026-10-05T21:45:00+00:00,2026-10-05T23:45:00+02:00
2026-10-05T14:17:52+00:00,smard:123:DE:quarterhour,Forecast generation: wind onshore (MWh),2026-10-05T21:45:00+00:00,2026-10-05T23:45:00+02:00
2026-10-05T14:17:52+00:00,smard:3791:DE:quarterhour,Forecast generation: wind offshore (MWh),2026-10-05T21:45:00+00:00,2026-10-05T23:45:00+02:00
2026-10-05T14:17:52+00:00,smard:125:DE:quarterhour,Forecast generation: photovoltaics (MWh),2026-10-05T21:45:00+00:00,2026-10-05T23:45:00+02:00
2026-10-05T14:17:52+00:00,smard:5097:DE:quarterhour,Forecast generation: wind and PV (MWh),2026-10-05T21:45:00+00:00,2026-10-05T23:45:00+02:00
2026-10-05T14:17:52+00:00,smard:715:DE:quarterhour,Forecast generation: other (MWh),2026-10-05T21:45:00+00:00,2026-10-05T23:45:00+02:00
2026-10-05T14:42:41+00:00,smard:4169:DE-LU:quarterhour,Day-ahead price DE-LU (EUR/MWh),2026-10-06T21:45:00+00:00,2026-10-06T23:45:00+02:00
2026-10-05T14:42:41+00:00,smard:411:DE:quarterhour,Forecast: total load (MWh),2026-10-06T21:45:00+00:00,2026-10-06T23:45:00+02:00
2026-10-05T14:42:41+00:00,smard:4362:DE:quarterhour,Forecast: residual load (MWh),2026-10-05T21:45:00+00:00,2026-10-05T23:45:00+02:00
2026-10-05T14:42:41+00:00,smard:122:DE:quarterhour,Forecast generation: total (MWh),2026-10-05T21:45:00+00:00,2026-10-05T23:45:00+02:00
2026-10-05T14:42:41+00:00,smard:123:DE:quarterhour,Forecast generation: wind onshore (MWh),2026-10-05T21:45:00+00:00,2026-10-05T23:45:00+02:00
2026-10-05T14:42:41+00:00,smard:3791:DE:quarterhour,Forecast generation: wind offshore (MWh),2026-10-05T21:45:00+00:00,2026-10-05T23:45:00+02:00
2026-10-05T14:42:41+00:00,smard:125:DE:quarterhour,Forecast generation: photovoltaics (MWh),2026-10-05T21:45:00+00:00,2026-10-05T23:45:00+02:00
2026-10-05T14:42:41+00:00,smard:5097:DE:quarterhour,Forecast generation: wind and PV (MWh),2026-10-05T21:45:00+00:00,2026-10-05T23:45:00+02:00
2026-10-05T14:42:41+00:00,smard:715:DE:quarterhour,Forecast generation: other (MWh),2026-10-05T21:45:00+00:00,2026-10-05T23:45:00+02:00
2026-10-05T15:17:16+00:00,smard:4169:DE-LU:quarterhour,Day-ahead price DE-LU (EUR/MWh),2026-10-06T21:45:00+00:00,2026-10-06T23:45:00+02:00
2026-10-05T15:17:16+00:00,smard:411:DE:quarterhour,Forecast: total load (MWh),2026-10-06T21:45:00+00:00,2026-10-06T23:45:00+02:00
2026-10-05T15:17:16+00:00,smard:4362:DE:quarterhour,Forecast: residual load (MWh),2026-10-05T21:45:00+00:00,2026-10-05T23:45:00+02:00
2026-10-05T15:17:16+00:00,smard:122:DE:quarterhour,Forecast generation: total (MWh),2026-10-05T21:45:00+00:00,2026-10-05T23:45:00+02:00
2026-10-05T15:17:16+00:00,smard:123:DE:quarterhour,Forecast generation: wind onshore (MWh),2026-10-05T21:45:00+00:00,2026-10-05T23:45:00+02:00
2026-10-05T15:17:16+00:00,smard:3791:DE:quarterhour,Forecast generation: wind offshore (MWh),2026-10-05T21:45:00+00:00,2026-10-05T23:45:00+02:00
2026-10-05T15:17:16+00:00,smard:125:DE:quarterhour,Forecast generation: photovoltaics (MWh),2026-10-05T21:45:00+00:00,2026-10-05T23:45:00+02:00
2026-10-05T15:17:16+00:00,smard:5097:DE:quarterhour,Forecast generation: wind and PV (MWh),2026-10-05T21:45:00+00:00,2026-10-05T23:45:00+02:00
2026-10-05T15:17:16+00:00,smard:715:DE:quarterhour,Forecast generation: other (MWh),2026-10-05T21:45:00+00:00,2026-10-05T23:45:00+02:00
2026-10-05T16:17:19+00:00,smard:4169:DE-LU:quarterhour,Day-ahead price DE-LU (EUR/MWh),2026-10-06T21:45:00+00:00,2026-10-06T23:45:00+02:00
2026-10-05T16:17:19+00:00,smard:411:DE:quarterhour,Forecast: total load (MWh),2026-10-06T21:45:00+00:00,2026-10-06T23:45:00+02:00
2026-10-05T16:17:19+00:00,smard:4362:DE:quarterhour,Forecast: residual load (MWh),2026-10-06T21:45:00+00:00,2026-10-06T23:45:00+02:00
2026-10-05T16:17:19+00:00,smard:122:DE:quarterhour,Forecast generation: total (MWh),2026-10-06T21:45:00+00:00,2026-10-06T23:45:00+02:00
2026-10-05T16:17:19+00:00,smard:123:DE:quarterhour,Forecast generation: wind onshore (MWh),2026-10-06T21:45:00+00:00,2026-10-06T23:45:00+02:00
2026-10-05T16:17:19+00:00,smard:3791:DE:quarterhour,Forecast generation: wind offshore (MWh),2026-10-06T21:45:00+00:00,2026-10-06T23:45:00+02:00
2026-10-05T16:17:19+00:00,smard:125:DE:quarterhour,Forecast generation: photovoltaics (MWh),2026-10-06T21:45:00+00:00,2026-10-06T23:45:00+02:00
2026-10-05T16:17:19+00:00,smard:5097:DE:quarterhour,Forecast generation: wind and PV (MWh),2026-10-06T21:45:00+00:00,2026-10-06T23:45:00+02:00
2026-10-05T16:17:19+00:00,smard:715:DE:quarterhour,Forecast generation: other (MWh),2026-10-06T21:45:00+00:00,2026-10-06T23:45:00+02:00
2026-10-05T17:17:20+00:00,smard:4169:DE-LU:quarterhour,Day-ahead price DE-LU (EUR/MWh),2026-10-06T21:45:00+00:00,2026-10-06T23:45:00+02:00
2026-10-05T17:17:20+00:00,smard:411:DE:quarterhour,Forecast: total load (MWh),2026-10-06T21:45:00+00:00,2026-10-06T23:45:00+02:00
2026-10-05T17:17:20+00:00,smard:4362:DE:quarterhour,Forecast: residual load (MWh),2026-10-06T21:45:00+00:00,2026-10-06T23:45:00+02:00
2026-10-05T17:17:20+00:00,smard:122:DE:quarterhour,Forecast generation: total (MWh),2026-10-06T21:45:00+00:00,2026-10-06T23:45:00+02:00
2026-10-05T17:17:20+00:00,smard:123:DE:quarterhour,Forecast generation: wind onshore (MWh),2026-10-06T21:45:00+00:00,2026-10-06T23:45:00+02:00
2026-10-05T17:17:20+00:00,smard:3791:DE:quarterhour,Forecast generation: wind offshore (MWh),2026-10-06T21:45:00+00:00,2026-10-06T23:45:00+02:00
2026-10-05T17:17:20+00:00,smard:125:DE:quarterhour,Forecast generation: photovoltaics (MWh),2026-10-06T21:45:00+00:00,2026-10-06T23:45:00+02:00
2026-10-05T17:17:20+00:00,smard:5097:DE:quarterhour,Forecast generation: wind and PV (MWh),2026-10-06T21:45:00+00:00,2026-10-06T23:45:00+02:00
2026-10-05T17:17:20+00:00,smard:715:DE:quarterhour,Forecast generation: other (MWh),2026-10-06T21:45:00+00:00,2026-10-06T23:45:00+02:00
2026-10-05T18:17:16+00:00,smard:4169:DE-LU:quarterhour,Day-ahead price DE-LU (EUR/MWh),2026-10-06T21:45:00+00:00,2026-10-06T23:45:00+02:00
2026-10-05T18:17:16+00:00,smard:411:DE:quarterhour,Forecast: total load (MWh),2026-10-06T21:45:00+00:00,2026-10-06T23:45:00+02:00
2026-10-05T18:17:16+00:00,smard:4362:DE:quarterhour,Forecast: residual load (MWh),2026-10-06T21:45:00+00:00,2026-10-06T23:45:00+02:00
2026-10-05T18:17:16+00:00,smard:122:DE:quarterhour,Forecast generation: total (MWh),2026-10-06T21:45:00+00:00,2026-10-06T23:45:00+02:00
2026-10-05T18:17:16+00:00,smard:123:DE:quarterhour,Forecast generation: wind onshore (MWh),2026-10-06T21:45:00+00:00,2026-10-06T23:45:00+02:00
2026-10-05T18:17:16+00:00,smard:3791:DE:quarterhour,Forecast generation: wind offshore (MWh),2026-10-06T21:45:00+00:00,2026-10-06T23:45:00+02:00
2026-10-05T18:17:16+00:00,smard:125:DE:quarterhour,Forecast generation: photovoltaics (MWh),2026-10-06T21:45:00+00:00,2026-10-06T23:45:00+02:00
2026-10-05T18:17:16+00:00,smard:5097:DE:quarterhour,Forecast generation: wind and PV (MWh),2026-10-06T21:45:00+00:00,2026-10-06T23:45:00+02:00
2026-10-05T18:17:16+00:00,smard:715:DE:quarterhour,Forecast generation: other (MWh),2026-10-06T21:45:00+00:00,2026-10-06T23:45:00+02:00
2026-10-05T19:17:22+00:00,smard:4169:DE-LU:quarterhour,Day-ahead price DE-LU (EUR/MWh),2026-10-06T21:45:00+00:00,2026-10-06T23:45:00+02:00
2026-10-05T19:17:22+00:00,smard:411:DE:quarterhour,Forecast: total load (MWh),2026-10-06T21:45:00+00:00,2026-10-06T23:45:00+02:00
2026-10-05T19:17:22+00:00,smard:4362:DE:quarterhour,Forecast: residual load (MWh),2026-10-06T21:45:00+00:00,2026-10-06T23:45:00+02:00
2026-10-05T19:17:22+00:00,smard:122:DE:quarterhour,Forecast generation: total (MWh),2026-10-06T21:45:00+00:00,2026-10-06T23:45:00+02:00
2026-10-05T19:17:22+00:00,smard:123:DE:quarterhour,Forecast generation: wind onshore (MWh),2026-10-06T21:45:00+00:00,2026-10-06T23:45:00+02:00
2026-10-05T19:17:22+00:00,smard:3791:DE:quarterhour,Forecast generation: wind offshore (MWh),2026-10-06T21:45:00+00:00,2026-10-06T23:45:00+02:00
2026-10-05T19:17:22+00:00,smard:125:DE:quarterhour,Forecast generation: photovoltaics (MWh),2026-10-06T21:45:00+00:00,2026-10-06T23:45:00+02:00
2026-10-05T19:17:22+00:00,smard:5097:DE:quarterhour,Forecast generation: wind and PV (MWh),2026-10-06T21:45:00+00:00,2026-10-06T23:45:00+02:00
2026-10-05T19:17:22+00:00,smard:715:DE:quarterhour,Forecast generation: other (MWh),2026-10-06T21:45:00+00:00,2026-10-06T23:45:00+02:00
2026-10-05T19:18:08+00:00,smard:4169:DE-LU:quarterhour,Day-ahead price DE-LU (EUR/MWh),2026-10-06T21:45:00+00:00,2026-10-06T23:45:00+02:00
2026-10-05T19:18:08+00:00,smard:411:DE:quarterhour,Forecast: total load (MWh),2026-10-06T21:45:00+00:00,2026-10-06T23:45:00+02:00
2026-10-05T19:18:08+00:00,smard:4362:DE:quarterhour,Forecast: residual load (MWh),2026-10-06T21:45:00+00:00,2026-10-06T23:45:00+02:00
2026-10-05T19:18:08+00:00,smard:122:DE:quarterhour,Forecast generation: total (MWh),2026-10-06T21:45:00+00:00,2026-10-06T23:45:00+02:00
2026-10-05T19:18:08+00:00,smard:123:DE:quarterhour,Forecast generation: wind onshore (MWh),2026-10-06T21:45:00+00:00,2026-10-06T23:45:00+02:00
2026-10-05T19:18:08+00:00,smard:3791:DE:quarterhour,Forecast generation: wind offshore (MWh),2026-10-06T21:45:00+00:00,2026-10-06T23:45:00+02:00
2026-10-05T19:18:08+00:00,smard:125:DE:quarterhour,Forecast generation: photovoltaics (MWh),2026-10-06T21:45:00+00:00,2026-10-06T23:45:00+02:00
2026-10-05T19:18:08+00:00,smard:5097:DE:quarterhour,Forecast generation: wind and PV (MWh),2026-10-06T21:45:00+00:00,2026-10-06T23:45:00+02:00
2026-10-05T19:18:08+00:00,smard:715:DE:quarterhour,Forecast generation: other (MWh),2026-10-06T21:45:00+00:00,2026-10-06T23:45:00+02:00
2026-10-05T20:27:51+00:00,smard:4169:DE-LU:quarterhour,Day-ahead price DE-LU (EUR/MWh),2026-10-06T21:45:00+00:00,2026-10-06T23:45:00+02:00
2026-10-05T20:27:51+00:00,smard:411:DE:quarterhour,Forecast: total load (MWh),2026-10-06T21:45:00+00:00,2026-10-06T23:45:00+02:00
2026-10-05T20:27:51+00:00,smard:4362:DE:quarterhour,Forecast: residual load (MWh),2026-10-06T21:45:00+00:00,2026-10-06T23:45:00+02:00
2026-10-05T20:27:51+00:00,smard:122:DE:quarterhour,Forecast generation: total (MWh),2026-10-06T21:45:00+00:00,2026-10-06T23:45:00+02:00
2026-10-05T20:27:51+00:00,smard:123:DE:quarterhour,Forecast generation: wind onshore (MWh),2026-10-06T21:45:00+00:00,2026-10-06T23:45:00+02:00
2026-10-05T20:27:51+00:00,smard:3791:DE:quarterhour,Forecast generation: wind offshore (MWh),2026-10-06T21:45:00+00:00,2026-10-06T23:45:00+02:00
2026-10-05T20:27:51+00:00,smard:125:DE:quarterhour,Forecast generation: photovoltaics (MWh),2026-10-06T21:45:00+00:00,2026-10-06T23:45:00+02:00
2026-10-05T20:27:51+00:00,smard:5097:DE:quarterhour,Forecast generation: wind and PV (MWh),2026-10-06T21:45:00+00:00,2026-10-06T23:45:00+02:00
2026-10-05T20:27:51+00:00,smard:715:DE:quarterhour,Forecast generation: other (MWh),2026-10-06T21:45:00+00:00,2026-10-06T23:45:00+02:00
2026-10-05T21:22:24+00:00,smard:4169:DE-LU:quarterhour,Day-ahead price DE-LU (EUR/MWh),2026-10-06T21:45:00+00:00,2026-10-06T23:45:00+02:00
2026-10-05T21:22:24+00:00,smard:411:DE:quarterhour,Forecast: total load (MWh),2026-10-06T21:45:00+00:00,2026-10-06T23:45:00+02:00
2026-10-05T21:22:24+00:00,smard:4362:DE:quarterhour,Forecast: residual load (MWh),2026-10-06T21:45:00+00:00,2026-10-06T23:45:00+02:00
2026-10-05T21:22:24+00:00,smard:122:DE:quarterhour,Forecast generation: total (MWh),2026-10-06T21:45:00+00:00,2026-10-06T23:45:00+02:00
2026-10-05T21:22:24+00:00,smard:123:DE:quarterhour,Forecast generation: wind onshore (MWh),2026-10-06T21:45:00+00:00,2026-10-06T23:45:00+02:00
2026-10-05T21:22:24+00:00,smard:3791:DE:quarterhour,Forecast generation: wind offshore (MWh),2026-10-06T21:45:00+00:00,2026-10-06T23:45:00+02:00
2026-10-05T21:22:24+00:00,smard:125:DE:quarterhour,Forecast generation: photovoltaics (MWh),2026-10-06T21:45:00+00:00,2026-10-06T23:45:00+02:00
2026-10-05T21:22:24+00:00,smard:5097:DE:quarterhour,Forecast generation: wind and PV (MWh),2026-10-06T21:45:00+00:00,2026-10-06T23:45:00+02:00
2026-10-05T21:22:24+00:00,smard:715:DE:quarterhour,Forecast generation: other (MWh),2026-10-06T21:45:00+00:00,2026-10-06T23:45:00+02:00
2026-10-05T22:17:15+00:00,smard:4169:DE-LU:quarterhour,Day-ahead price DE-LU (EUR/MWh),2026-10-06T21:45:00+00:00,2026-10-06T23:45:00+02:00
2026-10-05T22:17:15+00:00,smard:411:DE:quarterhour,Forecast: total load (MWh),2026-10-06T21:45:00+00:00,2026-10-06T23:45:00+02:00
2026-10-05T22:17:15+00:00,smard:4362:DE:quarterhour,Forecast: residual load (MWh),2026-10-06T21:45:00+00:00,2026-10-06T23:45:00+02:00
2026-10-05T22:17:15+00:00,smard:122:DE:quarterhour,Forecast generation: total (MWh),2026-10-06T21:45:00+00:00,2026-10-06T23:45:00+02:00
2026-10-05T22:17:15+00:00,smard:123:DE:quarterhour,Forecast generation: wind onshore (MWh),2026-10-06T21:45:00+00:00,2026-10-06T23:45:00+02:00
2026-10-05T22:17:15+00:00,smard:3791:DE:quarterhour,Forecast generation: wind offshore (MWh),2026-10-06T21:45:00+00:00,2026-10-06T23:45:00+02:00
2026-10-05T22:17:15+00:00,smard:125:DE:quarterhour,Forecast generation: photovoltaics (MWh),2026-10-06T21:45:00+00:00,2026-10-06T23:45:00+02:00
2026-10-05T22:17:15+00:00,smard:5097:DE:quarterhour,Forecast generation: wind and PV (MWh),2026-10-06T21:45:00+00:00,2026-10-06T23:45:00+02:00
2026-10-05T22:17:15+00:00,smard:715:DE:quarterhour,Forecast generation: other (MWh),2026-10-06T21:45:00+00:00,2026-10-06T23:45:00+02:00
2026-10-05T23:17:19+00:00,smard:4169:DE-LU:quarterhour,Day-ahead price DE-LU (EUR/MWh),2026-10-06T21:45:00+00:00,2026-10-06T23:45:00+02:00
2026-10-05T23:17:19+00:00,smard:411:DE:quarterhour,Forecast: total load (MWh),2026-10-06T21:45:00+00:00,2026-10-06T23:45:00+02:00
2026-10-05T23:17:19+00:00,smard:4362:DE:quarterhour,Forecast: residual load (MWh),2026-10-06T21:45:00+00:00,2026-10-06T23:45:00+02:00
2026-10-05T23:17:19+00:00,smard:122:DE:quarterhour,Forecast generation: total (MWh),2026-10-06T21:45:00+00:00,2026-10-06T23:45:00+02:00
2026-10-05T23:17:19+00:00,smard:123:DE:quarterhour,Forecast generation: wind onshore (MWh),2026-10-06T21:45:00+00:00,2026-10-06T23:45:00+02:00
2026-10-05T23:17:19+00:00,smard:3791:DE:quarterhour,Forecast generation: wind offshore (MWh),2026-10-06T21:45:00+00:00,2026-10-06T23:45:00+02:00
2026-10-05T23:17:19+00:00,smard:125:DE:quarterhour,Forecast generation: photovoltaics (MWh),2026-10-06T21:45:00+00:00,2026-10-06T23:45:00+02:00
2026-10-05T23:17:19+00:00,smard:5097:DE:quarterhour,Forecast generation: wind and PV (MWh),2026-10-06T21:45:00+00:00,2026-10-06T23:45:00+02:00
2026-10-05T23:17:19+00:00,smard:715:DE:quarterhour,Forecast generation: other (MWh),2026-10-06T21:45:00+00:00,2026-10-06T23:45:00+02:00
2026-10-06T00:04:38+00:00,smard:4169:DE-LU:quarterhour,Day-ahead price DE-LU (EUR/MWh),2026-10-06T21:45:00+00:00,2026-10-06T23:45:00+02:00
2026-10-06T00:04:38+00:00,smard:411:DE:quarterhour,Forecast: total load (MWh),2026-10-06T21:45:00+00:00,2026-10-06T23:45:00+02:00
2026-10-06T00:04:38+00:00,smard:4362:DE:quarterhour,Forecast: residual load (MWh),2026-10-06T21:45:00+00:00,2026-10-06T23:45:00+02:00
2026-10-06T00:04:38+00:00,smard:122:DE:quarterhour,Forecast generation: total (MWh),2026-10-06T21:45:00+00:00,2026-10-06T23:45:00+02:00
2026-10-06T00:04:38+00:00,smard:123:DE:quarterhour,Forecast generation: wind onshore (MWh),2026-10-06T21:45:00+00:00,2026-10-06T23:45:00+02:00
2026-10-06T00:04:38+00:00,smard:3791:DE:quarterhour,Forecast generation: wind offshore (MWh),2026-10-06T21:45:00+00:00,2026-10-06T23:45:00+02:00
2026-10-06T00:04:38+00:00,smard:125:DE:quarterhour,Forecast generation: photovoltaics (MWh),2026-10-06T21:45:00+00:00,2026-10-06T23:45:00+02:00
2026-10-06T00:04:38+00:00,smard:5097:DE:quarterhour,Forecast generation: wind and PV (MWh),2026-10-06T21:45:00+00:00,2026-10-06T23:45:00+02:00
2026-10-06T00:04:38+00:00,smard:715:DE:quarterhour,Forecast generation: other (MWh),2026-10-06T21:45:00+00:00,2026-10-06T23:45:00+02:00
2026-10-06T00:17:17+00:00,smard:4169:DE-LU:quarterhour,Day-ahead price DE-LU (EUR/MWh),2026-10-06T21:45:00+00:00,2026-10-06T23:45:00+02:00
2026-10-06T00:17:17+00:00,smard:411:DE:quarterhour,Forecast: total load (MWh),2026-10-06T21:45:00+00:00,2026-10-06T23:45:00+02:00
2026-10-06T00:17:17+00:00,smard:4362:DE:quarterhour,Forecast: residual load (MWh),2026-10-06T21:45:00+00:00,2026-10-06T23:45:00+02:00
2026-10-06T00:17:17+00:00,smard:122:DE:quarterhour,Forecast generation: total (MWh),2026-10-06T21:45:00+00:00,2026-10-06T23:45:00+02:00
2026-10-06T00:17:17+00:00,smard:123:DE:quarterhour,Forecast generation: wind onshore (MWh),2026-10-06T21:45:00+00:00,2026-10-06T23:45:00+02:00
2026-10-06T00:17:17+00:00,smard:3791:DE:quarterhour,Forecast generation: wind offshore (MWh),2026-10-06T21:45:00+00:00,2026-10-06T23:45:00+02:00
2026-10-06T00:17:17+00:00,smard:125:DE:quarterhour,Forecast generation: photovoltaics (MWh),2026-10-06T21:45:00+00:00,2026-10-06T23:45:00+02:00
2026-10-06T00:17:17+00:00,smard:5097:DE:quarterhour,Forecast generation: wind and PV (MWh),2026-10-06T21:45:00+00:00,2026-10-06T23:45:00+02:00
2026-10-06T00:17:17+00:00,smard:715:DE:quarterhour,Forecast generation: other (MWh),2026-10-06T21:45:00+00:00,2026-10-06T23:45:00+02:00
2026-10-06T00:17:53+00:00,smard:4169:DE-LU:quarterhour,Day-ahead price DE-LU (EUR/MWh),2026-10-06T21:45:00+00:00,2026-10-06T23:45:00+02:00
2026-10-06T00:17:53+00:00,smard:411:DE:quarterhour,Forecast: total load (MWh),2026-10-06T21:45:00+00:00,2026-10-06T23:45:00+02:00
2026-10-06T00:17:53+00:00,smard:4362:DE:quarterhour,Forecast: residual load (MWh),2026-10-06T21:45:00+00:00,2026-10-06T23:45:00+02:00
2026-10-06T00:17:53+00:00,smard:122:DE:quarterhour,Forecast generation: total (MWh),2026-10-06T21:45:00+00:00,2026-10-06T23:45:00+02:00
2026-10-06T00:17:53+00:00,smard:123:DE:quarterhour,Forecast generation: wind onshore (MWh),2026-10-06T21:45:00+00:00,2026-10-06T23:45:00+02:00
2026-10-06T00:17:53+00:00,smard:3791:DE:quarterhour,Forecast generation: wind offshore (MWh),2026-10-06T21:45:00+00:00,2026-10-06T23:45:00+02:00
2026-10-06T00:17:53+00:00,smard:125:DE:quarterhour,Forecast generation: photovoltaics (MWh),2026-10-06T21:45:00+00:00,2026-10-06T23:45:00+02:00
2026-10-06T00:17:53+00:00,smard:5097:DE:quarterhour,Forecast generation: wind and PV (MWh),2026-10-06T21:45:00+00:00,2026-10-06T23:45:00+02:00
2026-10-06T00:17:53+00:00,smard:715:DE:quarterhour,Forecast generation: other (MWh),2026-10-06T21:45:00+00:00,2026-10-06T23:45:00+02:00
2026-10-06T01:17:17+00:00,smard:4169:DE-LU:quarterhour,Day-ahead price DE-LU (EUR/MWh),2026-10-06T21:45:00+00:00,2026-10-06T23:45:00+02:00
2026-10-06T01:17:17+00:00,smard:411:DE:quarterhour,Forecast: total load (MWh),2026-10-06T21:45:00+00:00,2026-10-06T23:45:00+02:00
2026-10-06T01:17:17+00:00,smard:4362:DE:quarterhour,Forecast: residual load (MWh),2026-10-06T21:45:00+00:00,2026-10-06T23:45:00+02:00
2026-10-06T01:17:17+00:00,smard:122:DE:quarterhour,Forecast generation: total (MWh),2026-10-06T21:45:00+00:00,2026-10-06T23:45:00+02:00
2026-10-06T01:17:17+00:00,smard:123:DE:quarterhour,Forecast generation: wind onshore (MWh),2026-10-06T21:45:00+00:00,2026-10-06T23:45:00+02:00
2026-10-06T01:17:17+00:00,smard:3791:DE:quarterhour,Forecast generation: wind offshore (MWh),2026-10-06T21:45:00+00:00,2026-10-06T23:45:00+02:00
2026-10-06T01:17:17+00:00,smard:125:DE:quarterhour,Forecast generation: photovoltaics (MWh),2026-10-06T21:45:00+00:00,2026-10-06T23:45:00+02:00
2026-10-06T01:17:17+00:00,smard:5097:DE:quarterhour,Forecast generation: wind and PV (MWh),2026-10-06T21:45:00+00:00,2026-10-06T23:45:00+02:00
2026-10-06T01:17:17+00:00,smard:715:DE:quarterhour,Forecast generation: other (MWh),2026-10-06T21:45:00+00:00,2026-10-06T23:45:00+02:00
2026-10-06T02:17:23+00:00,smard:4169:DE-LU:quarterhour,Day-ahead price DE-LU (EUR/MWh),2026-10-06T21:45:00+00:00,2026-10-06T23:45:00+02:00
2026-10-06T02:17:23+00:00,smard:411:DE:quarterhour,Forecast: total load (MWh),2026-10-06T21:45:00+00:00,2026-10-06T23:45:00+02:00
2026-10-06T02:17:23+00:00,smard:4362:DE:quarterhour,Forecast: residual load (MWh),2026-10-06T21:45:00+00:00,2026-10-06T23:45:00+02:00
2026-10-06T02:17:23+00:00,smard:122:DE:quarterhour,Forecast generation: total (MWh),2026-10-06T21:45:00+00:00,2026-10-06T23:45:00+02:00
2026-10-06T02:17:23+00:00,smard:123:DE:quarterhour,Forecast generation: wind onshore (MWh),2026-10-06T21:45:00+00:00,2026-10-06T23:45:00+02:00
2026-10-06T02:17:23+00:00,smard:3791:DE:quarterhour,Forecast generation: wind offshore (MWh),2026-10-06T21:45:00+00:00,2026-10-06T23:45:00+02:00
2026-10-06T02:17:23+00:00,smard:125:DE:quarterhour,Forecast generation: photovoltaics (MWh),2026-10-06T21:45:00+00:00,2026-10-06T23:45:00+02:00
2026-10-06T02:17:23+00:00,smard:5097:DE:quarterhour,Forecast generation: wind and PV (MWh),2026-10-06T21:45:00+00:00,2026-10-06T23:45:00+02:00
2026-10-06T02:17:23+00:00,smard:715:DE:quarterhour,Forecast generation: other (MWh),2026-10-06T21:45:00+00:00,2026-10-06T23:45:00+02:00
2026-10-06T03:17:17+00:00,smard:4169:DE-LU:quarterhour,Day-ahead price DE-LU (EUR/MWh),2026-10-06T21:45:00+00:00,2026-10-06T23:45:00+02:00
2026-10-06T03:17:17+00:00,smard:411:DE:quarterhour,Forecast: total load (MWh),2026-10-06T21:45:00+00:00,2026-10-06T23:45:00+02:00
2026-10-06T03:17:17+00:00,smard:4362:DE:quarterhour,Forecast: residual load (MWh),2026-10-06T21:45:00+00:00,2026-10-06T23:45:00+02:00
2026-10-06T03:17:17+00:00,smard:122:DE:quarterhour,Forecast generation: total (MWh),2026-10-06T21:45:00+00:00,2026-10-06T23:45:00+02:00
2026-10-06T03:17:17+00:00,smard:123:DE:quarterhour,Forecast generation: wind onshore (MWh),2026-10-06T21:45:00+00:00,2026-10-06T23:45:00+02:00
2026-10-06T03:17:17+00:00,smard:3791:DE:quarterhour,Forecast generation: wind offshore (MWh),2026-10-06T21:45:00+00:00,2026-10-06T23:45:00+02:00
2026-10-06T03:17:17+00:00,smard:125:DE:quarterhour,Forecast generation: photovoltaics (MWh),2026-10-06T21:45:00+00:00,2026-10-06T23:45:00+02:00
2026-10-06T03:17:17+00:00,smard:5097:DE:quarterhour,Forecast generation: wind and PV (MWh),2026-10-06T21:45:00+00:00,2026-10-06T23:45:00+02:00
2026-10-06T03:17:17+00:00,smard:715:DE:quarterhour,Forecast generation: other (MWh),2026-10-06T21:45:00+00:00,2026-10-06T23:45:00+02:00
2026-10-06T04:17:13+00:00,smard:4169:DE-LU:quarterhour,Day-ahead price DE-LU (EUR/MWh),2026-10-06T21:45:00+00:00,2026-10-06T23:45:00+02:00
2026-10-06T04:17:13+00:00,smard:411:DE:quarterhour,Forecast: total load (MWh),2026-10-06T21:45:00+00:00,2026-10-06T23:45:00+02:00
2026-10-06T04:17:13+00:00,smard:4362:DE:quarterhour,Forecast: residual load (MWh),2026-10-06T21:45:00+00:00,2026-10-06T23:45:00+02:00
2026-10-06T04:17:13+00:00,smard:122:DE:quarterhour,Forecast generation: total (MWh),2026-10-06T21:45:00+00:00,2026-10-06T23:45:00+02:00
2026-10-06T04:17:13+00:00,smard:123:DE:quarterhour,Forecast generation: wind onshore (MWh),2026-10-06T21:45:00+00:00,2026-10-06T23:45:00+02:00
2026-10-06T04:17:13+00:00,smard:3791:DE:quarterhour,Forecast generation: wind offshore (MWh),2026-10-06T21:45:00+00:00,2026-10-06T23:45:00+02:00
2026-10-06T04:17:13+00:00,smard:125:DE:quarterhour,Forecast generation: photovoltaics (MWh),2026-10-06T21:45:00+00:00,2026-10-06T23:45:00+02:00
2026-10-06T04:17:13+00:00,smard:5097:DE:quarterhour,Forecast generation: wind and PV (MWh),2026-10-06T21:45:00+00:00,2026-10-06T23:45:00+02:00
2026-10-06T04:17:13+00:00,smard:715:DE:quarterhour,Forecast generation: other (MWh),2026-10-06T21:45:00+00:00,2026-10-06T23:45:00+02:00
2026-10-06T05:17:17+00:00,smard:4169:DE-LU:quarterhour,Day-ahead price DE-LU (EUR/MWh),2026-10-06T21:45:00+00:00,2026-10-06T23:45:00+02:00
2026-10-06T05:17:17+00:00,smard:411:DE:quarterhour,Forecast: total load (MWh),2026-10-06T21:45:00+00:00,2026-10-06T23:45:00+02:00
2026-10-06T05:17:17+00:00,smard:4362:DE:quarterhour,Forecast: residual load (MWh),2026-10-06T21:45:00+00:00,2026-10-06T23:45:00+02:00
2026-10-06T05:17:17+00:00,smard:122:DE:quarterhour,Forecast generation: total (MWh),2026-10-06T21:45:00+00:00,2026-10-06T23:45:00+02:00
2026-10-06T05:17:17+00:00,smard:123:DE:quarterhour,Forecast generation: wind onshore (MWh),2026-10-06T21:45:00+00:00,2026-10-06T23:45:00+02:00
2026-10-06T05:17:17+00:00,smard:3791:DE:quarterhour,Forecast generation: wind offshore (MWh),2026-10-06T21:45:00+00:00,2026-10-06T23:45:00+02:00
2026-10-06T05:17:17+00:00,smard:125:DE:quarterhour,Forecast generation: photovoltaics (MWh),2026-10-06T21:45:00+00:00,2026-10-06T23:45:00+02:00
2026-10-06T05:17:17+00:00,smard:5097:DE:quarterhour,Forecast generation: wind and PV (MWh),2026-10-06T21:45:00+00:00,2026-10-06T23:45:00+02:00
2026-10-06T05:17:17+00:00,smard:715:DE:quarterhour,Forecast generation: other (MWh),2026-10-06T21:45:00+00:00,2026-10-06T23:45:00+02:00
2026-10-06T05:17:50+00:00,smard:4169:DE-LU:quarterhour,Day-ahead price DE-LU (EUR/MWh),2026-10-06T21:45:00+00:00,2026-10-06T23:45:00+02:00
2026-10-06T05:17:50+00:00,smard:411:DE:quarterhour,Forecast: total load (MWh),2026-10-06T21:45:00+00:00,2026-10-06T23:45:00+02:00
2026-10-06T05:17:50+00:00,smard:4362:DE:quarterhour,Forecast: residual load (MWh),2026-10-06T21:45:00+00:00,2026-10-06T23:45:00+02:00
2026-10-06T05:17:50+00:00,smard:122:DE:quarterhour,Forecast generation: total (MWh),2026-10-06T21:45:00+00:00,2026-10-06T23:45:00+02:00
2026-10-06T05:17:50+00:00,smard:123:DE:quarterhour,Forecast generation: wind onshore (MWh),2026-10-06T21:45:00+00:00,2026-10-06T23:45:00+02:00
2026-10-06T05:17:50+00:00,smard:3791:DE:quarterhour,Forecast generation: wind offshore (MWh),2026-10-06T21:45:00+00:00,2026-10-06T23:45:00+02:00
2026-10-06T05:17:50+00:00,smard:125:DE:quarterhour,Forecast generation: photovoltaics (MWh),2026-10-06T21:45:00+00:00,2026-10-06T23:45:00+02:00
2026-10-06T05:17:50+00:00,smard:5097:DE:quarterhour,Forecast generation: wind and PV (MWh),2026-10-06T21:45:00+00:00,2026-10-06T23:45:00+02:00
2026-10-06T05:17:50+00:00,smard:715:DE:quarterhour,Forecast generation: other (MWh),2026-10-06T21:45:00+00:00,2026-10-06T23:45:00+02:00
2026-10-06T06:17:18+00:00,smard:4169:DE-LU:quarterhour,Day-ahead price DE-LU (EUR/MWh),2026-10-06T21:45:00+00:00,2026-10-06T23:45:00+02:00
2026-10-06T06:17:18+00:00,smard:411:DE:quarterhour,Forecast: total load (MWh),2026-10-06T21:45:00+00:00,2026-10-06T23:45:00+02:00
2026-10-06T06:17:18+00:00,smard:4362:DE:quarterhour,Forecast: residual load (MWh),2026-10-06T21:45:00+00:00,2026-10-06T23:45:00+02:00
2026-10-06T06:17:18+00:00,smard:122:DE:quarterhour,Forecast generation: total (MWh),2026-10-06T21:45:00+00:00,2026-10-06T23:45:00+02:00
2026-10-06T06:17:18+00:00,smard:123:DE:quarterhour,Forecast generation: wind onshore (MWh),2026-10-06T21:45:00+00:00,2026-10-06T23:45:00+02:00
2026-10-06T06:17:18+00:00,smard:3791:DE:quarterhour,Forecast generation: wind offshore (MWh),2026-10-06T21:45:00+00:00,2026-10-06T23:45:00+02:00
2026-10-06T06:17:18+00:00,smard:125:DE:quarterhour,Forecast generation: photovoltaics (MWh),2026-10-06T21:45:00+00:00,2026-10-06T23:45:00+02:00
2026-10-06T06:17:18+00:00,smard:5097:DE:quarterhour,Forecast generation: wind and PV (MWh),2026-10-06T21:45:00+00:00,2026-10-06T23:45:00+02:00
2026-10-06T06:17:18+00:00,smard:715:DE:quarterhour,Forecast generation: other (MWh),2026-10-06T21:45:00+00:00,2026-10-06T23:45:00+02:00
2026-10-06T06:22:53+00:00,smard:4169:DE-LU:quarterhour,Day-ahead price DE-LU (EUR/MWh),2026-10-06T21:45:00+00:00,2026-10-06T23:45:00+02:00
2026-10-06T06:22:53+00:00,smard:411:DE:quarterhour,Forecast: total load (MWh),2026-10-06T21:45:00+00:00,2026-10-06T23:45:00+02:00
2026-10-06T06:22:53+00:00,smard:4362:DE:quarterhour,Forecast: residual load (MWh),2026-10-06T21:45:00+00:00,2026-10-06T23:45:00+02:00
2026-10-06T06:22:53+00:00,smard:122:DE:quarterhour,Forecast generation: total (MWh),2026-10-06T21:45:00+00:00,2026-10-06T23:45:00+02:00
2026-10-06T06:22:53+00:00,smard:123:DE:quarterhour,Forecast generation: wind onshore (MWh),2026-10-06T21:45:00+00:00,2026-10-06T23:45:00+02:00
2026-10-06T06:22:53+00:00,smard:3791:DE:quarterhour,Forecast generation: wind offshore (MWh),2026-10-06T21:45:00+00:00,2026-10-06T23:45:00+02:00
2026-10-06T06:22:53+00:00,smard:125:DE:quarterhour,Forecast generation: photovoltaics (MWh),2026-10-06T21:45:00+00:00,2026-10-06T23:45:00+02:00
2026-10-06T06:22:53+00:00,smard:5097:DE:quarterhour,Forecast generation: wind and PV (MWh),2026-10-06T21:45:00+00:00,2026-10-06T23:45:00+02:00
2026-10-06T06:22:53+00:00,smard:715:DE:quarterhour,Forecast generation: other (MWh),2026-10-06T21:45:00+00:00,2026-10-06T23:45:00+02:00
2026-10-06T07:17:16+00:00,smard:4169:DE-LU:quarterhour,Day-ahead price DE-LU (EUR/MWh),2026-10-06T21:45:00+00:00,2026-10-06T23:45:00+02:00
2026-10-06T07:17:16+00:00,smard:411:DE:quarterhour,Forecast: total load (MWh),2026-10-06T21:45:00+00:00,2026-10-06T23:45:00+02:00
2026-10-06T07:17:16+00:00,smard:4362:DE:quarterhour,Forecast: residual load (MWh),2026-10-06T21:45:00+00:00,2026-10-06T23:45:00+02:00
2026-10-06T07:17:16+00:00,smard:122:DE:quarterhour,Forecast generation: total (MWh),2026-10-06T21:45:00+00:00,2026-10-06T23:45:00+02:00
2026-10-06T07:17:16+00:00,smard:123:DE:quarterhour,Forecast generation: wind onshore (MWh),2026-10-06T21:45:00+00:00,2026-10-06T23:45:00+02:00
2026-10-06T07:17:16+00:00,smard:3791:DE:quarterhour,Forecast generation: wind offshore (MWh),2026-10-06T21:45:00+00:00,2026-10-06T23:45:00+02:00
2026-10-06T07:17:16+00:00,smard:125:DE:quarterhour,Forecast generation: photovoltaics (MWh),2026-10-06T21:45:00+00:00,2026-10-06T23:45:00+02:00
2026-10-06T07:17:16+00:00,smard:5097:DE:quarterhour,Forecast generation: wind and PV (MWh),2026-10-06T21:45:00+00:00,2026-10-06T23:45:00+02:00
2026-10-06T07:17:16+00:00,smard:715:DE:quarterhour,Forecast generation: other (MWh),2026-10-06T21:45:00+00:00,2026-10-06T23:45:00+02:00
2026-10-06T08:17:14+00:00,smard:4169:DE-LU:quarterhour,Day-ahead price DE-LU (EUR/MWh),2026-10-06T21:45:00+00:00,2026-10-06T23:45:00+02:00
2026-10-06T08:17:14+00:00,smard:411:DE:quarterhour,Forecast: total load (MWh),2026-10-07T21:45:00+00:00,2026-10-07T23:45:00+02:00
2026-10-06T08:17:14+00:00,smard:4362:DE:quarterhour,Forecast: residual load (MWh),2026-10-06T21:45:00+00:00,2026-10-06T23:45:00+02:00
2026-10-06T08:17:14+00:00,smard:122:DE:quarterhour,Forecast generation: total (MWh),2026-10-06T21:45:00+00:00,2026-10-06T23:45:00+02:00
2026-10-06T08:17:14+00:00,smard:123:DE:quarterhour,Forecast generation: wind onshore (MWh),2026-10-06T21:45:00+00:00,2026-10-06T23:45:00+02:00
2026-10-06T08:17:14+00:00,smard:3791:DE:quarterhour,Forecast generation: wind offshore (MWh),2026-10-06T21:45:00+00:00,2026-10-06T23:45:00+02:00
2026-10-06T08:17:14+00:00,smard:125:DE:quarterhour,Forecast generation: photovoltaics (MWh),2026-10-06T21:45:00+00:00,2026-10-06T23:45:00+02:00
2026-10-06T08:17:14+00:00,smard:5097:DE:quarterhour,Forecast generation: wind and PV (MWh),2026-10-06T21:45:00+00:00,2026-10-06T23:45:00+02:00
2026-10-06T08:17:14+00:00,smard:715:DE:quarterhour,Forecast generation: other (MWh),2026-10-06T21:45:00+00:00,2026-10-06T23:45:00+02:00
2026-10-06T09:17:15+00:00,smard:4169:DE-LU:quarterhour,Day-ahead price DE-LU (EUR/MWh),2026-10-06T21:45:00+00:00,2026-10-06T23:45:00+02:00
2026-10-06T09:17:15+00:00,smard:411:DE:quarterhour,Forecast: total load (MWh),2026-10-07T21:45:00+00:00,2026-10-07T23:45:00+02:00
2026-10-06T09:17:15+00:00,smard:4362:DE:quarterhour,Forecast: residual load (MWh),2026-10-06T21:45:00+00:00,2026-10-06T23:45:00+02:00
2026-10-06T09:17:15+00:00,smard:122:DE:quarterhour,Forecast generation: total (MWh),2026-10-06T21:45:00+00:00,2026-10-06T23:45:00+02:00
2026-10-06T09:17:15+00:00,smard:123:DE:quarterhour,Forecast generation: wind onshore (MWh),2026-10-06T21:45:00+00:00,2026-10-06T23:45:00+02:00
2026-10-06T09:17:15+00:00,smard:3791:DE:quarterhour,Forecast generation: wind offshore (MWh),2026-10-06T21:45:00+00:00,2026-10-06T23:45:00+02:00
2026-10-06T09:17:15+00:00,smard:125:DE:quarterhour,Forecast generation: photovoltaics (MWh),2026-10-06T21:45:00+00:00,2026-10-06T23:45:00+02:00
2026-10-06T09:17:15+00:00,smard:5097:DE:quarterhour,Forecast generation: wind and PV (MWh),2026-10-06T21:45:00+00:00,2026-10-06T23:45:00+02:00
2026-10-06T09:17:15+00:00,smard:715:DE:quarterhour,Forecast generation: other (MWh),2026-10-06T21:45:00+00:00,2026-10-06T23:45:00+02:00
2026-10-06T10:17:16+00:00,smard:4169:DE-LU:quarterhour,Day-ahead price DE-LU (EUR/MWh),2026-10-06T21:45:00+00:00,2026-10-06T23:45:00+02:00
2026-10-06T10:17:16+00:00,smard:411:DE:quarterhour,Forecast: total load (MWh),2026-10-07T21:45:00+00:00,2026-10-07T23:45:00+02:00
2026-10-06T10:17:16+00:00,smard:4362:DE:quarterhour,Forecast: residual load (MWh),2026-10-06T21:45:00+00:00,2026-10-06T23:45:00+02:00
2026-10-06T10:17:16+00:00,smard:122:DE:quarterhour,Forecast generation: total (MWh),2026-10-06T21:45:00+00:00,2026-10-06T23:45:00+02:00
2026-10-06T10:17:16+00:00,smard:123:DE:quarterhour,Forecast generation: wind onshore (MWh),2026-10-06T21:45:00+00:00,2026-10-06T23:45:00+02:00
2026-10-06T10:17:16+00:00,smard:3791:DE:quarterhour,Forecast generation: wind offshore (MWh),2026-10-06T21:45:00+00:00,2026-10-06T23:45:00+02:00
2026-10-06T10:17:16+00:00,smard:125:DE:quarterhour,Forecast generation: photovoltaics (MWh),2026-10-06T21:45:00+00:00,2026-10-06T23:45:00+02:00
2026-10-06T10:17:16+00:00,smard:5097:DE:quarterhour,Forecast generation: wind and PV (MWh),2026-10-06T21:45:00+00:00,2026-10-06T23:45:00+02:00
2026-10-06T10:17:16+00:00,smard:715:DE:quarterhour,Forecast generation: other (MWh),2026-10-06T21:45:00+00:00,2026-10-06T23:45:00+02:00
2026-10-06T10:17:47+00:00,smard:4169:DE-LU:quarterhour,Day-ahead price DE-LU (EUR/MWh),2026-10-06T21:45:00+00:00,2026-10-06T23:45:00+02:00
2026-10-06T10:17:47+00:00,smard:411:DE:quarterhour,Forecast: total load (MWh),2026-10-07T21:45:00+00:00,2026-10-07T23:45:00+02:00
2026-10-06T10:17:47+00:00,smard:4362:DE:quarterhour,Forecast: residual load (MWh),2026-10-06T21:45:00+00:00,2026-10-06T23:45:00+02:00
2026-10-06T10:17:47+00:00,smard:122:DE:quarterhour,Forecast generation: total (MWh),2026-10-06T21:45:00+00:00,2026-10-06T23:45:00+02:00
2026-10-06T10:17:47+00:00,smard:123:DE:quarterhour,Forecast generation: wind onshore (MWh),2026-10-06T21:45:00+00:00,2026-10-06T23:45:00+02:00
2026-10-06T10:17:47+00:00,smard:3791:DE:quarterhour,Forecast generation: wind offshore (MWh),2026-10-06T21:45:00+00:00,2026-10-06T23:45:00+02:00
2026-10-06T10:17:47+00:00,smard:125:DE:quarterhour,Forecast generation: photovoltaics (MWh),2026-10-06T21:45:00+00:00,2026-10-06T23:45:00+02:00
2026-10-06T10:17:47+00:00,smard:5097:DE:quarterhour,Forecast generation: wind and PV (MWh),2026-10-06T21:45:00+00:00,2026-10-06T23:45:00+02:00
2026-10-06T10:17:47+00:00,smard:715:DE:quarterhour,Forecast generation: other (MWh),2026-10-06T21:45:00+00:00,2026-10-06T23:45:00+02:00
2026-10-06T11:17:13+00:00,smard:4169:DE-LU:quarterhour,Day-ahead price DE-LU (EUR/MWh),2026-10-06T21:45:00+00:00,2026-10-06T23:45:00+02:00
2026-10-06T11:17:13+00:00,smard:411:DE:quarterhour,Forecast: total load (MWh),2026-10-07T21:45:00+00:00,2026-10-07T23:45:00+02:00
2026-10-06T11:17:13+00:00,smard:4362:DE:quarterhour,Forecast: residual load (MWh),2026-10-06T21:45:00+00:00,2026-10-06T23:45:00+02:00
2026-10-06T11:17:13+00:00,smard:122:DE:quarterhour,Forecast generation: total (MWh),2026-10-06T21:45:00+00:00,2026-10-06T23:45:00+02:00
2026-10-06T11:17:13+00:00,smard:123:DE:quarterhour,Forecast generation: wind onshore (MWh),2026-10-06T21:45:00+00:00,2026-10-06T23:45:00+02:00
2026-10-06T11:17:13+00:00,smard:3791:DE:quarterhour,Forecast generation: wind offshore (MWh),2026-10-06T21:45:00+00:00,2026-10-06T23:45:00+02:00
2026-10-06T11:17:13+00:00,smard:125:DE:quarterhour,Forecast generation: photovoltaics (MWh),2026-10-06T21:45:00+00:00,2026-10-06T23:45:00+02:00
2026-10-06T11:17:13+00:00,smard:5097:DE:quarterhour,Forecast generation: wind and PV (MWh),2026-10-06T21:45:00+00:00,2026-10-06T23:45:00+02:00
2026-10-06T11:17:13+00:00,smard:715:DE:quarterhour,Forecast generation: other (MWh),2026-10-06T21:45:00+00:00,2026-10-06T23:45:00+02:00
2026-10-06T12:17:18+00:00,smard:4169:DE-LU:quarterhour,Day-ahead price DE-LU (EUR/MWh),2026-10-06T21:45:00+00:00,2026-10-06T23:45:00+02:00
2026-10-06T12:17:18+00:00,smard:411:DE:quarterhour,Forecast: total load (MWh),2026-10-07T21:45:00+00:00,2026-10-07T23:45:00+02:00
2026-10-06T12:17:18+00:00,smard:4362:DE:quarterhour,Forecast: residual load (MWh),2026-10-06T21:45:00+00:00,2026-10-06T23:45:00+02:00
2026-10-06T12:17:18+00:00,smard:122:DE:quarterhour,Forecast generation: total (MWh),2026-10-06T21:45:00+00:00,2026-10-06T23:45:00+02:00
2026-10-06T12:17:18+00:00,smard:123:DE:quarterhour,Forecast generation: wind onshore (MWh),2026-10-06T21:45:00+00:00,2026-10-06T23:45:00+02:00
2026-10-06T12:17:18+00:00,smard:3791:DE:quarterhour,Forecast generation: wind offshore (MWh),2026-10-06T21:45:00+00:00,2026-10-06T23:45:00+02:00
2026-10-06T12:17:18+00:00,smard:125:DE:quarterhour,Forecast generation: photovoltaics (MWh),2026-10-06T21:45:00+00:00,2026-10-06T23:45:00+02:00
2026-10-06T12:17:18+00:00,smard:5097:DE:quarterhour,Forecast generation: wind and PV (MWh),2026-10-06T21:45:00+00:00,2026-10-06T23:45:00+02:00
2026-10-06T12:17:18+00:00,smard:715:DE:quarterhour,Forecast generation: other (MWh),2026-10-06T21:45:00+00:00,2026-10-06T23:45:00+02:00
2026-10-06T13:17:19+00:00,smard:4169:DE-LU:quarterhour,Day-ahead price DE-LU (EUR/MWh),2026-10-07T21:45:00+00:00,2026-10-07T23:45:00+02:00
2026-10-06T13:17:19+00:00,smard:411:DE:quarterhour,Forecast: total load (MWh),2026-10-07T21:45:00+00:00,2026-10-07T23:45:00+02:00
2026-10-06T13:17:19+00:00,smard:4362:DE:quarterhour,Forecast: residual load (MWh),2026-10-06T21:45:00+00:00,2026-10-06T23:45:00+02:00
2026-10-06T13:17:19+00:00,smard:122:DE:quarterhour,Forecast generation: total (MWh),2026-10-06T21:45:00+00:00,2026-10-06T23:45:00+02:00
2026-10-06T13:17:19+00:00,smard:123:DE:quarterhour,Forecast generation: wind onshore (MWh),2026-10-06T21:45:00+00:00,2026-10-06T23:45:00+02:00
2026-10-06T13:17:19+00:00,smard:3791:DE:quarterhour,Forecast generation: wind offshore (MWh),2026-10-06T21:45:00+00:00,2026-10-06T23:45:00+02:00
2026-10-06T13:17:19+00:00,smard:125:DE:quarterhour,Forecast generation: photovoltaics (MWh),2026-10-06T21:45:00+00:00,2026-10-06T23:45:00+02:00
2026-10-06T13:17:19+00:00,smard:5097:DE:quarterhour,Forecast generation: wind and PV (MWh),2026-10-06T21:45:00+00:00,2026-10-06T23:45:00+02:00
2026-10-06T13:17:19+00:00,smard:715:DE:quarterhour,Forecast generation: other (MWh),2026-10-06T21:45:00+00:00,2026-10-06T23:45:00+02:00
2026-10-06T14:17:33+00:00,smard:4169:DE-LU:quarterhour,Day-ahead price DE-LU (EUR/MWh),2026-10-07T21:45:00+00:00,2026-10-07T23:45:00+02:00
2026-10-06T14:17:33+00:00,smard:411:DE:quarterhour,Forecast: total load (MWh),2026-10-07T21:45:00+00:00,2026-10-07T23:45:00+02:00
2026-10-06T14:17:33+00:00,smard:4362:DE:quarterhour,Forecast: residual load (MWh),2026-10-06T21:45:00+00:00,2026-10-06T23:45:00+02:00
2026-10-06T14:17:33+00:00,smard:122:DE:quarterhour,Forecast generation: total (MWh),2026-10-06T21:45:00+00:00,2026-10-06T23:45:00+02:00
2026-10-06T14:17:33+00:00,smard:123:DE:quarterhour,Forecast generation: wind onshore (MWh),2026-10-06T21:45:00+00:00,2026-10-06T23:45:00+02:00
2026-10-06T14:17:33+00:00,smard:3791:DE:quarterhour,Forecast generation: wind offshore (MWh),2026-10-06T21:45:00+00:00,2026-10-06T23:45:00+02:00
2026-10-06T14:17:33+00:00,smard:125:DE:quarterhour,Forecast generation: photovoltaics (MWh),2026-10-06T21:45:00+00:00,2026-10-06T23:45:00+02:00
2026-10-06T14:17:33+00:00,smard:5097:DE:quarterhour,Forecast generation: wind and PV (MWh),2026-10-06T21:45:00+00:00,2026-10-06T23:45:00+02:00
2026-10-06T14:17:33+00:00,smard:715:DE:quarterhour,Forecast generation: other (MWh),2026-10-06T21:45:00+00:00,2026-10-06T23:45:00+02:00
2026-10-06T15:17:21+00:00,smard:4169:DE-LU:quarterhour,Day-ahead price DE-LU (EUR/MWh),2026-10-07T21:45:00+00:00,2026-10-07T23:45:00+02:00
2026-10-06T15:17:21+00:00,smard:411:DE:quarterhour,Forecast: total load (MWh),2026-10-07T21:45:00+00:00,2026-10-07T23:45:00+02:00
2026-10-06T15:17:21+00:00,smard:4362:DE:quarterhour,Forecast: residual load (MWh),2026-10-06T21:45:00+00:00,2026-10-06T23:45:00+02:00
2026-10-06T15:17:21+00:00,smard:122:DE:quarterhour,Forecast generation: total (MWh),2026-10-06T21:45:00+00:00,2026-10-06T23:45:00+02:00
2026-10-06T15:17:21+00:00,smard:123:DE:quarterhour,Forecast generation: wind onshore (MWh),2026-10-06T21:45:00+00:00,2026-10-06T23:45:00+02:00
2026-10-06T15:17:21+00:00,smard:3791:DE:quarterhour,Forecast generation: wind offshore (MWh),2026-10-06T21:45:00+00:00,2026-10-06T23:45:00+02:00
2026-10-06T15:17:21+00:00,smard:125:DE:quarterhour,Forecast generation: photovoltaics (MWh),2026-10-06T21:45:00+00:00,2026-10-06T23:45:00+02:00
2026-10-06T15:17:21+00:00,smard:5097:DE:quarterhour,Forecast generation: wind and PV (MWh),2026-10-06T21:45:00+00:00,2026-10-06T23:45:00+02:00
2026-10-06T15:17:21+00:00,smard:715:DE:quarterhour,Forecast generation: other (MWh),2026-10-06T21:45:00+00:00,2026-10-06T23:45:00+02:00
2026-10-06T16:17:16+00:00,smard:4169:DE-LU:quarterhour,Day-ahead price DE-LU (EUR/MWh),2026-10-07T21:45:00+00:00,2026-10-07T23:45:00+02:00
2026-10-06T16:17:16+00:00,smard:411:DE:quarterhour,Forecast: total load (MWh),2026-10-07T21:45:00+00:00,2026-10-07T23:45:00+02:00
2026-10-06T16:17:16+00:00,smard:4362:DE:quarterhour,Forecast: residual load (MWh),2026-10-07T21:45:00+00:00,2026-10-07T23:45:00+02:00
2026-10-06T16:17:16+00:00,smard:122:DE:quarterhour,Forecast generation: total (MWh),2026-10-07T21:45:00+00:00,2026-10-07T23:45:00+02:00
2026-10-06T16:17:16+00:00,smard:123:DE:quarterhour,Forecast generation: wind onshore (MWh),2026-10-07T21:45:00+00:00,2026-10-07T23:45:00+02:00
2026-10-06T16:17:16+00:00,smard:3791:DE:quarterhour,Forecast generation: wind offshore (MWh),2026-10-07T21:45:00+00:00,2026-10-07T23:45:00+02:00
2026-10-06T16:17:16+00:00,smard:125:DE:quarterhour,Forecast generation: photovoltaics (MWh),2026-10-07T21:45:00+00:00,2026-10-07T23:45:00+02:00
2026-10-06T16:17:16+00:00,smard:5097:DE:quarterhour,Forecast generation: wind and PV (MWh),2026-10-07T21:45:00+00:00,2026-10-07T23:45:00+02:00
2026-10-06T16:17:16+00:00,smard:715:DE:quarterhour,Forecast generation: other (MWh),2026-10-07T21:45:00+00:00,2026-10-07T23:45:00+02:00
2026-10-06T17:17:18+00:00,smard:4169:DE-LU:quarterhour,Day-ahead price DE-LU (EUR/MWh),2026-10-07T21:45:00+00:00,2026-10-07T23:45:00+02:00
2026-10-06T17:17:18+00:00,smard:411:DE:quarterhour,Forecast: total load (MWh),2026-10-07T21:45:00+00:00,2026-10-07T23:45:00+02:00
2026-10-06T17:17:18+00:00,smard:4362:DE:quarterhour,Forecast: residual load (MWh),2026-10-07T21:45:00+00:00,2026-10-07T23:45:00+02:00
2026-10-06T17:17:18+00:00,smard:122:DE:quarterhour,Forecast generation: total (MWh),2026-10-07T21:45:00+00:00,2026-10-07T23:45:00+02:00
2026-10-06T17:17:18+00:00,smard:123:DE:quarterhour,Forecast generation: wind onshore (MWh),2026-10-07T21:45:00+00:00,2026-10-07T23:45:00+02:00
2026-10-06T17:17:18+00:00,smard:3791:DE:quarterhour,Forecast generation: wind offshore (MWh),2026-10-07T21:45:00+00:00,2026-10-07T23:45:00+02:00
2026-10-06T17:17:18+00:00,smard:125:DE:quarterhour,Forecast generation: photovoltaics (MWh),2026-10-07T21:45:00+00:00,2026-10-07T23:45:00+02:00
2026-10-06T17:17:18+00:00,smard:5097:DE:quarterhour,Forecast generation: wind and PV (MWh),2026-10-07T21:45:00+00:00,2026-10-07T23:45:00+02:00
2026-10-06T17:17:18+00:00,smard:715:DE:quarterhour,Forecast generation: other (MWh),2026-10-07T21:45:00+00:00,2026-10-07T23:45:00+02:00
2026-10-06T18:17:17+00:00,smard:4169:DE-LU:quarterhour,Day-ahead price DE-LU (EUR/MWh),2026-10-07T21:45:00+00:00,2026-10-07T23:45:00+02:00
2026-10-06T18:17:17+00:00,smard:411:DE:quarterhour,Forecast: total load (MWh),2026-10-07T21:45:00+00:00,2026-10-07T23:45:00+02:00
2026-10-06T18:17:17+00:00,smard:4362:DE:quarterhour,Forecast: residual load (MWh),2026-10-07T21:45:00+00:00,2026-10-07T23:45:00+02:00
2026-10-06T18:17:17+00:00,smard:122:DE:quarterhour,Forecast generation: total (MWh),2026-10-07T21:45:00+00:00,2026-10-07T23:45:00+02:00
2026-10-06T18:17:17+00:00,smard:123:DE:quarterhour,Forecast generation: wind onshore (MWh),2026-10-07T21:45:00+00:00,2026-10-07T23:45:00+02:00
2026-10-06T18:17:17+00:00,smard:3791:DE:quarterhour,Forecast generation: wind offshore (MWh),2026-10-07T21:45:00+00:00,2026-10-07T23:45:00+02:00
2026-10-06T18:17:17+00:00,smard:125:DE:quarterhour,Forecast generation: photovoltaics (MWh),2026-10-07T21:45:00+00:00,2026-10-07T23:45:00+02:00
2026-10-06T18:17:17+00:00,smard:5097:DE:quarterhour,Forecast generation: wind and PV (MWh),2026-10-07T21:45:00+00:00,2026-10-07T23:45:00+02:00
2026-10-06T18:17:17+00:00,smard:715:DE:quarterhour,Forecast generation: other (MWh),2026-10-07T21:45:00+00:00,2026-10-07T23:45:00+02:00
2026-10-06T18:23:27+00:00,smard:4169:DE-LU:quarterhour,Day-ahead price DE-LU (EUR/MWh),2026-10-07T21:45:00+00:00,2026-10-07T23:45:00+02:00
2026-10-06T18:23:27+00:00,smard:411:DE:quarterhour,Forecast: total load (MWh),2026-10-07T21:45:00+00:00,2026-10-07T23:45:00+02:00
2026-10-06T18:23:27+00:00,smard:4362:DE:quarterhour,Forecast: residual load (MWh),2026-10-07T21:45:00+00:00,2026-10-07T23:45:00+02:00
2026-10-06T18:23:27+00:00,smard:122:DE:quarterhour,Forecast generation: total (MWh),2026-10-07T21:45:00+00:00,2026-10-07T23:45:00+02:00
2026-10-06T18:23:27+00:00,smard:123:DE:quarterhour,Forecast generation: wind onshore (MWh),2026-10-07T21:45:00+00:00,2026-10-07T23:45:00+02:00
2026-10-06T18:23:27+00:00,smard:3791:DE:quarterhour,Forecast generation: wind offshore (MWh),2026-10-07T21:45:00+00:00,2026-10-07T23:45:00+02:00
2026-10-06T18:23:27+00:00,smard:125:DE:quarterhour,Forecast generation: photovoltaics (MWh),2026-10-07T21:45:00+00:00,2026-10-07T23:45:00+02:00
2026-10-06T18:23:27+00:00,smard:5097:DE:quarterhour,Forecast generation: wind and PV (MWh),2026-10-07T21:45:00+00:00,2026-10-07T23:45:00+02:00
2026-10-06T18:23:27+00:00,smard:715:DE:quarterhour,Forecast generation: other (MWh),2026-10-07T21:45:00+00:00,2026-10-07T23:45:00+02:00
2026-10-06T19:17:15+00:00,smard:4169:DE-LU:quarterhour,Day-ahead price DE-LU (EUR/MWh),2026-10-07T21:45:00+00:00,2026-10-07T23:45:00+02:00
2026-10-06T19:17:15+00:00,smard:411:DE:quarterhour,Forecast: total load (MWh),2026-10-07T21:45:00+00:00,2026-10-07T23:45:00+02:00
2026-10-06T19:17:15+00:00,smard:4362:DE:quarterhour,Forecast: residual load (MWh),2026-10-07T21:45:00+00:00,2026-10-07T23:45:00+02:00
2026-10-06T19:17:15+00:00,smard:122:DE:quarterhour,Forecast generation: total (MWh),2026-10-07T21:45:00+00:00,2026-10-07T23:45:00+02:00
2026-10-06T19:17:15+00:00,smard:123:DE:quarterhour,Forecast generation: wind onshore (MWh),2026-10-07T21:45:00+00:00,2026-10-07T23:45:00+02:00
2026-10-06T19:17:15+00:00,smard:3791:DE:quarterhour,Forecast generation: wind offshore (MWh),2026-10-07T21:45:00+00:00,2026-10-07T23:45:00+02:00
2026-10-06T19:17:15+00:00,smard:125:DE:quarterhour,Forecast generation: photovoltaics (MWh),2026-10-07T21:45:00+00:00,2026-10-07T23:45:00+02:00
2026-10-06T19:17:15+00:00,smard:5097:DE:quarterhour,Forecast generation: wind and PV (MWh),2026-10-07T21:45:00+00:00,2026-10-07T23:45:00+02:00
2026-10-06T19:17:15+00:00,smard:715:DE:quarterhour,Forecast generation: other (MWh),2026-10-07T21:45:00+00:00,2026-10-07T23:45:00+02:00
2026-10-06T20:17:14+00:00,smard:4169:DE-LU:quarterhour,Day-ahead price DE-LU (EUR/MWh),2026-10-07T21:45:00+00:00,2026-10-07T23:45:00+02:00
2026-10-06T20:17:14+00:00,smard:411:DE:quarterhour,Forecast: total load (MWh),2026-10-07T21:45:00+00:00,2026-10-07T23:45:00+02:00
2026-10-06T20:17:14+00:00,smard:4362:DE:quarterhour,Forecast: residual load (MWh),2026-10-07T21:45:00+00:00,2026-10-07T23:45:00+02:00
2026-10-06T20:17:14+00:00,smard:122:DE:quarterhour,Forecast generation: total (MWh),2026-10-07T21:45:00+00:00,2026-10-07T23:45:00+02:00
2026-10-06T20:17:14+00:00,smard:123:DE:quarterhour,Forecast generation: wind onshore (MWh),2026-10-07T21:45:00+00:00,2026-10-07T23:45:00+02:00
2026-10-06T20:17:14+00:00,smard:3791:DE:quarterhour,Forecast generation: wind offshore (MWh),2026-10-07T21:45:00+00:00,2026-10-07T23:45:00+02:00
2026-10-06T20:17:14+00:00,smard:125:DE:quarterhour,Forecast generation: photovoltaics (MWh),2026-10-07T21:45:00+00:00,2026-10-07T23:45:00+02:00
2026-10-06T20:17:14+00:00,smard:5097:DE:quarterhour,Forecast generation: wind and PV (MWh),2026-10-07T21:45:00+00:00,2026-10-07T23:45:00+02:00
2026-10-06T20:17:14+00:00,smard:715:DE:quarterhour,Forecast generation: other (MWh),2026-10-07T21:45:00+00:00,2026-10-07T23:45:00+02:00
2026-10-06T20:17:41+00:00,smard:4169:DE-LU:quarterhour,Day-ahead price DE-LU (EUR/MWh),2026-10-07T21:45:00+00:00,2026-10-07T23:45:00+02:00
2026-10-06T20:17:41+00:00,smard:411:DE:quarterhour,Forecast: total load (MWh),2026-10-07T21:45:00+00:00,2026-10-07T23:45:00+02:00
2026-10-06T20:17:41+00:00,smard:4362:DE:quarterhour,Forecast: residual load (MWh),2026-10-07T21:45:00+00:00,2026-10-07T23:45:00+02:00
2026-10-06T20:17:41+00:00,smard:122:DE:quarterhour,Forecast generation: total (MWh),2026-10-07T21:45:00+00:00,2026-10-07T23:45:00+02:00
2026-10-06T20:17:41+00:00,smard:123:DE:quarterhour,Forecast generation: wind onshore (MWh),2026-10-07T21:45:00+00:00,2026-10-07T23:45:00+02:00
2026-10-06T20:17:41+00:00,smard:3791:DE:quarterhour,Forecast generation: wind offshore (MWh),2026-10-07T21:45:00+00:00,2026-10-07T23:45:00+02:00
2026-10-06T20:17:41+00:00,smard:125:DE:quarterhour,Forecast generation: photovoltaics (MWh),2026-10-07T21:45:00+00:00,2026-10-07T23:45:00+02:00
2026-10-06T20:17:41+00:00,smard:5097:DE:quarterhour,Forecast generation: wind and PV (MWh),2026-10-07T21:45:00+00:00,2026-10-07T23:45:00+02:00
2026-10-06T20:17:41+00:00,smard:715:DE:quarterhour,Forecast generation: other (MWh),2026-10-07T21:45:00+00:00,2026-10-07T23:45:00+02:00
2026-10-06T21:17:17+00:00,smard:4169:DE-LU:quarterhour,Day-ahead price DE-LU (EUR/MWh),2026-10-07T21:45:00+00:00,2026-10-07T23:45:00+02:00
2026-10-06T21:17:17+00:00,smard:411:DE:quarterhour,Forecast: total load (MWh),2026-10-07T21:45:00+00:00,2026-10-07T23:45:00+02:00
2026-10-06T21:17:17+00:00,smard:4362:DE:quarterhour,Forecast: residual load (MWh),2026-10-07T21:45:00+00:00,2026-10-07T23:45:00+02:00
2026-10-06T21:17:17+00:00,smard:122:DE:quarterhour,Forecast generation: total (MWh),2026-10-07T21:45:00+00:00,2026-10-07T23:45:00+02:00
2026-10-06T21:17:17+00:00,smard:123:DE:quarterhour,Forecast generation: wind onshore (MWh),2026-10-07T21:45:00+00:00,2026-10-07T23:45:00+02:00
2026-10-06T21:17:17+00:00,smard:3791:DE:quarterhour,Forecast generation: wind offshore (MWh),2026-10-07T21:45:00+00:00,2026-10-07T23:45:00+02:00
2026-10-06T21:17:17+00:00,smard:125:DE:quarterhour,Forecast generation: photovoltaics (MWh),2026-10-07T21:45:00+00:00,2026-10-07T23:45:00+02:00
2026-10-06T21:17:17+00:00,smard:5097:DE:quarterhour,Forecast generation: wind and PV (MWh),2026-10-07T21:45:00+00:00,2026-10-07T23:45:00+02:00
2026-10-06T21:17:17+00:00,smard:715:DE:quarterhour,Forecast generation: other (MWh),2026-10-07T21:45:00+00:00,2026-10-07T23:45:00+02:00
2026-10-06T22:17:17+00:00,smard:4169:DE-LU:quarterhour,Day-ahead price DE-LU (EUR/MWh),2026-10-07T21:45:00+00:00,2026-10-07T23:45:00+02:00
2026-10-06T22:17:17+00:00,smard:411:DE:quarterhour,Forecast: total load (MWh),2026-10-07T21:45:00+00:00,2026-10-07T23:45:00+02:00
2026-10-06T22:17:17+00:00,smard:4362:DE:quarterhour,Forecast: residual load (MWh),2026-10-07T21:45:00+00:00,2026-10-07T23:45:00+02:00
2026-10-06T22:17:17+00:00,smard:122:DE:quarterhour,Forecast generation: total (MWh),2026-10-07T21:45:00+00:00,2026-10-07T23:45:00+02:00
2026-10-06T22:17:17+00:00,smard:123:DE:quarterhour,Forecast generation: wind onshore (MWh),2026-10-07T21:45:00+00:00,2026-10-07T23:45:00+02:00
2026-10-06T22:17:17+00:00,smard:3791:DE:quarterhour,Forecast generation: wind offshore (MWh),2026-10-07T21:45:00+00:00,2026-10-07T23:45:00+02:00
2026-10-06T22:17:17+00:00,smard:125:DE:quarterhour,Forecast generation: photovoltaics (MWh),2026-10-07T21:45:00+00:00,2026-10-07T23:45:00+02:00
2026-10-06T22:17:17+00:00,smard:5097:DE:quarterhour,Forecast generation: wind and PV (MWh),2026-10-07T21:45:00+00:00,2026-10-07T23:45:00+02:00
2026-10-06T22:17:17+00:00,smard:715:DE:quarterhour,Forecast generation: other (MWh),2026-10-07T21:45:00+00:00,2026-10-07T23:45:00+02:00
2026-10-06T23:17:20+00:00,smard:4169:DE-LU:quarterhour,Day-ahead price DE-LU (EUR/MWh),2026-10-07T21:45:00+00:00,2026-10-07T23:45:00+02:00
2026-10-06T23:17:20+00:00,smard:411:DE:quarterhour,Forecast: total load (MWh),2026-10-07T21:45:00+00:00,2026-10-07T23:45:00+02:00
2026-10-06T23:17:20+00:00,smard:4362:DE:quarterhour,Forecast: residual load (MWh),2026-10-07T21:45:00+00:00,2026-10-07T23:45:00+02:00
2026-10-06T23:17:20+00:00,smard:122:DE:quarterhour,Forecast generation: total (MWh),2026-10-07T21:45:00+00:00,2026-10-07T23:45:00+02:00
2026-10-06T23:17:20+00:00,smard:123:DE:quarterhour,Forecast generation: wind onshore (MWh),2026-10-07T21:45:00+00:00,2026-10-07T23:45:00+02:00
2026-10-06T23:17:20+00:00,smard:3791:DE:quarterhour,Forecast generation: wind offshore (MWh),2026-10-07T21:45:00+00:00,2026-10-07T23:45:00+02:00
2026-10-06T23:17:20+00:00,smard:125:DE:quarterhour,Forecast generation: photovoltaics (MWh),2026-10-07T21:45:00+00:00,2026-10-07T23:45:00+02:00
2026-10-06T23:17:20+00:00,smard:5097:DE:quarterhour,Forecast generation: wind and PV (MWh),2026-10-07T21:45:00+00:00,2026-10-07T23:45:00+02:00
2026-10-06T23:17:20+00:00,smard:715:DE:quarterhour,Forecast generation: other (MWh),2026-10-07T21:45:00+00:00,2026-10-07T23:45:00+02:00
2026-10-07T00:17:15+00:00,smard:4169:DE-LU:quarterhour,Day-ahead price DE-LU (EUR/MWh),2026-10-07T21:45:00+00:00,2026-10-07T23:45:00+02:00
2026-10-07T00:17:15+00:00,smard:411:DE:quarterhour,Forecast: total load (MWh),2026-10-07T21:45:00+00:00,2026-10-07T23:45:00+02:00
2026-10-07T00:17:15+00:00,smard:4362:DE:quarterhour,Forecast: residual load (MWh),2026-10-07T21:45:00+00:00,2026-10-07T23:45:00+02:00
2026-10-07T00:17:15+00:00,smard:122:DE:quarterhour,Forecast generation: total (MWh),2026-10-07T21:45:00+00:00,2026-10-07T23:45:00+02:00
2026-10-07T00:17:15+00:00,smard:123:DE:quarterhour,Forecast generation: wind onshore (MWh),2026-10-07T21:45:00+00:00,2026-10-07T23:45:00+02:00
2026-10-07T00:17:15+00:00,smard:3791:DE:quarterhour,Forecast generation: wind offshore (MWh),2026-10-07T21:45:00+00:00,2026-10-07T23:45:00+02:00
2026-10-07T00:17:15+00:00,smard:125:DE:quarterhour,Forecast generation: photovoltaics (MWh),2026-10-07T21:45:00+00:00,2026-10-07T23:45:00+02:00
2026-10-07T00:17:15+00:00,smard:5097:DE:quarterhour,Forecast generation: wind and PV (MWh),2026-10-07T21:45:00+00:00,2026-10-07T23:45:00+02:00
2026-10-07T00:17:15+00:00,smard:715:DE:quarterhour,Forecast generation: other (MWh),2026-10-07T21:45:00+00:00,2026-10-07T23:45:00+02:00
2026-10-07T01:17:13+00:00,smard:4169:DE-LU:quarterhour,Day-ahead price DE-LU (EUR/MWh),2026-10-07T21:45:00+00:00,2026-10-07T23:45:00+02:00
2026-10-07T01:17:13+00:00,smard:411:DE:quarterhour,Forecast: total load (MWh),2026-10-07T21:45:00+00:00,2026-10-07T23:45:00+02:00
2026-10-07T01:17:13+00:00,smard:4362:DE:quarterhour,Forecast: residual load (MWh),2026-10-07T21:45:00+00:00,2026-10-07T23:45:00+02:00
2026-10-07T01:17:13+00:00,smard:122:DE:quarterhour,Forecast generation: total (MWh),2026-10-07T21:45:00+00:00,2026-10-07T23:45:00+02:00
2026-10-07T01:17:13+00:00,smard:123:DE:quarterhour,Forecast generation: wind onshore (MWh),2026-10-07T21:45:00+00:00,2026-10-07T23:45:00+02:00
2026-10-07T01:17:13+00:00,smard:3791:DE:quarterhour,Forecast generation: wind offshore (MWh),2026-10-07T21:45:00+00:00,2026-10-07T23:45:00+02:00
2026-10-07T01:17:13+00:00,smard:125:DE:quarterhour,Forecast generation: photovoltaics (MWh),2026-10-07T21:45:00+00:00,2026-10-07T23:45:00+02:00
2026-10-07T01:17:13+00:00,smard:5097:DE:quarterhour,Forecast generation: wind and PV (MWh),2026-10-07T21:45:00+00:00,2026-10-07T23:45:00+02:00
2026-10-07T01:17:13+00:00,smard:715:DE:quarterhour,Forecast generation: other (MWh),2026-10-07T21:45:00+00:00,2026-10-07T23:45:00+02:00
2026-10-07T01:17:44+00:00,smard:4169:DE-LU:quarterhour,Day-ahead price DE-LU (EUR/MWh),2026-10-07T21:45:00+00:00,2026-10-07T23:45:00+02:00
2026-10-07T01:17:44+00:00,smard:411:DE:quarterhour,Forecast: total load (MWh),2026-10-07T21:45:00+00:00,2026-10-07T23:45:00+02:00
2026-10-07T01:17:44+00:00,smard:4362:DE:quarterhour,Forecast: residual load (MWh),2026-10-07T21:45:00+00:00,2026-10-07T23:45:00+02:00
2026-10-07T01:17:44+00:00,smard:122:DE:quarterhour,Forecast generation: total (MWh),2026-10-07T21:45:00+00:00,2026-10-07T23:45:00+02:00
2026-10-07T01:17:44+00:00,smard:123:DE:quarterhour,Forecast generation: wind onshore (MWh),2026-10-07T21:45:00+00:00,2026-10-07T23:45:00+02:00
2026-10-07T01:17:44+00:00,smard:3791:DE:quarterhour,Forecast generation: wind offshore (MWh),2026-10-07T21:45:00+00:00,2026-10-07T23:45:00+02:00
2026-10-07T01:17:44+00:00,smard:125:DE:quarterhour,Forecast generation: photovoltaics (MWh),2026-10-07T21:45:00+00:00,2026-10-07T23:45:00+02:00
2026-10-07T01:17:44+00:00,smard:5097:DE:quarterhour,Forecast generation: wind and PV (MWh),2026-10-07T21:45:00+00:00,2026-10-07T23:45:00+02:00
2026-10-07T01:17:44+00:00,smard:715:DE:quarterhour,Forecast generation: other (MWh),2026-10-07T21:45:00+00:00,2026-10-07T23:45:00+02:00
2026-10-07T02:17:16+00:00,smard:4169:DE-LU:quarterhour,Day-ahead price DE-LU (EUR/MWh),2026-10-07T21:45:00+00:00,2026-10-07T23:45:00+02:00
2026-10-07T02:17:16+00:00,smard:411:DE:quarterhour,Forecast: total load (MWh),2026-10-07T21:45:00+00:00,2026-10-07T23:45:00+02:00
2026-10-07T02:17:16+00:00,smard:4362:DE:quarterhour,Forecast: residual load (MWh),2026-10-07T21:45:00+00:00,2026-10-07T23:45:00+02:00
2026-10-07T02:17:16+00:00,smard:122:DE:quarterhour,Forecast generation: total (MWh),2026-10-07T21:45:00+00:00,2026-10-07T23:45:00+02:00
2026-10-07T02:17:16+00:00,smard:123:DE:quarterhour,Forecast generation: wind onshore (MWh),2026-10-07T21:45:00+00:00,2026-10-07T23:45:00+02:00
2026-10-07T02:17:16+00:00,smard:3791:DE:quarterhour,Forecast generation: wind offshore (MWh),2026-10-07T21:45:00+00:00,2026-10-07T23:45:00+02:00
2026-10-07T02:17:16+00:00,smard:125:DE:quarterhour,Forecast generation: photovoltaics (MWh),2026-10-07T21:45:00+00:00,2026-10-07T23:45:00+02:00
2026-10-07T02:17:16+00:00,smard:5097:DE:quarterhour,Forecast generation: wind and PV (MWh),2026-10-07T21:45:00+00:00,2026-10-07T23:45:00+02:00
2026-10-07T02:17:16+00:00,smard:715:DE:quarterhour,Forecast generation: other (MWh),2026-10-07T21:45:00+00:00,2026-10-07T23:45:00+02:00
2026-10-07T03:17:17+00:00,smard:4169:DE-LU:quarterhour,Day-ahead price DE-LU (EUR/MWh),2026-10-07T21:45:00+00:00,2026-10-07T23:45:00+02:00
2026-10-07T03:17:17+00:00,smard:411:DE:quarterhour,Forecast: total load (MWh),2026-10-07T21:45:00+00:00,2026-10-07T23:45:00+02:00
2026-10-07T03:17:17+00:00,smard:4362:DE:quarterhour,Forecast: residual load (MWh),2026-10-07T21:45:00+00:00,2026-10-07T23:45:00+02:00
2026-10-07T03:17:17+00:00,smard:122:DE:quarterhour,Forecast generation: total (MWh),2026-10-07T21:45:00+00:00,2026-10-07T23:45:00+02:00
2026-10-07T03:17:17+00:00,smard:123:DE:quarterhour,Forecast generation: wind onshore (MWh),2026-10-07T21:45:00+00:00,2026-10-07T23:45:00+02:00
2026-10-07T03:17:17+00:00,smard:3791:DE:quarterhour,Forecast generation: wind offshore (MWh),2026-10-07T21:45:00+00:00,2026-10-07T23:45:00+02:00
2026-10-07T03:17:17+00:00,smard:125:DE:quarterhour,Forecast generation: photovoltaics (MWh),2026-10-07T21:45:00+00:00,2026-10-07T23:45:00+02:00
2026-10-07T03:17:17+00:00,smard:5097:DE:quarterhour,Forecast generation: wind and PV (MWh),2026-10-07T21:45:00+00:00,2026-10-07T23:45:00+02:00
2026-10-07T03:17:17+00:00,smard:715:DE:quarterhour,Forecast generation: other (MWh),2026-10-07T21:45:00+00:00,2026-10-07T23:45:00+02:00
2026-10-07T04:17:22+00:00,smard:4169:DE-LU:quarterhour,Day-ahead price DE-LU (EUR/MWh),2026-10-07T21:45:00+00:00,2026-10-07T23:45:00+02:00
2026-10-07T04:17:22+00:00,smard:411:DE:quarterhour,Forecast: total load (MWh),2026-10-07T21:45:00+00:00,2026-10-07T23:45:00+02:00
2026-10-07T04:17:22+00:00,smard:4362:DE:quarterhour,Forecast: residual load (MWh),2026-10-07T21:45:00+00:00,2026-10-07T23:45:00+02:00
2026-10-07T04:17:22+00:00,smard:122:DE:quarterhour,Forecast generation: total (MWh),2026-10-07T21:45:00+00:00,2026-10-07T23:45:00+02:00
2026-10-07T04:17:22+00:00,smard:123:DE:quarterhour,Forecast generation: wind onshore (MWh),2026-10-07T21:45:00+00:00,2026-10-07T23:45:00+02:00
2026-10-07T04:17:22+00:00,smard:3791:DE:quarterhour,Forecast generation: wind offshore (MWh),2026-10-07T21:45:00+00:00,2026-10-07T23:45:00+02:00
2026-10-07T04:17:22+00:00,smard:125:DE:quarterhour,Forecast generation: photovoltaics (MWh),2026-10-07T21:45:00+00:00,2026-10-07T23:45:00+02:00
2026-10-07T04:17:22+00:00,smard:5097:DE:quarterhour,Forecast generation: wind and PV (MWh),2026-10-07T21:45:00+00:00,2026-10-07T23:45:00+02:00
2026-10-07T04:17:22+00:00,smard:715:DE:quarterhour,Forecast generation: other (MWh),2026-10-07T21:45:00+00:00,2026-10-07T23:45:00+02:00
2026-10-07T05:17:17+00:00,smard:4169:DE-LU:quarterhour,Day-ahead price DE-LU (EUR/MWh),2026-10-07T21:45:00+00:00,2026-10-07T23:45:00+02:00
2026-10-07T05:17:17+00:00,smard:411:DE:quarterhour,Forecast: total load (MWh),2026-10-07T21:45:00+00:00,2026-10-07T23:45:00+02:00
2026-10-07T05:17:17+00:00,smard:4362:DE:quarterhour,Forecast: residual load (MWh),2026-10-07T21:45:00+00:00,2026-10-07T23:45:00+02:00
2026-10-07T05:17:17+00:00,smard:122:DE:quarterhour,Forecast generation: total (MWh),2026-10-07T21:45:00+00:00,2026-10-07T23:45:00+02:00
2026-10-07T05:17:17+00:00,smard:123:DE:quarterhour,Forecast generation: wind onshore (MWh),2026-10-07T21:45:00+00:00,2026-10-07T23:45:00+02:00
2026-10-07T05:17:17+00:00,smard:3791:DE:quarterhour,Forecast generation: wind offshore (MWh),2026-10-07T21:45:00+00:00,2026-10-07T23:45:00+02:00
2026-10-07T05:17:17+00:00,smard:125:DE:quarterhour,Forecast generation: photovoltaics (MWh),2026-10-07T21:45:00+00:00,2026-10-07T23:45:00+02:00
2026-10-07T05:17:17+00:00,smard:5097:DE:quarterhour,Forecast generation: wind and PV (MWh),2026-10-07T21:45:00+00:00,2026-10-07T23:45:00+02:00
2026-10-07T05:17:17+00:00,smard:715:DE:quarterhour,Forecast generation: other (MWh),2026-10-07T21:45:00+00:00,2026-10-07T23:45:00+02:00
2026-10-07T06:02:21+00:00,smard:4169:DE-LU:quarterhour,Day-ahead price DE-LU (EUR/MWh),2026-10-07T21:45:00+00:00,2026-10-07T23:45:00+02:00
2026-10-07T06:02:21+00:00,smard:411:DE:quarterhour,Forecast: total load (MWh),2026-10-07T21:45:00+00:00,2026-10-07T23:45:00+02:00
2026-10-07T06:02:21+00:00,smard:4362:DE:quarterhour,Forecast: residual load (MWh),2026-10-07T21:45:00+00:00,2026-10-07T23:45:00+02:00
2026-10-07T06:02:21+00:00,smard:122:DE:quarterhour,Forecast generation: total (MWh),2026-10-07T21:45:00+00:00,2026-10-07T23:45:00+02:00
2026-10-07T06:02:21+00:00,smard:123:DE:quarterhour,Forecast generation: wind onshore (MWh),2026-10-07T21:45:00+00:00,2026-10-07T23:45:00+02:00
2026-10-07T06:02:21+00:00,smard:3791:DE:quarterhour,Forecast generation: wind offshore (MWh),2026-10-07T21:45:00+00:00,2026-10-07T23:45:00+02:00
2026-10-07T06:02:21+00:00,smard:125:DE:quarterhour,Forecast generation: photovoltaics (MWh),2026-10-07T21:45:00+00:00,2026-10-07T23:45:00+02:00
2026-10-07T06:02:21+00:00,smard:5097:DE:quarterhour,Forecast generation: wind and PV (MWh),2026-10-07T21:45:00+00:00,2026-10-07T23:45:00+02:00
2026-10-07T06:02:21+00:00,smard:715:DE:quarterhour,Forecast generation: other (MWh),2026-10-07T21:45:00+00:00,2026-10-07T23:45:00+02:00
2026-10-07T06:17:16+00:00,smard:4169:DE-LU:quarterhour,Day-ahead price DE-LU (EUR/MWh),2026-10-07T21:45:00+00:00,2026-10-07T23:45:00+02:00
2026-10-07T06:17:16+00:00,smard:411:DE:quarterhour,Forecast: total load (MWh),2026-10-07T21:45:00+00:00,2026-10-07T23:45:00+02:00
2026-10-07T06:17:16+00:00,smard:4362:DE:quarterhour,Forecast: residual load (MWh),2026-10-07T21:45:00+00:00,2026-10-07T23:45:00+02:00
2026-10-07T06:17:16+00:00,smard:122:DE:quarterhour,Forecast generation: total (MWh),2026-10-07T21:45:00+00:00,2026-10-07T23:45:00+02:00
2026-10-07T06:17:16+00:00,smard:123:DE:quarterhour,Forecast generation: wind onshore (MWh),2026-10-07T21:45:00+00:00,2026-10-07T23:45:00+02:00
2026-10-07T06:17:16+00:00,smard:3791:DE:quarterhour,Forecast generation: wind offshore (MWh),2026-10-07T21:45:00+00:00,2026-10-07T23:45:00+02:00
2026-10-07T06:17:16+00:00,smard:125:DE:quarterhour,Forecast generation: photovoltaics (MWh),2026-10-07T21:45:00+00:00,2026-10-07T23:45:00+02:00
2026-10-07T06:17:16+00:00,smard:5097:DE:quarterhour,Forecast generation: wind and PV (MWh),2026-10-07T21:45:00+00:00,2026-10-07T23:45:00+02:00
2026-10-07T06:17:16+00:00,smard:715:DE:quarterhour,Forecast generation: other (MWh),2026-10-07T21:45:00+00:00,2026-10-07T23:45:00+02:00
2026-10-07T06:18:02+00:00,smard:4169:DE-LU:quarterhour,Day-ahead price DE-LU (EUR/MWh),2026-10-07T21:45:00+00:00,2026-10-07T23:45:00+02:00
2026-10-07T06:18:02+00:00,smard:411:DE:quarterhour,Forecast: total load (MWh),2026-10-07T21:45:00+00:00,2026-10-07T23:45:00+02:00
2026-10-07T06:18:02+00:00,smard:4362:DE:quarterhour,Forecast: residual load (MWh),2026-10-07T21:45:00+00:00,2026-10-07T23:45:00+02:00
2026-10-07T06:18:02+00:00,smard:122:DE:quarterhour,Forecast generation: total (MWh),2026-10-07T21:45:00+00:00,2026-10-07T23:45:00+02:00
2026-10-07T06:18:02+00:00,smard:123:DE:quarterhour,Forecast generation: wind onshore (MWh),2026-10-07T21:45:00+00:00,2026-10-07T23:45:00+02:00
2026-10-07T06:18:02+00:00,smard:3791:DE:quarterhour,Forecast generation: wind offshore (MWh),2026-10-07T21:45:00+00:00,2026-10-07T23:45:00+02:00
2026-10-07T06:18:02+00:00,smard:125:DE:quarterhour,Forecast generation: photovoltaics (MWh),2026-10-07T21:45:00+00:00,2026-10-07T23:45:00+02:00
2026-10-07T06:18:02+00:00,smard:5097:DE:quarterhour,Forecast generation: wind and PV (MWh),2026-10-07T21:45:00+00:00,2026-10-07T23:45:00+02:00
2026-10-07T06:18:02+00:00,smard:715:DE:quarterhour,Forecast generation: other (MWh),2026-10-07T21:45:00+00:00,2026-10-07T23:45:00+02:00
2026-10-07T07:17:16+00:00,smard:4169:DE-LU:quarterhour,Day-ahead price DE-LU (EUR/MWh),2026-10-07T21:45:00+00:00,2026-10-07T23:45:00+02:00
2026-10-07T07:17:16+00:00,smard:411:DE:quarterhour,Forecast: total load (MWh),2026-10-07T21:45:00+00:00,2026-10-07T23:45:00+02:00
2026-10-07T07:17:16+00:00,smard:4362:DE:quarterhour,Forecast: residual load (MWh),2026-10-07T21:45:00+00:00,2026-10-07T23:45:00+02:00
2026-10-07T07:17:16+00:00,smard:122:DE:quarterhour,Forecast generation: total (MWh),2026-10-07T21:45:00+00:00,2026-10-07T23:45:00+02:00
2026-10-07T07:17:16+00:00,smard:123:DE:quarterhour,Forecast generation: wind onshore (MWh),2026-10-07T21:45:00+00:00,2026-10-07T23:45:00+02:00
2026-10-07T07:17:16+00:00,smard:3791:DE:quarterhour,Forecast generation: wind offshore (MWh),2026-10-07T21:45:00+00:00,2026-10-07T23:45:00+02:00
2026-10-07T07:17:16+00:00,smard:125:DE:quarterhour,Forecast generation: photovoltaics (MWh),2026-10-07T21:45:00+00:00,2026-10-07T23:45:00+02:00
2026-10-07T07:17:16+00:00,smard:5097:DE:quarterhour,Forecast generation: wind and PV (MWh),2026-10-07T21:45:00+00:00,2026-10-07T23:45:00+02:00
2026-10-07T07:17:16+00:00,smard:715:DE:quarterhour,Forecast generation: other (MWh),2026-10-07T21:45:00+00:00,2026-10-07T23:45:00+02:00
2026-10-07T08:17:16+00:00,smard:4169:DE-LU:quarterhour,Day-ahead price DE-LU (EUR/MWh),2026-10-07T21:45:00+00:00,2026-10-07T23:45:00+02:00
2026-10-07T08:17:16+00:00,smard:411:DE:quarterhour,Forecast: total load (MWh),2026-10-08T21:45:00+00:00,2026-10-08T23:45:00+02:00
2026-10-07T08:17:16+00:00,smard:4362:DE:quarterhour,Forecast: residual load (MWh),2026-10-07T21:45:00+00:00,2026-10-07T23:45:00+02:00
2026-10-07T08:17:16+00:00,smard:122:DE:quarterhour,Forecast generation: total (MWh),2026-10-07T21:45:00+00:00,2026-10-07T23:45:00+02:00
2026-10-07T08:17:16+00:00,smard:123:DE:quarterhour,Forecast generation: wind onshore (MWh),2026-10-07T21:45:00+00:00,2026-10-07T23:45:00+02:00
2026-10-07T08:17:16+00:00,smard:3791:DE:quarterhour,Forecast generation: wind offshore (MWh),2026-10-07T21:45:00+00:00,2026-10-07T23:45:00+02:00
2026-10-07T08:17:16+00:00,smard:125:DE:quarterhour,Forecast generation: photovoltaics (MWh),2026-10-07T21:45:00+00:00,2026-10-07T23:45:00+02:00
2026-10-07T08:17:16+00:00,smard:5097:DE:quarterhour,Forecast generation: wind and PV (MWh),2026-10-07T21:45:00+00:00,2026-10-07T23:45:00+02:00
2026-10-07T08:17:16+00:00,smard:715:DE:quarterhour,Forecast generation: other (MWh),2026-10-07T21:45:00+00:00,2026-10-07T23:45:00+02:00
2026-10-07T09:17:16+00:00,smard:4169:DE-LU:quarterhour,Day-ahead price DE-LU (EUR/MWh),2026-10-07T21:45:00+00:00,2026-10-07T23:45:00+02:00
2026-10-07T09:17:16+00:00,smard:411:DE:quarterhour,Forecast: total load (MWh),2026-10-08T21:45:00+00:00,2026-10-08T23:45:00+02:00
2026-10-07T09:17:16+00:00,smard:4362:DE:quarterhour,Forecast: residual load (MWh),2026-10-07T21:45:00+00:00,2026-10-07T23:45:00+02:00
2026-10-07T09:17:16+00:00,smard:122:DE:quarterhour,Forecast generation: total (MWh),2026-10-07T21:45:00+00:00,2026-10-07T23:45:00+02:00
2026-10-07T09:17:16+00:00,smard:123:DE:quarterhour,Forecast generation: wind onshore (MWh),2026-10-07T21:45:00+00:00,2026-10-07T23:45:00+02:00
2026-10-07T09:17:16+00:00,smard:3791:DE:quarterhour,Forecast generation: wind offshore (MWh),2026-10-07T21:45:00+00:00,2026-10-07T23:45:00+02:00
2026-10-07T09:17:16+00:00,smard:125:DE:quarterhour,Forecast generation: photovoltaics (MWh),2026-10-07T21:45:00+00:00,2026-10-07T23:45:00+02:00
2026-10-07T09:17:16+00:00,smard:5097:DE:quarterhour,Forecast generation: wind and PV (MWh),2026-10-07T21:45:00+00:00,2026-10-07T23:45:00+02:00
2026-10-07T09:17:16+00:00,smard:715:DE:quarterhour,Forecast generation: other (MWh),2026-10-07T21:45:00+00:00,2026-10-07T23:45:00+02:00
2026-10-07T10:17:18+00:00,smard:4169:DE-LU:quarterhour,Day-ahead price DE-LU (EUR/MWh),2026-10-07T21:45:00+00:00,2026-10-07T23:45:00+02:00
2026-10-07T10:17:18+00:00,smard:411:DE:quarterhour,Forecast: total load (MWh),2026-10-08T21:45:00+00:00,2026-10-08T23:45:00+02:00
2026-10-07T10:17:18+00:00,smard:4362:DE:quarterhour,Forecast: residual load (MWh),2026-10-07T21:45:00+00:00,2026-10-07T23:45:00+02:00
2026-10-07T10:17:18+00:00,smard:122:DE:quarterhour,Forecast generation: total (MWh),2026-10-07T21:45:00+00:00,2026-10-07T23:45:00+02:00
2026-10-07T10:17:18+00:00,smard:123:DE:quarterhour,Forecast generation: wind onshore (MWh),2026-10-07T21:45:00+00:00,2026-10-07T23:45:00+02:00
2026-10-07T10:17:18+00:00,smard:3791:DE:quarterhour,Forecast generation: wind offshore (MWh),2026-10-07T21:45:00+00:00,2026-10-07T23:45:00+02:00
2026-10-07T10:17:18+00:00,smard:125:DE:quarterhour,Forecast generation: photovoltaics (MWh),2026-10-07T21:45:00+00:00,2026-10-07T23:45:00+02:00
2026-10-07T10:17:18+00:00,smard:5097:DE:quarterhour,Forecast generation: wind and PV (MWh),2026-10-07T21:45:00+00:00,2026-10-07T23:45:00+02:00
2026-10-07T10:17:18+00:00,smard:715:DE:quarterhour,Forecast generation: other (MWh),2026-10-07T21:45:00+00:00,2026-10-07T23:45:00+02:00
2026-10-07T11:17:15+00:00,smard:4169:DE-LU:quarterhour,Day-ahead price DE-LU (EUR/MWh),2026-10-07T21:45:00+00:00,2026-10-07T23:45:00+02:00
2026-10-07T11:17:15+00:00,smard:411:DE:quarterhour,Forecast: total load (MWh),2026-10-08T21:45:00+00:00,2026-10-08T23:45:00+02:00
2026-10-07T11:17:15+00:00,smard:4362:DE:quarterhour,Forecast: residual load (MWh),2026-10-07T21:45:00+00:00,2026-10-07T23:45:00+02:00
2026-10-07T11:17:15+00:00,smard:122:DE:quarterhour,Forecast generation: total (MWh),2026-10-07T21:45:00+00:00,2026-10-07T23:45:00+02:00
2026-10-07T11:17:15+00:00,smard:123:DE:quarterhour,Forecast generation: wind onshore (MWh),2026-10-07T21:45:00+00:00,2026-10-07T23:45:00+02:00
2026-10-07T11:17:15+00:00,smard:3791:DE:quarterhour,Forecast generation: wind offshore (MWh),2026-10-07T21:45:00+00:00,2026-10-07T23:45:00+02:00
2026-10-07T11:17:15+00:00,smard:125:DE:quarterhour,Forecast generation: photovoltaics (MWh),2026-10-07T21:45:00+00:00,2026-10-07T23:45:00+02:00
2026-10-07T11:17:15+00:00,smard:5097:DE:quarterhour,Forecast generation: wind and PV (MWh),2026-10-07T21:45:00+00:00,2026-10-07T23:45:00+02:00
2026-10-07T11:17:15+00:00,smard:715:DE:quarterhour,Forecast generation: other (MWh),2026-10-07T21:45:00+00:00,2026-10-07T23:45:00+02:00
2026-10-07T11:17:46+00:00,smard:4169:DE-LU:quarterhour,Day-ahead price DE-LU (EUR/MWh),2026-10-07T21:45:00+00:00,2026-10-07T23:45:00+02:00
2026-10-07T11:17:46+00:00,smard:411:DE:quarterhour,Forecast: total load (MWh),2026-10-08T21:45:00+00:00,2026-10-08T23:45:00+02:00
2026-10-07T11:17:46+00:00,smard:4362:DE:quarterhour,Forecast: residual load (MWh),2026-10-07T21:45:00+00:00,2026-10-07T23:45:00+02:00
2026-10-07T11:17:46+00:00,smard:122:DE:quarterhour,Forecast generation: total (MWh),2026-10-07T21:45:00+00:00,2026-10-07T23:45:00+02:00
2026-10-07T11:17:46+00:00,smard:123:DE:quarterhour,Forecast generation: wind onshore (MWh),2026-10-07T21:45:00+00:00,2026-10-07T23:45:00+02:00
2026-10-07T11:17:46+00:00,smard:3791:DE:quarterhour,Forecast generation: wind offshore (MWh),2026-10-07T21:45:00+00:00,2026-10-07T23:45:00+02:00
2026-10-07T11:17:46+00:00,smard:125:DE:quarterhour,Forecast generation: photovoltaics (MWh),2026-10-07T21:45:00+00:00,2026-10-07T23:45:00+02:00
2026-10-07T11:17:46+00:00,smard:5097:DE:quarterhour,Forecast generation: wind and PV (MWh),2026-10-07T21:45:00+00:00,2026-10-07T23:45:00+02:00
2026-10-07T11:17:46+00:00,smard:715:DE:quarterhour,Forecast generation: other (MWh),2026-10-07T21:45:00+00:00,2026-10-07T23:45:00+02:00
2026-10-07T12:17:15+00:00,smard:4169:DE-LU:quarterhour,Day-ahead price DE-LU (EUR/MWh),2026-10-07T21:45:00+00:00,2026-10-07T23:45:00+02:00
2026-10-07T12:17:15+00:00,smard:411:DE:quarterhour,Forecast: total load (MWh),2026-10-08T21:45:00+00:00,2026-10-08T23:45:00+02:00
2026-10-07T12:17:15+00:00,smard:4362:DE:quarterhour,Forecast: residual load (MWh),2026-10-07T21:45:00+00:00,2026-10-07T23:45:00+02:00
2026-10-07T12:17:15+00:00,smard:122:DE:quarterhour,Forecast generation: total (MWh),2026-10-07T21:45:00+00:00,2026-10-07T23:45:00+02:00
2026-10-07T12:17:15+00:00,smard:123:DE:quarterhour,Forecast generation: wind onshore (MWh),2026-10-07T21:45:00+00:00,2026-10-07T23:45:00+02:00
2026-10-07T12:17:15+00:00,smard:3791:DE:quarterhour,Forecast generation: wind offshore (MWh),2026-10-07T21:45:00+00:00,2026-10-07T23:45:00+02:00
2026-10-07T12:17:15+00:00,smard:125:DE:quarterhour,Forecast generation: photovoltaics (MWh),2026-10-07T21:45:00+00:00,2026-10-07T23:45:00+02:00
2026-10-07T12:17:15+00:00,smard:5097:DE:quarterhour,Forecast generation: wind and PV (MWh),2026-10-07T21:45:00+00:00,2026-10-07T23:45:00+02:00
2026-10-07T12:17:15+00:00,smard:715:DE:quarterhour,Forecast generation: other (MWh),2026-10-07T21:45:00+00:00,2026-10-07T23:45:00+02:00
2026-10-07T13:17:17+00:00,smard:4169:DE-LU:quarterhour,Day-ahead price DE-LU (EUR/MWh),2026-10-08T21:45:00+00:00,2026-10-08T23:45:00+02:00
2026-10-07T13:17:17+00:00,smard:411:DE:quarterhour,Forecast: total load (MWh),2026-10-08T21:45:00+00:00,2026-10-08T23:45:00+02:00
2026-10-07T13:17:17+00:00,smard:4362:DE:quarterhour,Forecast: residual load (MWh),2026-10-07T21:45:00+00:00,2026-10-07T23:45:00+02:00
2026-10-07T13:17:17+00:00,smard:122:DE:quarterhour,Forecast generation: total (MWh),2026-10-07T21:45:00+00:00,2026-10-07T23:45:00+02:00
2026-10-07T13:17:17+00:00,smard:123:DE:quarterhour,Forecast generation: wind onshore (MWh),2026-10-07T21:45:00+00:00,2026-10-07T23:45:00+02:00
2026-10-07T13:17:17+00:00,smard:3791:DE:quarterhour,Forecast generation: wind offshore (MWh),2026-10-07T21:45:00+00:00,2026-10-07T23:45:00+02:00
2026-10-07T13:17:17+00:00,smard:125:DE:quarterhour,Forecast generation: photovoltaics (MWh),2026-10-07T21:45:00+00:00,2026-10-07T23:45:00+02:00
2026-10-07T13:17:17+00:00,smard:5097:DE:quarterhour,Forecast generation: wind and PV (MWh),2026-10-07T21:45:00+00:00,2026-10-07T23:45:00+02:00
2026-10-07T13:17:17+00:00,smard:715:DE:quarterhour,Forecast generation: other (MWh),2026-10-07T21:45:00+00:00,2026-10-07T23:45:00+02:00
2026-10-07T13:26:32+00:00,smard:4169:DE-LU:quarterhour,Day-ahead price DE-LU (EUR/MWh),2026-10-08T21:45:00+00:00,2026-10-08T23:45:00+02:00
2026-10-07T13:26:32+00:00,smard:411:DE:quarterhour,Forecast: total load (MWh),2026-10-08T21:45:00+00:00,2026-10-08T23:45:00+02:00
2026-10-07T13:26:32+00:00,smard:4362:DE:quarterhour,Forecast: residual load (MWh),2026-10-07T21:45:00+00:00,2026-10-07T23:45:00+02:00
2026-10-07T13:26:32+00:00,smard:122:DE:quarterhour,Forecast generation: total (MWh),2026-10-07T21:45:00+00:00,2026-10-07T23:45:00+02:00
2026-10-07T13:26:32+00:00,smard:123:DE:quarterhour,Forecast generation: wind onshore (MWh),2026-10-07T21:45:00+00:00,2026-10-07T23:45:00+02:00
2026-10-07T13:26:32+00:00,smard:3791:DE:quarterhour,Forecast generation: wind offshore (MWh),2026-10-07T21:45:00+00:00,2026-10-07T23:45:00+02:00
2026-10-07T13:26:32+00:00,smard:125:DE:quarterhour,Forecast generation: photovoltaics (MWh),2026-10-07T21:45:00+00:00,2026-10-07T23:45:00+02:00
2026-10-07T13:26:32+00:00,smard:5097:DE:quarterhour,Forecast generation: wind and PV (MWh),2026-10-07T21:45:00+00:00,2026-10-07T23:45:00+02:00
2026-10-07T13:26:32+00:00,smard:715:DE:quarterhour,Forecast generation: other (MWh),2026-10-07T21:45:00+00:00,2026-10-07T23:45:00+02:00
2026-10-07T14:17:17+00:00,smard:4169:DE-LU:quarterhour,Day-ahead price DE-LU (EUR/MWh),2026-10-08T21:45:00+00:00,2026-10-08T23:45:00+02:00
2026-10-07T14:17:17+00:00,smard:411:DE:quarterhour,Forecast: total load (MWh),2026-10-08T21:45:00+00:00,2026-10-08T23:45:00+02:00
2026-10-07T14:17:17+00:00,smard:4362:DE:quarterhour,Forecast: residual load (MWh),2026-10-07T21:45:00+00:00,2026-10-07T23:45:00+02:00
2026-10-07T14:17:17+00:00,smard:122:DE:quarterhour,Forecast generation: total (MWh),2026-10-07T21:45:00+00:00,2026-10-07T23:45:00+02:00
2026-10-07T14:17:17+00:00,smard:123:DE:quarterhour,Forecast generation: wind onshore (MWh),2026-10-07T21:45:00+00:00,2026-10-07T23:45:00+02:00
2026-10-07T14:17:17+00:00,smard:3791:DE:quarterhour,Forecast generation: wind offshore (MWh),2026-10-07T21:45:00+00:00,2026-10-07T23:45:00+02:00
2026-10-07T14:17:17+00:00,smard:125:DE:quarterhour,Forecast generation: photovoltaics (MWh),2026-10-07T21:45:00+00:00,2026-10-07T23:45:00+02:00
2026-10-07T14:17:17+00:00,smard:5097:DE:quarterhour,Forecast generation: wind and PV (MWh),2026-10-07T21:45:00+00:00,2026-10-07T23:45:00+02:00
2026-10-07T14:17:17+00:00,smard:715:DE:quarterhour,Forecast generation: other (MWh),2026-10-07T21:45:00+00:00,2026-10-07T23:45:00+02:00
2026-10-07T15:17:20+00:00,smard:4169:DE-LU:quarterhour,Day-ahead price DE-LU (EUR/MWh),2026-10-08T21:45:00+00:00,2026-10-08T23:45:00+02:00
2026-10-07T15:17:20+00:00,smard:411:DE:quarterhour,Forecast: total load (MWh),2026-10-08T21:45:00+00:00,2026-10-08T23:45:00+02:00
2026-10-07T15:17:20+00:00,smard:4362:DE:quarterhour,Forecast: residual load (MWh),2026-10-07T21:45:00+00:00,2026-10-07T23:45:00+02:00
2026-10-07T15:17:20+00:00,smard:122:DE:quarterhour,Forecast generation: total (MWh),2026-10-07T21:45:00+00:00,2026-10-07T23:45:00+02:00
2026-10-07T15:17:20+00:00,smard:123:DE:quarterhour,Forecast generation: wind onshore (MWh),2026-10-07T21:45:00+00:00,2026-10-07T23:45:00+02:00
2026-10-07T15:17:20+00:00,smard:3791:DE:quarterhour,Forecast generation: wind offshore (MWh),2026-10-07T21:45:00+00:00,2026-10-07T23:45:00+02:00
2026-10-07T15:17:20+00:00,smard:125:DE:quarterhour,Forecast generation: photovoltaics (MWh),2026-10-07T21:45:00+00:00,2026-10-07T23:45:00+02:00
2026-10-07T15:17:20+00:00,smard:5097:DE:quarterhour,Forecast generation: wind and PV (MWh),2026-10-07T21:45:00+00:00,2026-10-07T23:45:00+02:00
2026-10-07T15:17:20+00:00,smard:715:DE:quarterhour,Forecast generation: other (MWh),2026-10-07T21:45:00+00:00,2026-10-07T23:45:00+02:00
2026-10-07T16:17:17+00:00,smard:4169:DE-LU:quarterhour,Day-ahead price DE-LU (EUR/MWh),2026-10-08T21:45:00+00:00,2026-10-08T23:45:00+02:00
2026-10-07T16:17:17+00:00,smard:411:DE:quarterhour,Forecast: total load (MWh),2026-10-08T21:45:00+00:00,2026-10-08T23:45:00+02:00
2026-10-07T16:17:17+00:00,smard:4362:DE:quarterhour,Forecast: residual load (MWh),2026-10-08T21:45:00+00:00,2026-10-08T23:45:00+02:00
2026-10-07T16:17:17+00:00,smard:122:DE:quarterhour,Forecast generation: total (MWh),2026-10-08T21:45:00+00:00,2026-10-08T23:45:00+02:00
2026-10-07T16:17:17+00:00,smard:123:DE:quarterhour,Forecast generation: wind onshore (MWh),2026-10-08T21:45:00+00:00,2026-10-08T23:45:00+02:00
2026-10-07T16:17:17+00:00,smard:3791:DE:quarterhour,Forecast generation: wind offshore (MWh),2026-10-08T21:45:00+00:00,2026-10-08T23:45:00+02:00
2026-10-07T16:17:17+00:00,smard:125:DE:quarterhour,Forecast generation: photovoltaics (MWh),2026-10-08T21:45:00+00:00,2026-10-08T23:45:00+02:00
2026-10-07T16:17:17+00:00,smard:5097:DE:quarterhour,Forecast generation: wind and PV (MWh),2026-10-08T21:45:00+00:00,2026-10-08T23:45:00+02:00
2026-10-07T16:17:17+00:00,smard:715:DE:quarterhour,Forecast generation: other (MWh),2026-10-08T21:45:00+00:00,2026-10-08T23:45:00+02:00
2026-10-07T16:17:50+00:00,smard:4169:DE-LU:quarterhour,Day-ahead price DE-LU (EUR/MWh),2026-10-08T21:45:00+00:00,2026-10-08T23:45:00+02:00
2026-10-07T16:17:50+00:00,smard:411:DE:quarterhour,Forecast: total load (MWh),2026-10-08T21:45:00+00:00,2026-10-08T23:45:00+02:00
2026-10-07T16:17:50+00:00,smard:4362:DE:quarterhour,Forecast: residual load (MWh),2026-10-08T21:45:00+00:00,2026-10-08T23:45:00+02:00
2026-10-07T16:17:50+00:00,smard:122:DE:quarterhour,Forecast generation: total (MWh),2026-10-08T21:45:00+00:00,2026-10-08T23:45:00+02:00
2026-10-07T16:17:50+00:00,smard:123:DE:quarterhour,Forecast generation: wind onshore (MWh),2026-10-08T21:45:00+00:00,2026-10-08T23:45:00+02:00
2026-10-07T16:17:50+00:00,smard:3791:DE:quarterhour,Forecast generation: wind offshore (MWh),2026-10-08T21:45:00+00:00,2026-10-08T23:45:00+02:00
2026-10-07T16:17:50+00:00,smard:125:DE:quarterhour,Forecast generation: photovoltaics (MWh),2026-10-08T21:45:00+00:00,2026-10-08T23:45:00+02:00
2026-10-07T16:17:50+00:00,smard:5097:DE:quarterhour,Forecast generation: wind and PV (MWh),2026-10-08T21:45:00+00:00,2026-10-08T23:45:00+02:00
2026-10-07T16:17:50+00:00,smard:715:DE:quarterhour,Forecast generation: other (MWh),2026-10-08T21:45:00+00:00,2026-10-08T23:45:00+02:00
2026-10-07T17:17:16+00:00,smard:4169:DE-LU:quarterhour,Day-ahead price DE-LU (EUR/MWh),2026-10-08T21:45:00+00:00,2026-10-08T23:45:00+02:00
2026-10-07T17:17:16+00:00,smard:411:DE:quarterhour,Forecast: total load (MWh),2026-10-08T21:45:00+00:00,2026-10-08T23:45:00+02:00
2026-10-07T17:17:16+00:00,smard:4362:DE:quarterhour,Forecast: residual load (MWh),2026-10-08T21:45:00+00:00,2026-10-08T23:45:00+02:00
2026-10-07T17:17:16+00:00,smard:122:DE:quarterhour,Forecast generation: total (MWh),2026-10-08T21:45:00+00:00,2026-10-08T23:45:00+02:00
2026-10-07T17:17:16+00:00,smard:123:DE:quarterhour,Forecast generation: wind onshore (MWh),2026-10-08T21:45:00+00:00,2026-10-08T23:45:00+02:00
2026-10-07T17:17:16+00:00,smard:3791:DE:quarterhour,Forecast generation: wind offshore (MWh),2026-10-08T21:45:00+00:00,2026-10-08T23:45:00+02:00
2026-10-07T17:17:16+00:00,smard:125:DE:quarterhour,Forecast generation: photovoltaics (MWh),2026-10-08T21:45:00+00:00,2026-10-08T23:45:00+02:00
2026-10-07T17:17:16+00:00,smard:5097:DE:quarterhour,Forecast generation: wind and PV (MWh),2026-10-08T21:45:00+00:00,2026-10-08T23:45:00+02:00
2026-10-07T17:17:16+00:00,smard:715:DE:quarterhour,Forecast generation: other (MWh),2026-10-08T21:45:00+00:00,2026-10-08T23:45:00+02:00
2026-10-07T18:17:20+00:00,smard:4169:DE-LU:quarterhour,Day-ahead price DE-LU (EUR/MWh),2026-10-08T21:45:00+00:00,2026-10-08T23:45:00+02:00
2026-10-07T18:17:20+00:00,smard:411:DE:quarterhour,Forecast: total load (MWh),2026-10-08T21:45:00+00:00,2026-10-08T23:45:00+02:00
2026-10-07T18:17:20+00:00,smard:4362:DE:quarterhour,Forecast: residual load (MWh),2026-10-08T21:45:00+00:00,2026-10-08T23:45:00+02:00
2026-10-07T18:17:20+00:00,smard:122:DE:quarterhour,Forecast generation: total (MWh),2026-10-08T21:45:00+00:00,2026-10-08T23:45:00+02:00
2026-10-07T18:17:20+00:00,smard:123:DE:quarterhour,Forecast generation: wind onshore (MWh),2026-10-08T21:45:00+00:00,2026-10-08T23:45:00+02:00
2026-10-07T18:17:20+00:00,smard:3791:DE:quarterhour,Forecast generation: wind offshore (MWh),2026-10-08T21:45:00+00:00,2026-10-08T23:45:00+02:00
2026-10-07T18:17:20+00:00,smard:125:DE:quarterhour,Forecast generation: photovoltaics (MWh),2026-10-08T21:45:00+00:00,2026-10-08T23:45:00+02:00
2026-10-07T18:17:20+00:00,smard:5097:DE:quarterhour,Forecast generation: wind and PV (MWh),2026-10-08T21:45:00+00:00,2026-10-08T23:45:00+02:00
2026-10-07T18:17:20+00:00,smard:715:DE:quarterhour,Forecast generation: other (MWh),2026-10-08T21:45:00+00:00,2026-10-08T23:45:00+02:00
2026-10-07T19:17:55+00:00,smard:4169:DE-LU:quarterhour,Day-ahead price DE-LU (EUR/MWh),2026-10-08T21:45:00+00:00,2026-10-08T23:45:00+02:00
2026-10-07T19:17:55+00:00,smard:411:DE:quarterhour,Forecast: total load (MWh),2026-10-08T21:45:00+00:00,2026-10-08T23:45:00+02:00
2026-10-07T19:17:55+00:00,smard:4362:DE:quarterhour,Forecast: residual load (MWh),2026-10-08T21:45:00+00:00,2026-10-08T23:45:00+02:00
2026-10-07T19:17:55+00:00,smard:122:DE:quarterhour,Forecast generation: total (MWh),2026-10-08T21:45:00+00:00,2026-10-08T23:45:00+02:00
2026-10-07T19:17:55+00:00,smard:123:DE:quarterhour,Forecast generation: wind onshore (MWh),2026-10-08T21:45:00+00:00,2026-10-08T23:45:00+02:00
2026-10-07T19:17:55+00:00,smard:3791:DE:quarterhour,Forecast generation: wind offshore (MWh),2026-10-08T21:45:00+00:00,2026-10-08T23:45:00+02:00
2026-10-07T19:17:55+00:00,smard:125:DE:quarterhour,Forecast generation: photovoltaics (MWh),2026-10-08T21:45:00+00:00,2026-10-08T23:45:00+02:00
2026-10-07T19:17:55+00:00,smard:5097:DE:quarterhour,Forecast generation: wind and PV (MWh),2026-10-08T21:45:00+00:00,2026-10-08T23:45:00+02:00
2026-10-07T19:17:55+00:00,smard:715:DE:quarterhour,Forecast generation: other (MWh),2026-10-08T21:45:00+00:00,2026-10-08T23:45:00+02:00
2026-10-07T20:17:20+00:00,smard:4169:DE-LU:quarterhour,Day-ahead price DE-LU (EUR/MWh),2026-10-08T21:45:00+00:00,2026-10-08T23:45:00+02:00
2026-10-07T20:17:20+00:00,smard:411:DE:quarterhour,Forecast: total load (MWh),2026-10-08T21:45:00+00:00,2026-10-08T23:45:00+02:00
2026-10-07T20:17:20+00:00,smard:4362:DE:quarterhour,Forecast: residual load (MWh),2026-10-08T21:45:00+00:00,2026-10-08T23:45:00+02:00
2026-10-07T20:17:20+00:00,smard:122:DE:quarterhour,Forecast generation: total (MWh),2026-10-08T21:45:00+00:00,2026-10-08T23:45:00+02:00
2026-10-07T20:17:20+00:00,smard:123:DE:quarterhour,Forecast generation: wind onshore (MWh),2026-10-08T21:45:00+00:00,2026-10-08T23:45:00+02:00
2026-10-07T20:17:20+00:00,smard:3791:DE:quarterhour,Forecast generation: wind offshore (MWh),2026-10-08T21:45:00+00:00,2026-10-08T23:45:00+02:00
2026-10-07T20:17:20+00:00,smard:125:DE:quarterhour,Forecast generation: photovoltaics (MWh),2026-10-08T21:45:00+00:00,2026-10-08T23:45:00+02:00
2026-10-07T20:17:20+00:00,smard:5097:DE:quarterhour,Forecast generation: wind and PV (MWh),2026-10-08T21:45:00+00:00,2026-10-08T23:45:00+02:00
2026-10-07T20:17:20+00:00,smard:715:DE:quarterhour,Forecast generation: other (MWh),2026-10-08T21:45:00+00:00,2026-10-08T23:45:00+02:00
2026-10-07T21:17:14+00:00,smard:4169:DE-LU:quarterhour,Day-ahead price DE-LU (EUR/MWh),2026-10-08T21:45:00+00:00,2026-10-08T23:45:00+02:00
2026-10-07T21:17:14+00:00,smard:411:DE:quarterhour,Forecast: total load (MWh),2026-10-08T21:45:00+00:00,2026-10-08T23:45:00+02:00
2026-10-07T21:17:14+00:00,smard:4362:DE:quarterhour,Forecast: residual load (MWh),2026-10-08T21:45:00+00:00,2026-10-08T23:45:00+02:00
2026-10-07T21:17:14+00:00,smard:122:DE:quarterhour,Forecast generation: total (MWh),2026-10-08T21:45:00+00:00,2026-10-08T23:45:00+02:00
2026-10-07T21:17:14+00:00,smard:123:DE:quarterhour,Forecast generation: wind onshore (MWh),2026-10-08T21:45:00+00:00,2026-10-08T23:45:00+02:00
2026-10-07T21:17:14+00:00,smard:3791:DE:quarterhour,Forecast generation: wind offshore (MWh),2026-10-08T21:45:00+00:00,2026-10-08T23:45:00+02:00
2026-10-07T21:17:14+00:00,smard:125:DE:quarterhour,Forecast generation: photovoltaics (MWh),2026-10-08T21:45:00+00:00,2026-10-08T23:45:00+02:00
2026-10-07T21:17:14+00:00,smard:5097:DE:quarterhour,Forecast generation: wind and PV (MWh),2026-10-08T21:45:00+00:00,2026-10-08T23:45:00+02:00
2026-10-07T21:17:14+00:00,smard:715:DE:quarterhour,Forecast generation: other (MWh),2026-10-08T21:45:00+00:00,2026-10-08T23:45:00+02:00
2026-10-07T21:17:44+00:00,smard:4169:DE-LU:quarterhour,Day-ahead price DE-LU (EUR/MWh),2026-10-08T21:45:00+00:00,2026-10-08T23:45:00+02:00
2026-10-07T21:17:44+00:00,smard:411:DE:quarterhour,Forecast: total load (MWh),2026-10-08T21:45:00+00:00,2026-10-08T23:45:00+02:00
2026-10-07T21:17:44+00:00,smard:4362:DE:quarterhour,Forecast: residual load (MWh),2026-10-08T21:45:00+00:00,2026-10-08T23:45:00+02:00
2026-10-07T21:17:44+00:00,smard:122:DE:quarterhour,Forecast generation: total (MWh),2026-10-08T21:45:00+00:00,2026-10-08T23:45:00+02:00
2026-10-07T21:17:44+00:00,smard:123:DE:quarterhour,Forecast generation: wind onshore (MWh),2026-10-08T21:45:00+00:00,2026-10-08T23:45:00+02:00
2026-10-07T21:17:44+00:00,smard:3791:DE:quarterhour,Forecast generation: wind offshore (MWh),2026-10-08T21:45:00+00:00,2026-10-08T23:45:00+02:00
2026-10-07T21:17:44+00:00,smard:125:DE:quarterhour,Forecast generation: photovoltaics (MWh),2026-10-08T21:45:00+00:00,2026-10-08T23:45:00+02:00
2026-10-07T21:17:44+00:00,smard:5097:DE:quarterhour,Forecast generation: wind and PV (MWh),2026-10-08T21:45:00+00:00,2026-10-08T23:45:00+02:00
2026-10-07T21:17:44+00:00,smard:715:DE:quarterhour,Forecast generation: other (MWh),2026-10-08T21:45:00+00:00,2026-10-08T23:45:00+02:00
2026-10-07T22:17:15+00:00,smard:4169:DE-LU:quarterhour,Day-ahead price DE-LU (EUR/MWh),2026-10-08T21:45:00+00:00,2026-10-08T23:45:00+02:00
2026-10-07T22:17:15+00:00,smard:411:DE:quarterhour,Forecast: total load (MWh),2026-10-08T21:45:00+00:00,2026-10-08T23:45:00+02:00
2026-10-07T22:17:15+00:00,smard:4362:DE:quarterhour,Forecast: residual load (MWh),2026-10-08T21:45:00+00:00,2026-10-08T23:45:00+02:00
2026-10-07T22:17:15+00:00,smard:122:DE:quarterhour,Forecast generation: total (MWh),2026-10-08T21:45:00+00:00,2026-10-08T23:45:00+02:00
2026-10-07T22:17:15+00:00,smard:123:DE:quarterhour,Forecast generation: wind onshore (MWh),2026-10-08T21:45:00+00:00,2026-10-08T23:45:00+02:00
2026-10-07T22:17:15+00:00,smard:3791:DE:quarterhour,Forecast generation: wind offshore (MWh),2026-10-08T21:45:00+00:00,2026-10-08T23:45:00+02:00
2026-10-07T22:17:15+00:00,smard:125:DE:quarterhour,Forecast generation: photovoltaics (MWh),2026-10-08T21:45:00+00:00,2026-10-08T23:45:00+02:00
2026-10-07T22:17:15+00:00,smard:5097:DE:quarterhour,Forecast generation: wind and PV (MWh),2026-10-08T21:45:00+00:00,2026-10-08T23:45:00+02:00
2026-10-07T22:17:15+00:00,smard:715:DE:quarterhour,Forecast generation: other (MWh),2026-10-08T21:45:00+00:00,2026-10-08T23:45:00+02:00
2026-10-07T23:06:23+00:00,smard:4169:DE-LU:quarterhour,Day-ahead price DE-LU (EUR/MWh),2026-10-08T21:45:00+00:00,2026-10-08T23:45:00+02:00
2026-10-07T23:06:23+00:00,smard:411:DE:quarterhour,Forecast: total load (MWh),2026-10-08T21:45:00+00:00,2026-10-08T23:45:00+02:00
2026-10-07T23:06:23+00:00,smard:4362:DE:quarterhour,Forecast: residual load (MWh),2026-10-08T21:45:00+00:00,2026-10-08T23:45:00+02:00
2026-10-07T23:06:23+00:00,smard:122:DE:quarterhour,Forecast generation: total (MWh),2026-10-08T21:45:00+00:00,2026-10-08T23:45:00+02:00
2026-10-07T23:06:23+00:00,smard:123:DE:quarterhour,Forecast generation: wind onshore (MWh),2026-10-08T21:45:00+00:00,2026-10-08T23:45:00+02:00
2026-10-07T23:06:23+00:00,smard:3791:DE:quarterhour,Forecast generation: wind offshore (MWh),2026-10-08T21:45:00+00:00,2026-10-08T23:45:00+02:00
2026-10-07T23:06:23+00:00,smard:125:DE:quarterhour,Forecast generation: photovoltaics (MWh),2026-10-08T21:45:00+00:00,2026-10-08T23:45:00+02:00
2026-10-07T23:06:23+00:00,smard:5097:DE:quarterhour,Forecast generation: wind and PV (MWh),2026-10-08T21:45:00+00:00,2026-10-08T23:45:00+02:00
2026-10-07T23:06:23+00:00,smard:715:DE:quarterhour,Forecast generation: other (MWh),2026-10-08T21:45:00+00:00,2026-10-08T23:45:00+02:00
2026-10-07T23:17:17+00:00,smard:4169:DE-LU:quarterhour,Day-ahead price DE-LU (EUR/MWh),2026-10-08T21:45:00+00:00,2026-10-08T23:45:00+02:00
2026-10-07T23:17:17+00:00,smard:411:DE:quarterhour,Forecast: total load (MWh),2026-10-08T21:45:00+00:00,2026-10-08T23:45:00+02:00
2026-10-07T23:17:17+00:00,smard:4362:DE:quarterhour,Forecast: residual load (MWh),2026-10-08T21:45:00+00:00,2026-10-08T23:45:00+02:00
2026-10-07T23:17:17+00:00,smard:122:DE:quarterhour,Forecast generation: total (MWh),2026-10-08T21:45:00+00:00,2026-10-08T23:45:00+02:00
2026-10-07T23:17:17+00:00,smard:123:DE:quarterhour,Forecast generation: wind onshore (MWh),2026-10-08T21:45:00+00:00,2026-10-08T23:45:00+02:00
2026-10-07T23:17:17+00:00,smard:3791:DE:quarterhour,Forecast generation: wind offshore (MWh),2026-10-08T21:45:00+00:00,2026-10-08T23:45:00+02:00
2026-10-07T23:17:17+00:00,smard:125:DE:quarterhour,Forecast generation: photovoltaics (MWh),2026-10-08T21:45:00+00:00,2026-10-08T23:45:00+02:00
2026-10-07T23:17:17+00:00,smard:5097:DE:quarterhour,Forecast generation: wind and PV (MWh),2026-10-08T21:45:00+00:00,2026-10-08T23:45:00+02:00
2026-10-07T23:17:17+00:00,smard:715:DE:quarterhour,Forecast generation: other (MWh),2026-10-08T21:45:00+00:00,2026-10-08T23:45:00+02:00
2026-10-08T00:17:14+00:00,smard:4169:DE-LU:quarterhour,Day-ahead price DE-LU (EUR/MWh),2026-10-08T21:45:00+00:00,2026-10-08T23:45:00+02:00
2026-10-08T00:17:14+00:00,smard:411:DE:quarterhour,Forecast: total load (MWh),2026-10-08T21:45:00+00:00,2026-10-08T23:45:00+02:00
2026-10-08T00:17:14+00:00,smard:4362:DE:quarterhour,Forecast: residual load (MWh),2026-10-08T21:45:00+00:00,2026-10-08T23:45:00+02:00
2026-10-08T00:17:14+00:00,smard:122:DE:quarterhour,Forecast generation: total (MWh),2026-10-08T21:45:00+00:00,2026-10-08T23:45:00+02:00
2026-10-08T00:17:14+00:00,smard:123:DE:quarterhour,Forecast generation: wind onshore (MWh),2026-10-08T21:45:00+00:00,2026-10-08T23:45:00+02:00
2026-10-08T00:17:14+00:00,smard:3791:DE:quarterhour,Forecast generation: wind offshore (MWh),2026-10-08T21:45:00+00:00,2026-10-08T23:45:00+02:00
2026-10-08T00:17:14+00:00,smard:125:DE:quarterhour,Forecast generation: photovoltaics (MWh),2026-10-08T21:45:00+00:00,2026-10-08T23:45:00+02:00
2026-10-08T00:17:14+00:00,smard:5097:DE:quarterhour,Forecast generation: wind and PV (MWh),2026-10-08T21:45:00+00:00,2026-10-08T23:45:00+02:00
2026-10-08T00:17:14+00:00,smard:715:DE:quarterhour,Forecast generation: other (MWh),2026-10-08T21:45:00+00:00,2026-10-08T23:45:00+02:00
2026-10-08T01:17:16+00:00,smard:4169:DE-LU:quarterhour,Day-ahead price DE-LU (EUR/MWh),2026-10-08T21:45:00+00:00,2026-10-08T23:45:00+02:00
2026-10-08T01:17:16+00:00,smard:411:DE:quarterhour,Forecast: total load (MWh),2026-10-08T21:45:00+00:00,2026-10-08T23:45:00+02:00
2026-10-08T01:17:16+00:00,smard:4362:DE:quarterhour,Forecast: residual load (MWh),2026-10-08T21:45:00+00:00,2026-10-08T23:45:00+02:00
2026-10-08T01:17:16+00:00,smard:122:DE:quarterhour,Forecast generation: total (MWh),2026-10-08T21:45:00+00:00,2026-10-08T23:45:00+02:00
2026-10-08T01:17:16+00:00,smard:123:DE:quarterhour,Forecast generation: wind onshore (MWh),2026-10-08T21:45:00+00:00,2026-10-08T23:45:00+02:00
2026-10-08T01:17:16+00:00,smard:3791:DE:quarterhour,Forecast generation: wind offshore (MWh),2026-10-08T21:45:00+00:00,2026-10-08T23:45:00+02:00
2026-10-08T01:17:16+00:00,smard:125:DE:quarterhour,Forecast generation: photovoltaics (MWh),2026-10-08T21:45:00+00:00,2026-10-08T23:45:00+02:00
2026-10-08T01:17:16+00:00,smard:5097:DE:quarterhour,Forecast generation: wind and PV (MWh),2026-10-08T21:45:00+00:00,2026-10-08T23:45:00+02:00
2026-10-08T01:17:16+00:00,smard:715:DE:quarterhour,Forecast generation: other (MWh),2026-10-08T21:45:00+00:00,2026-10-08T23:45:00+02:00
2026-10-08T02:17:18+00:00,smard:4169:DE-LU:quarterhour,Day-ahead price DE-LU (EUR/MWh),2026-10-08T21:45:00+00:00,2026-10-08T23:45:00+02:00
2026-10-08T02:17:18+00:00,smard:411:DE:quarterhour,Forecast: total load (MWh),2026-10-08T21:45:00+00:00,2026-10-08T23:45:00+02:00
2026-10-08T02:17:18+00:00,smard:4362:DE:quarterhour,Forecast: residual load (MWh),2026-10-08T21:45:00+00:00,2026-10-08T23:45:00+02:00
2026-10-08T02:17:18+00:00,smard:122:DE:quarterhour,Forecast generation: total (MWh),2026-10-08T21:45:00+00:00,2026-10-08T23:45:00+02:00
2026-10-08T02:17:18+00:00,smard:123:DE:quarterhour,Forecast generation: wind onshore (MWh),2026-10-08T21:45:00+00:00,2026-10-08T23:45:00+02:00
2026-10-08T02:17:18+00:00,smard:3791:DE:quarterhour,Forecast generation: wind offshore (MWh),2026-10-08T21:45:00+00:00,2026-10-08T23:45:00+02:00
2026-10-08T02:17:18+00:00,smard:125:DE:quarterhour,Forecast generation: photovoltaics (MWh),2026-10-08T21:45:00+00:00,2026-10-08T23:45:00+02:00
2026-10-08T02:17:18+00:00,smard:5097:DE:quarterhour,Forecast generation: wind and PV (MWh),2026-10-08T21:45:00+00:00,2026-10-08T23:45:00+02:00
2026-10-08T02:17:18+00:00,smard:715:DE:quarterhour,Forecast generation: other (MWh),2026-10-08T21:45:00+00:00,2026-10-08T23:45:00+02:00
2026-10-08T02:17:50+00:00,smard:4169:DE-LU:quarterhour,Day-ahead price DE-LU (EUR/MWh),2026-10-08T21:45:00+00:00,2026-10-08T23:45:00+02:00
2026-10-08T02:17:50+00:00,smard:411:DE:quarterhour,Forecast: total load (MWh),2026-10-08T21:45:00+00:00,2026-10-08T23:45:00+02:00
2026-10-08T02:17:50+00:00,smard:4362:DE:quarterhour,Forecast: residual load (MWh),2026-10-08T21:45:00+00:00,2026-10-08T23:45:00+02:00
2026-10-08T02:17:50+00:00,smard:122:DE:quarterhour,Forecast generation: total (MWh),2026-10-08T21:45:00+00:00,2026-10-08T23:45:00+02:00
2026-10-08T02:17:50+00:00,smard:123:DE:quarterhour,Forecast generation: wind onshore (MWh),2026-10-08T21:45:00+00:00,2026-10-08T23:45:00+02:00
2026-10-08T02:17:50+00:00,smard:3791:DE:quarterhour,Forecast generation: wind offshore (MWh),2026-10-08T21:45:00+00:00,2026-10-08T23:45:00+02:00
2026-10-08T02:17:50+00:00,smard:125:DE:quarterhour,Forecast generation: photovoltaics (MWh),2026-10-08T21:45:00+00:00,2026-10-08T23:45:00+02:00
2026-10-08T02:17:50+00:00,smard:5097:DE:quarterhour,Forecast generation: wind and PV (MWh),2026-10-08T21:45:00+00:00,2026-10-08T23:45:00+02:00
2026-10-08T02:17:50+00:00,smard:715:DE:quarterhour,Forecast generation: other (MWh),2026-10-08T21:45:00+00:00,2026-10-08T23:45:00+02:00
2026-10-08T03:17:14+00:00,smard:4169:DE-LU:quarterhour,Day-ahead price DE-LU (EUR/MWh),2026-10-08T21:45:00+00:00,2026-10-08T23:45:00+02:00
2026-10-08T03:17:14+00:00,smard:411:DE:quarterhour,Forecast: total load (MWh),2026-10-08T21:45:00+00:00,2026-10-08T23:45:00+02:00
2026-10-08T03:17:14+00:00,smard:4362:DE:quarterhour,Forecast: residual load (MWh),2026-10-08T21:45:00+00:00,2026-10-08T23:45:00+02:00
2026-10-08T03:17:14+00:00,smard:122:DE:quarterhour,Forecast generation: total (MWh),2026-10-08T21:45:00+00:00,2026-10-08T23:45:00+02:00
2026-10-08T03:17:14+00:00,smard:123:DE:quarterhour,Forecast generation: wind onshore (MWh),2026-10-08T21:45:00+00:00,2026-10-08T23:45:00+02:00
2026-10-08T03:17:14+00:00,smard:3791:DE:quarterhour,Forecast generation: wind offshore (MWh),2026-10-08T21:45:00+00:00,2026-10-08T23:45:00+02:00
2026-10-08T03:17:14+00:00,smard:125:DE:quarterhour,Forecast generation: photovoltaics (MWh),2026-10-08T21:45:00+00:00,2026-10-08T23:45:00+02:00
2026-10-08T03:17:14+00:00,smard:5097:DE:quarterhour,Forecast generation: wind and PV (MWh),2026-10-08T21:45:00+00:00,2026-10-08T23:45:00+02:00
2026-10-08T03:17:14+00:00,smard:715:DE:quarterhour,Forecast generation: other (MWh),2026-10-08T21:45:00+00:00,2026-10-08T23:45:00+02:00
2026-10-08T04:17:17+00:00,smard:4169:DE-LU:quarterhour,Day-ahead price DE-LU (EUR/MWh),2026-10-08T21:45:00+00:00,2026-10-08T23:45:00+02:00
2026-10-08T04:17:17+00:00,smard:411:DE:quarterhour,Forecast: total load (MWh),2026-10-08T21:45:00+00:00,2026-10-08T23:45:00+02:00
2026-10-08T04:17:17+00:00,smard:4362:DE:quarterhour,Forecast: residual load (MWh),2026-10-08T21:45:00+00:00,2026-10-08T23:45:00+02:00
2026-10-08T04:17:17+00:00,smard:122:DE:quarterhour,Forecast generation: total (MWh),2026-10-08T21:45:00+00:00,2026-10-08T23:45:00+02:00
2026-10-08T04:17:17+00:00,smard:123:DE:quarterhour,Forecast generation: wind onshore (MWh),2026-10-08T21:45:00+00:00,2026-10-08T23:45:00+02:00
2026-10-08T04:17:17+00:00,smard:3791:DE:quarterhour,Forecast generation: wind offshore (MWh),2026-10-08T21:45:00+00:00,2026-10-08T23:45:00+02:00
2026-10-08T04:17:17+00:00,smard:125:DE:quarterhour,Forecast generation: photovoltaics (MWh),2026-10-08T21:45:00+00:00,2026-10-08T23:45:00+02:00
2026-10-08T04:17:17+00:00,smard:5097:DE:quarterhour,Forecast generation: wind and PV (MWh),2026-10-08T21:45:00+00:00,2026-10-08T23:45:00+02:00
2026-10-08T04:17:17+00:00,smard:715:DE:quarterhour,Forecast generation: other (MWh),2026-10-08T21:45:00+00:00,2026-10-08T23:45:00+02:00
2026-10-08T05:17:14+00:00,smard:4169:DE-LU:quarterhour,Day-ahead price DE-LU (EUR/MWh),2026-10-08T21:45:00+00:00,2026-10-08T23:45:00+02:00
2026-10-08T05:17:14+00:00,smard:411:DE:quarterhour,Forecast: total load (MWh),2026-10-08T21:45:00+00:00,2026-10-08T23:45:00+02:00
2026-10-08T05:17:14+00:00,smard:4362:DE:quarterhour,Forecast: residual load (MWh),2026-10-08T21:45:00+00:00,2026-10-08T23:45:00+02:00
2026-10-08T05:17:14+00:00,smard:122:DE:quarterhour,Forecast generation: total (MWh),2026-10-08T21:45:00+00:00,2026-10-08T23:45:00+02:00
2026-10-08T05:17:14+00:00,smard:123:DE:quarterhour,Forecast generation: wind onshore (MWh),2026-10-08T21:45:00+00:00,2026-10-08T23:45:00+02:00
2026-10-08T05:17:14+00:00,smard:3791:DE:quarterhour,Forecast generation: wind offshore (MWh),2026-10-08T21:45:00+00:00,2026-10-08T23:45:00+02:00
2026-10-08T05:17:14+00:00,smard:125:DE:quarterhour,Forecast generation: photovoltaics (MWh),2026-10-08T21:45:00+00:00,2026-10-08T23:45:00+02:00
2026-10-08T05:17:14+00:00,smard:5097:DE:quarterhour,Forecast generation: wind and PV (MWh),2026-10-08T21:45:00+00:00,2026-10-08T23:45:00+02:00
2026-10-08T05:17:14+00:00,smard:715:DE:quarterhour,Forecast generation: other (MWh),2026-10-08T21:45:00+00:00,2026-10-08T23:45:00+02:00
2026-10-08T06:07:02+00:00,smard:4169:DE-LU:quarterhour,Day-ahead price DE-LU (EUR/MWh),2026-10-08T21:45:00+00:00,2026-10-08T23:45:00+02:00
2026-10-08T06:07:02+00:00,smard:411:DE:quarterhour,Forecast: total load (MWh),2026-10-08T21:45:00+00:00,2026-10-08T23:45:00+02:00
2026-10-08T06:07:02+00:00,smard:4362:DE:quarterhour,Forecast: residual load (MWh),2026-10-08T21:45:00+00:00,2026-10-08T23:45:00+02:00
2026-10-08T06:07:02+00:00,smard:122:DE:quarterhour,Forecast generation: total (MWh),2026-10-08T21:45:00+00:00,2026-10-08T23:45:00+02:00
2026-10-08T06:07:02+00:00,smard:123:DE:quarterhour,Forecast generation: wind onshore (MWh),2026-10-08T21:45:00+00:00,2026-10-08T23:45:00+02:00
2026-10-08T06:07:02+00:00,smard:3791:DE:quarterhour,Forecast generation: wind offshore (MWh),2026-10-08T21:45:00+00:00,2026-10-08T23:45:00+02:00
2026-10-08T06:07:02+00:00,smard:125:DE:quarterhour,Forecast generation: photovoltaics (MWh),2026-10-08T21:45:00+00:00,2026-10-08T23:45:00+02:00
2026-10-08T06:07:02+00:00,smard:5097:DE:quarterhour,Forecast generation: wind and PV (MWh),2026-10-08T21:45:00+00:00,2026-10-08T23:45:00+02:00
2026-10-08T06:07:02+00:00,smard:715:DE:quarterhour,Forecast generation: other (MWh),2026-10-08T21:45:00+00:00,2026-10-08T23:45:00+02:00
2026-10-08T06:17:19+00:00,smard:4169:DE-LU:quarterhour,Day-ahead price DE-LU (EUR/MWh),2026-10-08T21:45:00+00:00,2026-10-08T23:45:00+02:00
2026-10-08T06:17:19+00:00,smard:411:DE:quarterhour,Forecast: total load (MWh),2026-10-08T21:45:00+00:00,2026-10-08T23:45:00+02:00
2026-10-08T06:17:19+00:00,smard:4362:DE:quarterhour,Forecast: residual load (MWh),2026-10-08T21:45:00+00:00,2026-10-08T23:45:00+02:00
2026-10-08T06:17:19+00:00,smard:122:DE:quarterhour,Forecast generation: total (MWh),2026-10-08T21:45:00+00:00,2026-10-08T23:45:00+02:00
2026-10-08T06:17:19+00:00,smard:123:DE:quarterhour,Forecast generation: wind onshore (MWh),2026-10-08T21:45:00+00:00,2026-10-08T23:45:00+02:00
2026-10-08T06:17:19+00:00,smard:3791:DE:quarterhour,Forecast generation: wind offshore (MWh),2026-10-08T21:45:00+00:00,2026-10-08T23:45:00+02:00
2026-10-08T06:17:19+00:00,smard:125:DE:quarterhour,Forecast generation: photovoltaics (MWh),2026-10-08T21:45:00+00:00,2026-10-08T23:45:00+02:00
2026-10-08T06:17:19+00:00,smard:5097:DE:quarterhour,Forecast generation: wind and PV (MWh),2026-10-08T21:45:00+00:00,2026-10-08T23:45:00+02:00
2026-10-08T06:17:19+00:00,smard:715:DE:quarterhour,Forecast generation: other (MWh),2026-10-08T21:45:00+00:00,2026-10-08T23:45:00+02:00
2026-10-08T07:17:26+00:00,smard:4169:DE-LU:quarterhour,Day-ahead price DE-LU (EUR/MWh),2026-10-08T21:45:00+00:00,2026-10-08T23:45:00+02:00
2026-10-08T07:17:26+00:00,smard:411:DE:quarterhour,Forecast: total load (MWh),2026-10-08T21:45:00+00:00,2026-10-08T23:45:00+02:00
2026-10-08T07:17:26+00:00,smard:4362:DE:quarterhour,Forecast: residual load (MWh),2026-10-08T21:45:00+00:00,2026-10-08T23:45:00+02:00
2026-10-08T07:17:26+00:00,smard:122:DE:quarterhour,Forecast generation: total (MWh),2026-10-08T21:45:00+00:00,2026-10-08T23:45:00+02:00
2026-10-08T07:17:26+00:00,smard:123:DE:quarterhour,Forecast generation: wind onshore (MWh),2026-10-08T21:45:00+00:00,2026-10-08T23:45:00+02:00
2026-10-08T07:17:26+00:00,smard:3791:DE:quarterhour,Forecast generation: wind offshore (MWh),2026-10-08T21:45:00+00:00,2026-10-08T23:45:00+02:00
2026-10-08T07:17:26+00:00,smard:125:DE:quarterhour,Forecast generation: photovoltaics (MWh),2026-10-08T21:45:00+00:00,2026-10-08T23:45:00+02:00
2026-10-08T07:17:26+00:00,smard:5097:DE:quarterhour,Forecast generation: wind and PV (MWh),2026-10-08T21:45:00+00:00,2026-10-08T23:45:00+02:00
2026-10-08T07:17:26+00:00,smard:715:DE:quarterhour,Forecast generation: other (MWh),2026-10-08T21:45:00+00:00,2026-10-08T23:45:00+02:00
2026-10-08T08:17:14+00:00,smard:4169:DE-LU:quarterhour,Day-ahead price DE-LU (EUR/MWh),2026-10-08T21:45:00+00:00,2026-10-08T23:45:00+02:00
2026-10-08T08:17:14+00:00,smard:411:DE:quarterhour,Forecast: total load (MWh),2026-10-08T21:45:00+00:00,2026-10-08T23:45:00+02:00
2026-10-08T08:17:14+00:00,smard:4362:DE:quarterhour,Forecast: residual load (MWh),2026-10-08T21:45:00+00:00,2026-10-08T23:45:00+02:00
2026-10-08T08:17:14+00:00,smard:122:DE:quarterhour,Forecast generation: total (MWh),2026-10-08T21:45:00+00:00,2026-10-08T23:45:00+02:00
2026-10-08T08:17:14+00:00,smard:123:DE:quarterhour,Forecast generation: wind onshore (MWh),2026-10-08T21:45:00+00:00,2026-10-08T23:45:00+02:00
2026-10-08T08:17:14+00:00,smard:3791:DE:quarterhour,Forecast generation: wind offshore (MWh),2026-10-08T21:45:00+00:00,2026-10-08T23:45:00+02:00
2026-10-08T08:17:14+00:00,smard:125:DE:quarterhour,Forecast generation: photovoltaics (MWh),2026-10-08T21:45:00+00:00,2026-10-08T23:45:00+02:00
2026-10-08T08:17:14+00:00,smard:5097:DE:quarterhour,Forecast generation: wind and PV (MWh),2026-10-08T21:45:00+00:00,2026-10-08T23:45:00+02:00
2026-10-08T08:17:14+00:00,smard:715:DE:quarterhour,Forecast generation: other (MWh),2026-10-08T21:45:00+00:00,2026-10-08T23:45:00+02:00
2026-10-08T09:17:16+00:00,smard:4169:DE-LU:quarterhour,Day-ahead price DE-LU (EUR/MWh),2026-10-08T21:45:00+00:00,2026-10-08T23:45:00+02:00
2026-10-08T09:17:16+00:00,smard:411:DE:quarterhour,Forecast: total load (MWh),2026-10-09T21:45:00+00:00,2026-10-09T23:45:00+02:00
2026-10-08T09:17:16+00:00,smard:4362:DE:quarterhour,Forecast: residual load (MWh),2026-10-08T21:45:00+00:00,2026-10-08T23:45:00+02:00
2026-10-08T09:17:16+00:00,smard:122:DE:quarterhour,Forecast generation: total (MWh),2026-10-08T21:45:00+00:00,2026-10-08T23:45:00+02:00
2026-10-08T09:17:16+00:00,smard:123:DE:quarterhour,Forecast generation: wind onshore (MWh),2026-10-08T21:45:00+00:00,2026-10-08T23:45:00+02:00
2026-10-08T09:17:16+00:00,smard:3791:DE:quarterhour,Forecast generation: wind offshore (MWh),2026-10-08T21:45:00+00:00,2026-10-08T23:45:00+02:00
2026-10-08T09:17:16+00:00,smard:125:DE:quarterhour,Forecast generation: photovoltaics (MWh),2026-10-08T21:45:00+00:00,2026-10-08T23:45:00+02:00
2026-10-08T09:17:16+00:00,smard:5097:DE:quarterhour,Forecast generation: wind and PV (MWh),2026-10-08T21:45:00+00:00,2026-10-08T23:45:00+02:00
2026-10-08T09:17:16+00:00,smard:715:DE:quarterhour,Forecast generation: other (MWh),2026-10-08T21:45:00+00:00,2026-10-08T23:45:00+02:00
2026-10-08T10:17:20+00:00,smard:4169:DE-LU:quarterhour,Day-ahead price DE-LU (EUR/MWh),2026-10-08T21:45:00+00:00,2026-10-08T23:45:00+02:00
2026-10-08T10:17:20+00:00,smard:411:DE:quarterhour,Forecast: total load (MWh),2026-10-09T21:45:00+00:00,2026-10-09T23:45:00+02:00
2026-10-08T10:17:20+00:00,smard:4362:DE:quarterhour,Forecast: residual load (MWh),2026-10-08T21:45:00+00:00,2026-10-08T23:45:00+02:00
2026-10-08T10:17:20+00:00,smard:122:DE:quarterhour,Forecast generation: total (MWh),2026-10-08T21:45:00+00:00,2026-10-08T23:45:00+02:00
2026-10-08T10:17:20+00:00,smard:123:DE:quarterhour,Forecast generation: wind onshore (MWh),2026-10-08T21:45:00+00:00,2026-10-08T23:45:00+02:00
2026-10-08T10:17:20+00:00,smard:3791:DE:quarterhour,Forecast generation: wind offshore (MWh),2026-10-08T21:45:00+00:00,2026-10-08T23:45:00+02:00
2026-10-08T10:17:20+00:00,smard:125:DE:quarterhour,Forecast generation: photovoltaics (MWh),2026-10-08T21:45:00+00:00,2026-10-08T23:45:00+02:00
2026-10-08T10:17:20+00:00,smard:5097:DE:quarterhour,Forecast generation: wind and PV (MWh),2026-10-08T21:45:00+00:00,2026-10-08T23:45:00+02:00
2026-10-08T10:17:20+00:00,smard:715:DE:quarterhour,Forecast generation: other (MWh),2026-10-08T21:45:00+00:00,2026-10-08T23:45:00+02:00
2026-10-08T11:17:18+00:00,smard:4169:DE-LU:quarterhour,Day-ahead price DE-LU (EUR/MWh),2026-10-08T21:45:00+00:00,2026-10-08T23:45:00+02:00
2026-10-08T11:17:18+00:00,smard:411:DE:quarterhour,Forecast: total load (MWh),2026-10-09T21:45:00+00:00,2026-10-09T23:45:00+02:00
2026-10-08T11:17:18+00:00,smard:4362:DE:quarterhour,Forecast: residual load (MWh),2026-10-08T21:45:00+00:00,2026-10-08T23:45:00+02:00
2026-10-08T11:17:18+00:00,smard:122:DE:quarterhour,Forecast generation: total (MWh),2026-10-08T21:45:00+00:00,2026-10-08T23:45:00+02:00
2026-10-08T11:17:18+00:00,smard:123:DE:quarterhour,Forecast generation: wind onshore (MWh),2026-10-08T21:45:00+00:00,2026-10-08T23:45:00+02:00
2026-10-08T11:17:18+00:00,smard:3791:DE:quarterhour,Forecast generation: wind offshore (MWh),2026-10-08T21:45:00+00:00,2026-10-08T23:45:00+02:00
2026-10-08T11:17:18+00:00,smard:125:DE:quarterhour,Forecast generation: photovoltaics (MWh),2026-10-08T21:45:00+00:00,2026-10-08T23:45:00+02:00
2026-10-08T11:17:18+00:00,smard:5097:DE:quarterhour,Forecast generation: wind and PV (MWh),2026-10-08T21:45:00+00:00,2026-10-08T23:45:00+02:00
2026-10-08T11:17:18+00:00,smard:715:DE:quarterhour,Forecast generation: other (MWh),2026-10-08T21:45:00+00:00,2026-10-08T23:45:00+02:00
2026-10-08T12:17:15+00:00,smard:4169:DE-LU:quarterhour,Day-ahead price DE-LU (EUR/MWh),2026-10-09T21:45:00+00:00,2026-10-09T23:45:00+02:00
2026-10-08T12:17:15+00:00,smard:411:DE:quarterhour,Forecast: total load (MWh),2026-10-09T21:45:00+00:00,2026-10-09T23:45:00+02:00
2026-10-08T12:17:15+00:00,smard:4362:DE:quarterhour,Forecast: residual load (MWh),2026-10-08T21:45:00+00:00,2026-10-08T23:45:00+02:00
2026-10-08T12:17:15+00:00,smard:122:DE:quarterhour,Forecast generation: total (MWh),2026-10-08T21:45:00+00:00,2026-10-08T23:45:00+02:00
2026-10-08T12:17:15+00:00,smard:123:DE:quarterhour,Forecast generation: wind onshore (MWh),2026-10-08T21:45:00+00:00,2026-10-08T23:45:00+02:00
2026-10-08T12:17:15+00:00,smard:3791:DE:quarterhour,Forecast generation: wind offshore (MWh),2026-10-08T21:45:00+00:00,2026-10-08T23:45:00+02:00
2026-10-08T12:17:15+00:00,smard:125:DE:quarterhour,Forecast generation: photovoltaics (MWh),2026-10-08T21:45:00+00:00,2026-10-08T23:45:00+02:00
2026-10-08T12:17:15+00:00,smard:5097:DE:quarterhour,Forecast generation: wind and PV (MWh),2026-10-08T21:45:00+00:00,2026-10-08T23:45:00+02:00
2026-10-08T12:17:15+00:00,smard:715:DE:quarterhour,Forecast generation: other (MWh),2026-10-08T21:45:00+00:00,2026-10-08T23:45:00+02:00
2026-10-08T13:17:18+00:00,smard:4169:DE-LU:quarterhour,Day-ahead price DE-LU (EUR/MWh),2026-10-09T21:45:00+00:00,2026-10-09T23:45:00+02:00
2026-10-08T13:17:18+00:00,smard:411:DE:quarterhour,Forecast: total load (MWh),2026-10-09T21:45:00+00:00,2026-10-09T23:45:00+02:00
2026-10-08T13:17:18+00:00,smard:4362:DE:quarterhour,Forecast: residual load (MWh),2026-10-08T21:45:00+00:00,2026-10-08T23:45:00+02:00
2026-10-08T13:17:18+00:00,smard:122:DE:quarterhour,Forecast generation: total (MWh),2026-10-08T21:45:00+00:00,2026-10-08T23:45:00+02:00
2026-10-08T13:17:18+00:00,smard:123:DE:quarterhour,Forecast generation: wind onshore (MWh),2026-10-08T21:45:00+00:00,2026-10-08T23:45:00+02:00
2026-10-08T13:17:18+00:00,smard:3791:DE:quarterhour,Forecast generation: wind offshore (MWh),2026-10-08T21:45:00+00:00,2026-10-08T23:45:00+02:00
2026-10-08T13:17:18+00:00,smard:125:DE:quarterhour,Forecast generation: photovoltaics (MWh),2026-10-08T21:45:00+00:00,2026-10-08T23:45:00+02:00
2026-10-08T13:17:18+00:00,smard:5097:DE:quarterhour,Forecast generation: wind and PV (MWh),2026-10-08T21:45:00+00:00,2026-10-08T23:45:00+02:00
2026-10-08T13:17:18+00:00,smard:715:DE:quarterhour,Forecast generation: other (MWh),2026-10-08T21:45:00+00:00,2026-10-08T23:45:00+02:00
2026-10-08T13:32:17+00:00,smard:4169:DE-LU:quarterhour,Day-ahead price DE-LU (EUR/MWh),2026-10-09T21:45:00+00:00,2026-10-09T23:45:00+02:00
2026-10-08T13:32:17+00:00,smard:411:DE:quarterhour,Forecast: total load (MWh),2026-10-09T21:45:00+00:00,2026-10-09T23:45:00+02:00
2026-10-08T13:32:17+00:00,smard:4362:DE:quarterhour,Forecast: residual load (MWh),2026-10-08T21:45:00+00:00,2026-10-08T23:45:00+02:00
2026-10-08T13:32:17+00:00,smard:122:DE:quarterhour,Forecast generation: total (MWh),2026-10-08T21:45:00+00:00,2026-10-08T23:45:00+02:00
2026-10-08T13:32:17+00:00,smard:123:DE:quarterhour,Forecast generation: wind onshore (MWh),2026-10-08T21:45:00+00:00,2026-10-08T23:45:00+02:00
2026-10-08T13:32:17+00:00,smard:3791:DE:quarterhour,Forecast generation: wind offshore (MWh),2026-10-08T21:45:00+00:00,2026-10-08T23:45:00+02:00
2026-10-08T13:32:17+00:00,smard:125:DE:quarterhour,Forecast generation: photovoltaics (MWh),2026-10-08T21:45:00+00:00,2026-10-08T23:45:00+02:00
2026-10-08T13:32:17+00:00,smard:5097:DE:quarterhour,Forecast generation: wind and PV (MWh),2026-10-08T21:45:00+00:00,2026-10-08T23:45:00+02:00
2026-10-08T13:32:17+00:00,smard:715:DE:quarterhour,Forecast generation: other (MWh),2026-10-08T21:45:00+00:00,2026-10-08T23:45:00+02:00
2026-10-08T14:17:18+00:00,smard:4169:DE-LU:quarterhour,Day-ahead price DE-LU (EUR/MWh),2026-10-09T21:45:00+00:00,2026-10-09T23:45:00+02:00
2026-10-08T14:17:18+00:00,smard:411:DE:quarterhour,Forecast: total load (MWh),2026-10-09T21:45:00+00:00,2026-10-09T23:45:00+02:00
2026-10-08T14:17:18+00:00,smard:4362:DE:quarterhour,Forecast: residual load (MWh),2026-10-08T21:45:00+00:00,2026-10-08T23:45:00+02:00
2026-10-08T14:17:18+00:00,smard:122:DE:quarterhour,Forecast generation: total (MWh),2026-10-08T21:45:00+00:00,2026-10-08T23:45:00+02:00
2026-10-08T14:17:18+00:00,smard:123:DE:quarterhour,Forecast generation: wind onshore (MWh),2026-10-08T21:45:00+00:00,2026-10-08T23:45:00+02:00
2026-10-08T14:17:18+00:00,smard:3791:DE:quarterhour,Forecast generation: wind offshore (MWh),2026-10-08T21:45:00+00:00,2026-10-08T23:45:00+02:00
2026-10-08T14:17:18+00:00,smard:125:DE:quarterhour,Forecast generation: photovoltaics (MWh),2026-10-08T21:45:00+00:00,2026-10-08T23:45:00+02:00
2026-10-08T14:17:18+00:00,smard:5097:DE:quarterhour,Forecast generation: wind and PV (MWh),2026-10-08T21:45:00+00:00,2026-10-08T23:45:00+02:00
2026-10-08T14:17:18+00:00,smard:715:DE:quarterhour,Forecast generation: other (MWh),2026-10-08T21:45:00+00:00,2026-10-08T23:45:00+02:00
2026-10-08T15:17:20+00:00,smard:4169:DE-LU:quarterhour,Day-ahead price DE-LU (EUR/MWh),2026-10-09T21:45:00+00:00,2026-10-09T23:45:00+02:00
2026-10-08T15:17:20+00:00,smard:411:DE:quarterhour,Forecast: total load (MWh),2026-10-09T21:45:00+00:00,2026-10-09T23:45:00+02:00
2026-10-08T15:17:20+00:00,smard:4362:DE:quarterhour,Forecast: residual load (MWh),2026-10-08T21:45:00+00:00,2026-10-08T23:45:00+02:00
2026-10-08T15:17:20+00:00,smard:122:DE:quarterhour,Forecast generation: total (MWh),2026-10-08T21:45:00+00:00,2026-10-08T23:45:00+02:00
2026-10-08T15:17:20+00:00,smard:123:DE:quarterhour,Forecast generation: wind onshore (MWh),2026-10-08T21:45:00+00:00,2026-10-08T23:45:00+02:00
2026-10-08T15:17:20+00:00,smard:3791:DE:quarterhour,Forecast generation: wind offshore (MWh),2026-10-08T21:45:00+00:00,2026-10-08T23:45:00+02:00
2026-10-08T15:17:20+00:00,smard:125:DE:quarterhour,Forecast generation: photovoltaics (MWh),2026-10-08T21:45:00+00:00,2026-10-08T23:45:00+02:00
2026-10-08T15:17:20+00:00,smard:5097:DE:quarterhour,Forecast generation: wind and PV (MWh),2026-10-08T21:45:00+00:00,2026-10-08T23:45:00+02:00
2026-10-08T15:17:20+00:00,smard:715:DE:quarterhour,Forecast generation: other (MWh),2026-10-08T21:45:00+00:00,2026-10-08T23:45:00+02:00
2026-10-08T16:17:21+00:00,smard:4169:DE-LU:quarterhour,Day-ahead price DE-LU (EUR/MWh),2026-10-09T21:45:00+00:00,2026-10-09T23:45:00+02:00
2026-10-08T16:17:21+00:00,smard:411:DE:quarterhour,Forecast: total load (MWh),2026-10-09T21:45:00+00:00,2026-10-09T23:45:00+02:00
2026-10-08T16:17:21+00:00,smard:4362:DE:quarterhour,Forecast: residual load (MWh),2026-10-09T21:45:00+00:00,2026-10-09T23:45:00+02:00
2026-10-08T16:17:21+00:00,smard:122:DE:quarterhour,Forecast generation: total (MWh),2026-10-09T21:45:00+00:00,2026-10-09T23:45:00+02:00
2026-10-08T16:17:21+00:00,smard:123:DE:quarterhour,Forecast generation: wind onshore (MWh),2026-10-09T21:45:00+00:00,2026-10-09T23:45:00+02:00
2026-10-08T16:17:21+00:00,smard:3791:DE:quarterhour,Forecast generation: wind offshore (MWh),2026-10-09T21:45:00+00:00,2026-10-09T23:45:00+02:00
2026-10-08T16:17:21+00:00,smard:125:DE:quarterhour,Forecast generation: photovoltaics (MWh),2026-10-09T21:45:00+00:00,2026-10-09T23:45:00+02:00
2026-10-08T16:17:21+00:00,smard:5097:DE:quarterhour,Forecast generation: wind and PV (MWh),2026-10-09T21:45:00+00:00,2026-10-09T23:45:00+02:00
2026-10-08T16:17:21+00:00,smard:715:DE:quarterhour,Forecast generation: other (MWh),2026-10-09T21:45:00+00:00,2026-10-09T23:45:00+02:00
2026-10-08T17:17:22+00:00,smard:4169:DE-LU:quarterhour,Day-ahead price DE-LU (EUR/MWh),2026-10-09T21:45:00+00:00,2026-10-09T23:45:00+02:00
2026-10-08T17:17:22+00:00,smard:411:DE:quarterhour,Forecast: total load (MWh),2026-10-09T21:45:00+00:00,2026-10-09T23:45:00+02:00
2026-10-08T17:17:22+00:00,smard:4362:DE:quarterhour,Forecast: residual load (MWh),2026-10-09T21:45:00+00:00,2026-10-09T23:45:00+02:00
2026-10-08T17:17:22+00:00,smard:122:DE:quarterhour,Forecast generation: total (MWh),2026-10-09T21:45:00+00:00,2026-10-09T23:45:00+02:00
2026-10-08T17:17:22+00:00,smard:123:DE:quarterhour,Forecast generation: wind onshore (MWh),2026-10-09T21:45:00+00:00,2026-10-09T23:45:00+02:00
2026-10-08T17:17:22+00:00,smard:3791:DE:quarterhour,Forecast generation: wind offshore (MWh),2026-10-09T21:45:00+00:00,2026-10-09T23:45:00+02:00
2026-10-08T17:17:22+00:00,smard:125:DE:quarterhour,Forecast generation: photovoltaics (MWh),2026-10-09T21:45:00+00:00,2026-10-09T23:45:00+02:00
2026-10-08T17:17:22+00:00,smard:5097:DE:quarterhour,Forecast generation: wind and PV (MWh),2026-10-09T21:45:00+00:00,2026-10-09T23:45:00+02:00
2026-10-08T17:17:22+00:00,smard:715:DE:quarterhour,Forecast generation: other (MWh),2026-10-09T21:45:00+00:00,2026-10-09T23:45:00+02:00
2026-10-08T18:17:16+00:00,smard:4169:DE-LU:quarterhour,Day-ahead price DE-LU (EUR/MWh),2026-10-09T21:45:00+00:00,2026-10-09T23:45:00+02:00
2026-10-08T18:17:16+00:00,smard:411:DE:quarterhour,Forecast: total load (MWh),2026-10-09T21:45:00+00:00,2026-10-09T23:45:00+02:00
2026-10-08T18:17:16+00:00,smard:4362:DE:quarterhour,Forecast: residual load (MWh),2026-10-09T21:45:00+00:00,2026-10-09T23:45:00+02:00
2026-10-08T18:17:16+00:00,smard:122:DE:quarterhour,Forecast generation: total (MWh),2026-10-09T21:45:00+00:00,2026-10-09T23:45:00+02:00
2026-10-08T18:17:16+00:00,smard:123:DE:quarterhour,Forecast generation: wind onshore (MWh),2026-10-09T21:45:00+00:00,2026-10-09T23:45:00+02:00
2026-10-08T18:17:16+00:00,smard:3791:DE:quarterhour,Forecast generation: wind offshore (MWh),2026-10-09T21:45:00+00:00,2026-10-09T23:45:00+02:00
2026-10-08T18:17:16+00:00,smard:125:DE:quarterhour,Forecast generation: photovoltaics (MWh),2026-10-09T21:45:00+00:00,2026-10-09T23:45:00+02:00
2026-10-08T18:17:16+00:00,smard:5097:DE:quarterhour,Forecast generation: wind and PV (MWh),2026-10-09T21:45:00+00:00,2026-10-09T23:45:00+02:00
2026-10-08T18:17:16+00:00,smard:715:DE:quarterhour,Forecast generation: other (MWh),2026-10-09T21:45:00+00:00,2026-10-09T23:45:00+02:00
2026-10-08T18:17:48+00:00,smard:4169:DE-LU:quarterhour,Day-ahead price DE-LU (EUR/MWh),2026-10-09T21:45:00+00:00,2026-10-09T23:45:00+02:00
2026-10-08T18:17:48+00:00,smard:411:DE:quarterhour,Forecast: total load (MWh),2026-10-09T21:45:00+00:00,2026-10-09T23:45:00+02:00
2026-10-08T18:17:48+00:00,smard:4362:DE:quarterhour,Forecast: residual load (MWh),2026-10-09T21:45:00+00:00,2026-10-09T23:45:00+02:00
2026-10-08T18:17:48+00:00,smard:122:DE:quarterhour,Forecast generation: total (MWh),2026-10-09T21:45:00+00:00,2026-10-09T23:45:00+02:00
2026-10-08T18:17:48+00:00,smard:123:DE:quarterhour,Forecast generation: wind onshore (MWh),2026-10-09T21:45:00+00:00,2026-10-09T23:45:00+02:00
2026-10-08T18:17:48+00:00,smard:3791:DE:quarterhour,Forecast generation: wind offshore (MWh),2026-10-09T21:45:00+00:00,2026-10-09T23:45:00+02:00
2026-10-08T18:17:48+00:00,smard:125:DE:quarterhour,Forecast generation: photovoltaics (MWh),2026-10-09T21:45:00+00:00,2026-10-09T23:45:00+02:00
2026-10-08T18:17:48+00:00,smard:5097:DE:quarterhour,Forecast generation: wind and PV (MWh),2026-10-09T21:45:00+00:00,2026-10-09T23:45:00+02:00
2026-10-08T18:17:48+00:00,smard:715:DE:quarterhour,Forecast generation: other (MWh),2026-10-09T21:45:00+00:00,2026-10-09T23:45:00+02:00
2026-10-08T19:17:18+00:00,smard:4169:DE-LU:quarterhour,Day-ahead price DE-LU (EUR/MWh),2026-10-09T21:45:00+00:00,2026-10-09T23:45:00+02:00
2026-10-08T19:17:18+00:00,smard:411:DE:quarterhour,Forecast: total load (MWh),2026-10-09T21:45:00+00:00,2026-10-09T23:45:00+02:00
2026-10-08T19:17:18+00:00,smard:4362:DE:quarterhour,Forecast: residual load (MWh),2026-10-09T21:45:00+00:00,2026-10-09T23:45:00+02:00
2026-10-08T19:17:18+00:00,smard:122:DE:quarterhour,Forecast generation: total (MWh),2026-10-09T21:45:00+00:00,2026-10-09T23:45:00+02:00
2026-10-08T19:17:18+00:00,smard:123:DE:quarterhour,Forecast generation: wind onshore (MWh),2026-10-09T21:45:00+00:00,2026-10-09T23:45:00+02:00
2026-10-08T19:17:18+00:00,smard:3791:DE:quarterhour,Forecast generation: wind offshore (MWh),2026-10-09T21:45:00+00:00,2026-10-09T23:45:00+02:00
2026-10-08T19:17:18+00:00,smard:125:DE:quarterhour,Forecast generation: photovoltaics (MWh),2026-10-09T21:45:00+00:00,2026-10-09T23:45:00+02:00
2026-10-08T19:17:18+00:00,smard:5097:DE:quarterhour,Forecast generation: wind and PV (MWh),2026-10-09T21:45:00+00:00,2026-10-09T23:45:00+02:00
2026-10-08T19:17:18+00:00,smard:715:DE:quarterhour,Forecast generation: other (MWh),2026-10-09T21:45:00+00:00,2026-10-09T23:45:00+02:00
2026-10-08T20:17:26+00:00,smard:4169:DE-LU:quarterhour,Day-ahead price DE-LU (EUR/MWh),2026-10-09T21:45:00+00:00,2026-10-09T23:45:00+02:00
2026-10-08T20:17:26+00:00,smard:411:DE:quarterhour,Forecast: total load (MWh),2026-10-09T21:45:00+00:00,2026-10-09T23:45:00+02:00
2026-10-08T20:17:26+00:00,smard:4362:DE:quarterhour,Forecast: residual load (MWh),2026-10-09T21:45:00+00:00,2026-10-09T23:45:00+02:00
2026-10-08T20:17:26+00:00,smard:122:DE:quarterhour,Forecast generation: total (MWh),2026-10-09T21:45:00+00:00,2026-10-09T23:45:00+02:00
2026-10-08T20:17:26+00:00,smard:123:DE:quarterhour,Forecast generation: wind onshore (MWh),2026-10-09T21:45:00+00:00,2026-10-09T23:45:00+02:00
2026-10-08T20:17:26+00:00,smard:3791:DE:quarterhour,Forecast generation: wind offshore (MWh),2026-10-09T21:45:00+00:00,2026-10-09T23:45:00+02:00
2026-10-08T20:17:26+00:00,smard:125:DE:quarterhour,Forecast generation: photovoltaics (MWh),2026-10-09T21:45:00+00:00,2026-10-09T23:45:00+02:00
2026-10-08T20:17:26+00:00,smard:5097:DE:quarterhour,Forecast generation: wind and PV (MWh),2026-10-09T21:45:00+00:00,2026-10-09T23:45:00+02:00
2026-10-08T20:17:26+00:00,smard:715:DE:quarterhour,Forecast generation: other (MWh),2026-10-09T21:45:00+00:00,2026-10-09T23:45:00+02:00
2026-10-08T21:17:14+00:00,smard:4169:DE-LU:quarterhour,Day-ahead price DE-LU (EUR/MWh),2026-10-09T21:45:00+00:00,2026-10-09T23:45:00+02:00
2026-10-08T21:17:14+00:00,smard:411:DE:quarterhour,Forecast: total load (MWh),2026-10-09T21:45:00+00:00,2026-10-09T23:45:00+02:00
2026-10-08T21:17:14+00:00,smard:4362:DE:quarterhour,Forecast: residual load (MWh),2026-10-09T21:45:00+00:00,2026-10-09T23:45:00+02:00
2026-10-08T21:17:14+00:00,smard:122:DE:quarterhour,Forecast generation: total (MWh),2026-10-09T21:45:00+00:00,2026-10-09T23:45:00+02:00
2026-10-08T21:17:14+00:00,smard:123:DE:quarterhour,Forecast generation: wind onshore (MWh),2026-10-09T21:45:00+00:00,2026-10-09T23:45:00+02:00
2026-10-08T21:17:14+00:00,smard:3791:DE:quarterhour,Forecast generation: wind offshore (MWh),2026-10-09T21:45:00+00:00,2026-10-09T23:45:00+02:00
2026-10-08T21:17:14+00:00,smard:125:DE:quarterhour,Forecast generation: photovoltaics (MWh),2026-10-09T21:45:00+00:00,2026-10-09T23:45:00+02:00
2026-10-08T21:17:14+00:00,smard:5097:DE:quarterhour,Forecast generation: wind and PV (MWh),2026-10-09T21:45:00+00:00,2026-10-09T23:45:00+02:00
2026-10-08T21:17:14+00:00,smard:715:DE:quarterhour,Forecast generation: other (MWh),2026-10-09T21:45:00+00:00,2026-10-09T23:45:00+02:00
2026-10-08T22:17:19+00:00,smard:4169:DE-LU:quarterhour,Day-ahead price DE-LU (EUR/MWh),2026-10-09T21:45:00+00:00,2026-10-09T23:45:00+02:00
2026-10-08T22:17:19+00:00,smard:411:DE:quarterhour,Forecast: total load (MWh),2026-10-09T21:45:00+00:00,2026-10-09T23:45:00+02:00
2026-10-08T22:17:19+00:00,smard:4362:DE:quarterhour,Forecast: residual load (MWh),2026-10-09T21:45:00+00:00,2026-10-09T23:45:00+02:00
2026-10-08T22:17:19+00:00,smard:122:DE:quarterhour,Forecast generation: total (MWh),2026-10-09T21:45:00+00:00,2026-10-09T23:45:00+02:00
2026-10-08T22:17:19+00:00,smard:123:DE:quarterhour,Forecast generation: wind onshore (MWh),2026-10-09T21:45:00+00:00,2026-10-09T23:45:00+02:00
2026-10-08T22:17:19+00:00,smard:3791:DE:quarterhour,Forecast generation: wind offshore (MWh),2026-10-09T21:45:00+00:00,2026-10-09T23:45:00+02:00
2026-10-08T22:17:19+00:00,smard:125:DE:quarterhour,Forecast generation: photovoltaics (MWh),2026-10-09T21:45:00+00:00,2026-10-09T23:45:00+02:00
2026-10-08T22:17:19+00:00,smard:5097:DE:quarterhour,Forecast generation: wind and PV (MWh),2026-10-09T21:45:00+00:00,2026-10-09T23:45:00+02:00
2026-10-08T22:17:19+00:00,smard:715:DE:quarterhour,Forecast generation: other (MWh),2026-10-09T21:45:00+00:00,2026-10-09T23:45:00+02:00
2026-10-08T23:17:17+00:00,smard:4169:DE-LU:quarterhour,Day-ahead price DE-LU (EUR/MWh),2026-10-09T21:45:00+00:00,2026-10-09T23:45:00+02:00
2026-10-08T23:17:17+00:00,smard:411:DE:quarterhour,Forecast: total load (MWh),2026-10-09T21:45:00+00:00,2026-10-09T23:45:00+02:00
2026-10-08T23:17:17+00:00,smard:4362:DE:quarterhour,Forecast: residual load (MWh),2026-10-09T21:45:00+00:00,2026-10-09T23:45:00+02:00
2026-10-08T23:17:17+00:00,smard:122:DE:quarterhour,Forecast generation: total (MWh),2026-10-09T21:45:00+00:00,2026-10-09T23:45:00+02:00
2026-10-08T23:17:17+00:00,smard:123:DE:quarterhour,Forecast generation: wind onshore (MWh),2026-10-09T21:45:00+00:00,2026-10-09T23:45:00+02:00
2026-10-08T23:17:17+00:00,smard:3791:DE:quarterhour,Forecast generation: wind offshore (MWh),2026-10-09T21:45:00+00:00,2026-10-09T23:45:00+02:00
2026-10-08T23:17:17+00:00,smard:125:DE:quarterhour,Forecast generation: photovoltaics (MWh),2026-10-09T21:45:00+00:00,2026-10-09T23:45:00+02:00
2026-10-08T23:17:17+00:00,smard:5097:DE:quarterhour,Forecast generation: wind and PV (MWh),2026-10-09T21:45:00+00:00,2026-10-09T23:45:00+02:00
2026-10-08T23:17:17+00:00,smard:715:DE:quarterhour,Forecast generation: other (MWh),2026-10-09T21:45:00+00:00,2026-10-09T23:45:00+02:00
2026-10-08T23:17:51+00:00,smard:4169:DE-LU:quarterhour,Day-ahead price DE-LU (EUR/MWh),2026-10-09T21:45:00+00:00,2026-10-09T23:45:00+02:00
2026-10-08T23:17:51+00:00,smard:411:DE:quarterhour,Forecast: total load (MWh),2026-10-09T21:45:00+00:00,2026-10-09T23:45:00+02:00
2026-10-08T23:17:51+00:00,smard:4362:DE:quarterhour,Forecast: residual load (MWh),2026-10-09T21:45:00+00:00,2026-10-09T23:45:00+02:00
2026-10-08T23:17:51+00:00,smard:122:DE:quarterhour,Forecast generation: total (MWh),2026-10-09T21:45:00+00:00,2026-10-09T23:45:00+02:00
2026-10-08T23:17:51+00:00,smard:123:DE:quarterhour,Forecast generation: wind onshore (MWh),2026-10-09T21:45:00+00:00,2026-10-09T23:45:00+02:00
2026-10-08T23:17:51+00:00,smard:3791:DE:quarterhour,Forecast generation: wind offshore (MWh),2026-10-09T21:45:00+00:00,2026-10-09T23:45:00+02:00
2026-10-08T23:17:51+00:00,smard:125:DE:quarterhour,Forecast generation: photovoltaics (MWh),2026-10-09T21:45:00+00:00,2026-10-09T23:45:00+02:00
2026-10-08T23:17:51+00:00,smard:5097:DE:quarterhour,Forecast generation: wind and PV (MWh),2026-10-09T21:45:00+00:00,2026-10-09T23:45:00+02:00
2026-10-08T23:17:51+00:00,smard:715:DE:quarterhour,Forecast generation: other (MWh),2026-10-09T21:45:00+00:00,2026-10-09T23:45:00+02:00
2026-10-08T23:22:16+00:00,smard:4169:DE-LU:quarterhour,Day-ahead price DE-LU (EUR/MWh),2026-10-09T21:45:00+00:00,2026-10-09T23:45:00+02:00
2026-10-08T23:22:16+00:00,smard:411:DE:quarterhour,Forecast: total load (MWh),2026-10-09T21:45:00+00:00,2026-10-09T23:45:00+02:00
2026-10-08T23:22:16+00:00,smard:4362:DE:quarterhour,Forecast: residual load (MWh),2026-10-09T21:45:00+00:00,2026-10-09T23:45:00+02:00
2026-10-08T23:22:16+00:00,smard:122:DE:quarterhour,Forecast generation: total (MWh),2026-10-09T21:45:00+00:00,2026-10-09T23:45:00+02:00
2026-10-08T23:22:16+00:00,smard:123:DE:quarterhour,Forecast generation: wind onshore (MWh),2026-10-09T21:45:00+00:00,2026-10-09T23:45:00+02:00
2026-10-08T23:22:16+00:00,smard:3791:DE:quarterhour,Forecast generation: wind offshore (MWh),2026-10-09T21:45:00+00:00,2026-10-09T23:45:00+02:00
2026-10-08T23:22:16+00:00,smard:125:DE:quarterhour,Forecast generation: photovoltaics (MWh),2026-10-09T21:45:00+00:00,2026-10-09T23:45:00+02:00
2026-10-08T23:22:16+00:00,smard:5097:DE:quarterhour,Forecast generation: wind and PV (MWh),2026-10-09T21:45:00+00:00,2026-10-09T23:45:00+02:00
2026-10-08T23:22:16+00:00,smard:715:DE:quarterhour,Forecast generation: other (MWh),2026-10-09T21:45:00+00:00,2026-10-09T23:45:00+02:00
2026-10-09T00:17:51+00:00,smard:4169:DE-LU:quarterhour,Day-ahead price DE-LU (EUR/MWh),2026-10-09T21:45:00+00:00,2026-10-09T23:45:00+02:00
2026-10-09T00:17:51+00:00,smard:411:DE:quarterhour,Forecast: total load (MWh),2026-10-09T21:45:00+00:00,2026-10-09T23:45:00+02:00
2026-10-09T00:17:51+00:00,smard:4362:DE:quarterhour,Forecast: residual load (MWh),2026-10-09T21:45:00+00:00,2026-10-09T23:45:00+02:00
2026-10-09T00:17:51+00:00,smard:122:DE:quarterhour,Forecast generation: total (MWh),2026-10-09T21:45:00+00:00,2026-10-09T23:45:00+02:00
2026-10-09T00:17:51+00:00,smard:123:DE:quarterhour,Forecast generation: wind onshore (MWh),2026-10-09T21:45:00+00:00,2026-10-09T23:45:00+02:00
2026-10-09T00:17:51+00:00,smard:3791:DE:quarterhour,Forecast generation: wind offshore (MWh),2026-10-09T21:45:00+00:00,2026-10-09T23:45:00+02:00
2026-10-09T00:17:51+00:00,smard:125:DE:quarterhour,Forecast generation: photovoltaics (MWh),2026-10-09T21:45:00+00:00,2026-10-09T23:45:00+02:00
2026-10-09T00:17:51+00:00,smard:5097:DE:quarterhour,Forecast generation: wind and PV (MWh),2026-10-09T21:45:00+00:00,2026-10-09T23:45:00+02:00
2026-10-09T00:17:51+00:00,smard:715:DE:quarterhour,Forecast generation: other (MWh),2026-10-09T21:45:00+00:00,2026-10-09T23:45:00+02:00
2026-10-09T01:17:14+00:00,smard:4169:DE-LU:quarterhour,Day-ahead price DE-LU (EUR/MWh),2026-10-09T21:45:00+00:00,2026-10-09T23:45:00+02:00
2026-10-09T01:17:14+00:00,smard:411:DE:quarterhour,Forecast: total load (MWh),2026-10-09T21:45:00+00:00,2026-10-09T23:45:00+02:00
2026-10-09T01:17:14+00:00,smard:4362:DE:quarterhour,Forecast: residual load (MWh),2026-10-09T21:45:00+00:00,2026-10-09T23:45:00+02:00
2026-10-09T01:17:14+00:00,smard:122:DE:quarterhour,Forecast generation: total (MWh),2026-10-09T21:45:00+00:00,2026-10-09T23:45:00+02:00
2026-10-09T01:17:14+00:00,smard:123:DE:quarterhour,Forecast generation: wind onshore (MWh),2026-10-09T21:45:00+00:00,2026-10-09T23:45:00+02:00
2026-10-09T01:17:14+00:00,smard:3791:DE:quarterhour,Forecast generation: wind offshore (MWh),2026-10-09T21:45:00+00:00,2026-10-09T23:45:00+02:00
2026-10-09T01:17:14+00:00,smard:125:DE:quarterhour,Forecast generation: photovoltaics (MWh),2026-10-09T21:45:00+00:00,2026-10-09T23:45:00+02:00
2026-10-09T01:17:14+00:00,smard:5097:DE:quarterhour,Forecast generation: wind and PV (MWh),2026-10-09T21:45:00+00:00,2026-10-09T23:45:00+02:00
2026-10-09T01:17:14+00:00,smard:715:DE:quarterhour,Forecast generation: other (MWh),2026-10-09T21:45:00+00:00,2026-10-09T23:45:00+02:00
2026-10-09T02:17:16+00:00,smard:4169:DE-LU:quarterhour,Day-ahead price DE-LU (EUR/MWh),2026-10-09T21:45:00+00:00,2026-10-09T23:45:00+02:00
2026-10-09T02:17:16+00:00,smard:411:DE:quarterhour,Forecast: total load (MWh),2026-10-09T21:45:00+00:00,2026-10-09T23:45:00+02:00
2026-10-09T02:17:16+00:00,smard:4362:DE:quarterhour,Forecast: residual load (MWh),2026-10-09T21:45:00+00:00,2026-10-09T23:45:00+02:00
2026-10-09T02:17:16+00:00,smard:122:DE:quarterhour,Forecast generation: total (MWh),2026-10-09T21:45:00+00:00,2026-10-09T23:45:00+02:00
2026-10-09T02:17:16+00:00,smard:123:DE:quarterhour,Forecast generation: wind onshore (MWh),2026-10-09T21:45:00+00:00,2026-10-09T23:45:00+02:00
2026-10-09T02:17:16+00:00,smard:3791:DE:quarterhour,Forecast generation: wind offshore (MWh),2026-10-09T21:45:00+00:00,2026-10-09T23:45:00+02:00
2026-10-09T02:17:16+00:00,smard:125:DE:quarterhour,Forecast generation: photovoltaics (MWh),2026-10-09T21:45:00+00:00,2026-10-09T23:45:00+02:00
2026-10-09T02:17:16+00:00,smard:5097:DE:quarterhour,Forecast generation: wind and PV (MWh),2026-10-09T21:45:00+00:00,2026-10-09T23:45:00+02:00
2026-10-09T02:17:16+00:00,smard:715:DE:quarterhour,Forecast generation: other (MWh),2026-10-09T21:45:00+00:00,2026-10-09T23:45:00+02:00
2026-10-09T03:17:16+00:00,smard:4169:DE-LU:quarterhour,Day-ahead price DE-LU (EUR/MWh),2026-10-09T21:45:00+00:00,2026-10-09T23:45:00+02:00
2026-10-09T03:17:16+00:00,smard:411:DE:quarterhour,Forecast: total load (MWh),2026-10-09T21:45:00+00:00,2026-10-09T23:45:00+02:00
2026-10-09T03:17:16+00:00,smard:4362:DE:quarterhour,Forecast: residual load (MWh),2026-10-09T21:45:00+00:00,2026-10-09T23:45:00+02:00
2026-10-09T03:17:16+00:00,smard:122:DE:quarterhour,Forecast generation: total (MWh),2026-10-09T21:45:00+00:00,2026-10-09T23:45:00+02:00
2026-10-09T03:17:16+00:00,smard:123:DE:quarterhour,Forecast generation: wind onshore (MWh),2026-10-09T21:45:00+00:00,2026-10-09T23:45:00+02:00
2026-10-09T03:17:16+00:00,smard:3791:DE:quarterhour,Forecast generation: wind offshore (MWh),2026-10-09T21:45:00+00:00,2026-10-09T23:45:00+02:00
2026-10-09T03:17:16+00:00,smard:125:DE:quarterhour,Forecast generation: photovoltaics (MWh),2026-10-09T21:45:00+00:00,2026-10-09T23:45:00+02:00
2026-10-09T03:17:16+00:00,smard:5097:DE:quarterhour,Forecast generation: wind and PV (MWh),2026-10-09T21:45:00+00:00,2026-10-09T23:45:00+02:00
2026-10-09T03:17:16+00:00,smard:715:DE:quarterhour,Forecast generation: other (MWh),2026-10-09T21:45:00+00:00,2026-10-09T23:45:00+02:00
2026-10-09T04:17:19+00:00,smard:4169:DE-LU:quarterhour,Day-ahead price DE-LU (EUR/MWh),2026-10-09T21:45:00+00:00,2026-10-09T23:45:00+02:00
2026-10-09T04:17:19+00:00,smard:411:DE:quarterhour,Forecast: total load (MWh),2026-10-09T21:45:00+00:00,2026-10-09T23:45:00+02:00
2026-10-09T04:17:19+00:00,smard:4362:DE:quarterhour,Forecast: residual load (MWh),2026-10-09T21:45:00+00:00,2026-10-09T23:45:00+02:00
2026-10-09T04:17:19+00:00,smard:122:DE:quarterhour,Forecast generation: total (MWh),2026-10-09T21:45:00+00:00,2026-10-09T23:45:00+02:00
2026-10-09T04:17:19+00:00,smard:123:DE:quarterhour,Forecast generation: wind onshore (MWh),2026-10-09T21:45:00+00:00,2026-10-09T23:45:00+02:00
2026-10-09T04:17:19+00:00,smard:3791:DE:quarterhour,Forecast generation: wind offshore (MWh),2026-10-09T21:45:00+00:00,2026-10-09T23:45:00+02:00
2026-10-09T04:17:19+00:00,smard:125:DE:quarterhour,Forecast generation: photovoltaics (MWh),2026-10-09T21:45:00+00:00,2026-10-09T23:45:00+02:00
2026-10-09T04:17:19+00:00,smard:5097:DE:quarterhour,Forecast generation: wind and PV (MWh),2026-10-09T21:45:00+00:00,2026-10-09T23:45:00+02:00
2026-10-09T04:17:19+00:00,smard:715:DE:quarterhour,Forecast generation: other (MWh),2026-10-09T21:45:00+00:00,2026-10-09T23:45:00+02:00
2026-10-09T04:17:54+00:00,smard:4169:DE-LU:quarterhour,Day-ahead price DE-LU (EUR/MWh),2026-10-09T21:45:00+00:00,2026-10-09T23:45:00+02:00
2026-10-09T04:17:54+00:00,smard:411:DE:quarterhour,Forecast: total load (MWh),2026-10-09T21:45:00+00:00,2026-10-09T23:45:00+02:00
2026-10-09T04:17:54+00:00,smard:4362:DE:quarterhour,Forecast: residual load (MWh),2026-10-09T21:45:00+00:00,2026-10-09T23:45:00+02:00
2026-10-09T04:17:54+00:00,smard:122:DE:quarterhour,Forecast generation: total (MWh),2026-10-09T21:45:00+00:00,2026-10-09T23:45:00+02:00
2026-10-09T04:17:54+00:00,smard:123:DE:quarterhour,Forecast generation: wind onshore (MWh),2026-10-09T21:45:00+00:00,2026-10-09T23:45:00+02:00
2026-10-09T04:17:54+00:00,smard:3791:DE:quarterhour,Forecast generation: wind offshore (MWh),2026-10-09T21:45:00+00:00,2026-10-09T23:45:00+02:00
2026-10-09T04:17:54+00:00,smard:125:DE:quarterhour,Forecast generation: photovoltaics (MWh),2026-10-09T21:45:00+00:00,2026-10-09T23:45:00+02:00
2026-10-09T04:17:54+00:00,smard:5097:DE:quarterhour,Forecast generation: wind and PV (MWh),2026-10-09T21:45:00+00:00,2026-10-09T23:45:00+02:00
2026-10-09T04:17:54+00:00,smard:715:DE:quarterhour,Forecast generation: other (MWh),2026-10-09T21:45:00+00:00,2026-10-09T23:45:00+02:00
2026-10-09T05:17:16+00:00,smard:4169:DE-LU:quarterhour,Day-ahead price DE-LU (EUR/MWh),2026-10-09T21:45:00+00:00,2026-10-09T23:45:00+02:00
2026-10-09T05:17:16+00:00,smard:411:DE:quarterhour,Forecast: total load (MWh),2026-10-09T21:45:00+00:00,2026-10-09T23:45:00+02:00
2026-10-09T05:17:16+00:00,smard:4362:DE:quarterhour,Forecast: residual load (MWh),2026-10-09T21:45:00+00:00,2026-10-09T23:45:00+02:00
2026-10-09T05:17:16+00:00,smard:122:DE:quarterhour,Forecast generation: total (MWh),2026-10-09T21:45:00+00:00,2026-10-09T23:45:00+02:00
2026-10-09T05:17:16+00:00,smard:123:DE:quarterhour,Forecast generation: wind onshore (MWh),2026-10-09T21:45:00+00:00,2026-10-09T23:45:00+02:00
2026-10-09T05:17:16+00:00,smard:3791:DE:quarterhour,Forecast generation: wind offshore (MWh),2026-10-09T21:45:00+00:00,2026-10-09T23:45:00+02:00
2026-10-09T05:17:16+00:00,smard:125:DE:quarterhour,Forecast generation: photovoltaics (MWh),2026-10-09T21:45:00+00:00,2026-10-09T23:45:00+02:00
2026-10-09T05:17:16+00:00,smard:5097:DE:quarterhour,Forecast generation: wind and PV (MWh),2026-10-09T21:45:00+00:00,2026-10-09T23:45:00+02:00
2026-10-09T05:17:16+00:00,smard:715:DE:quarterhour,Forecast generation: other (MWh),2026-10-09T21:45:00+00:00,2026-10-09T23:45:00+02:00
2026-10-09T06:10:57+00:00,smard:4169:DE-LU:quarterhour,Day-ahead price DE-LU (EUR/MWh),2026-10-09T21:45:00+00:00,2026-10-09T23:45:00+02:00
2026-10-09T06:10:57+00:00,smard:411:DE:quarterhour,Forecast: total load (MWh),2026-10-09T21:45:00+00:00,2026-10-09T23:45:00+02:00
2026-10-09T06:10:57+00:00,smard:4362:DE:quarterhour,Forecast: residual load (MWh),2026-10-09T21:45:00+00:00,2026-10-09T23:45:00+02:00
2026-10-09T06:10:57+00:00,smard:122:DE:quarterhour,Forecast generation: total (MWh),2026-10-09T21:45:00+00:00,2026-10-09T23:45:00+02:00
2026-10-09T06:10:57+00:00,smard:123:DE:quarterhour,Forecast generation: wind onshore (MWh),2026-10-09T21:45:00+00:00,2026-10-09T23:45:00+02:00
2026-10-09T06:10:57+00:00,smard:3791:DE:quarterhour,Forecast generation: wind offshore (MWh),2026-10-09T21:45:00+00:00,2026-10-09T23:45:00+02:00
2026-10-09T06:10:57+00:00,smard:125:DE:quarterhour,Forecast generation: photovoltaics (MWh),2026-10-09T21:45:00+00:00,2026-10-09T23:45:00+02:00
2026-10-09T06:10:57+00:00,smard:5097:DE:quarterhour,Forecast generation: wind and PV (MWh),2026-10-09T21:45:00+00:00,2026-10-09T23:45:00+02:00
2026-10-09T06:10:57+00:00,smard:715:DE:quarterhour,Forecast generation: other (MWh),2026-10-09T21:45:00+00:00,2026-10-09T23:45:00+02:00
2026-10-09T06:17:15+00:00,smard:4169:DE-LU:quarterhour,Day-ahead price DE-LU (EUR/MWh),2026-10-09T21:45:00+00:00,2026-10-09T23:45:00+02:00
2026-10-09T06:17:15+00:00,smard:411:DE:quarterhour,Forecast: total load (MWh),2026-10-09T21:45:00+00:00,2026-10-09T23:45:00+02:00
2026-10-09T06:17:15+00:00,smard:4362:DE:quarterhour,Forecast: residual load (MWh),2026-10-09T21:45:00+00:00,2026-10-09T23:45:00+02:00
2026-10-09T06:17:15+00:00,smard:122:DE:quarterhour,Forecast generation: total (MWh),2026-10-09T21:45:00+00:00,2026-10-09T23:45:00+02:00
2026-10-09T06:17:15+00:00,smard:123:DE:quarterhour,Forecast generation: wind onshore (MWh),2026-10-09T21:45:00+00:00,2026-10-09T23:45:00+02:00
2026-10-09T06:17:15+00:00,smard:3791:DE:quarterhour,Forecast generation: wind offshore (MWh),2026-10-09T21:45:00+00:00,2026-10-09T23:45:00+02:00
2026-10-09T06:17:15+00:00,smard:125:DE:quarterhour,Forecast generation: photovoltaics (MWh),2026-10-09T21:45:00+00:00,2026-10-09T23:45:00+02:00
2026-10-09T06:17:15+00:00,smard:5097:DE:quarterhour,Forecast generation: wind and PV (MWh),2026-10-09T21:45:00+00:00,2026-10-09T23:45:00+02:00
2026-10-09T06:17:15+00:00,smard:715:DE:quarterhour,Forecast generation: other (MWh),2026-10-09T21:45:00+00:00,2026-10-09T23:45:00+02:00
2026-10-09T07:17:16+00:00,smard:4169:DE-LU:quarterhour,Day-ahead price DE-LU (EUR/MWh),2026-10-09T21:45:00+00:00,2026-10-09T23:45:00+02:00
2026-10-09T07:17:16+00:00,smard:411:DE:quarterhour,Forecast: total load (MWh),2026-10-09T21:45:00+00:00,2026-10-09T23:45:00+02:00
2026-10-09T07:17:16+00:00,smard:4362:DE:quarterhour,Forecast: residual load (MWh),2026-10-09T21:45:00+00:00,2026-10-09T23:45:00+02:00
2026-10-09T07:17:16+00:00,smard:122:DE:quarterhour,Forecast generation: total (MWh),2026-10-09T21:45:00+00:00,2026-10-09T23:45:00+02:00
2026-10-09T07:17:16+00:00,smard:123:DE:quarterhour,Forecast generation: wind onshore (MWh),2026-10-09T21:45:00+00:00,2026-10-09T23:45:00+02:00
2026-10-09T07:17:16+00:00,smard:3791:DE:quarterhour,Forecast generation: wind offshore (MWh),2026-10-09T21:45:00+00:00,2026-10-09T23:45:00+02:00
2026-10-09T07:17:16+00:00,smard:125:DE:quarterhour,Forecast generation: photovoltaics (MWh),2026-10-09T21:45:00+00:00,2026-10-09T23:45:00+02:00
2026-10-09T07:17:16+00:00,smard:5097:DE:quarterhour,Forecast generation: wind and PV (MWh),2026-10-09T21:45:00+00:00,2026-10-09T23:45:00+02:00
2026-10-09T07:17:16+00:00,smard:715:DE:quarterhour,Forecast generation: other (MWh),2026-10-09T21:45:00+00:00,2026-10-09T23:45:00+02:00
2026-10-09T08:17:18+00:00,smard:4169:DE-LU:quarterhour,Day-ahead price DE-LU (EUR/MWh),2026-10-09T21:45:00+00:00,2026-10-09T23:45:00+02:00
2026-10-09T08:17:18+00:00,smard:411:DE:quarterhour,Forecast: total load (MWh),2026-10-10T21:45:00+00:00,2026-10-10T23:45:00+02:00
2026-10-09T08:17:18+00:00,smard:4362:DE:quarterhour,Forecast: residual load (MWh),2026-10-09T21:45:00+00:00,2026-10-09T23:45:00+02:00
2026-10-09T08:17:18+00:00,smard:122:DE:quarterhour,Forecast generation: total (MWh),2026-10-09T21:45:00+00:00,2026-10-09T23:45:00+02:00
2026-10-09T08:17:18+00:00,smard:123:DE:quarterhour,Forecast generation: wind onshore (MWh),2026-10-09T21:45:00+00:00,2026-10-09T23:45:00+02:00
2026-10-09T08:17:18+00:00,smard:3791:DE:quarterhour,Forecast generation: wind offshore (MWh),2026-10-09T21:45:00+00:00,2026-10-09T23:45:00+02:00
2026-10-09T08:17:18+00:00,smard:125:DE:quarterhour,Forecast generation: photovoltaics (MWh),2026-10-09T21:45:00+00:00,2026-10-09T23:45:00+02:00
2026-10-09T08:17:18+00:00,smard:5097:DE:quarterhour,Forecast generation: wind and PV (MWh),2026-10-09T21:45:00+00:00,2026-10-09T23:45:00+02:00
2026-10-09T08:17:18+00:00,smard:715:DE:quarterhour,Forecast generation: other (MWh),2026-10-09T21:45:00+00:00,2026-10-09T23:45:00+02:00
2026-10-09T09:17:13+00:00,smard:4169:DE-LU:quarterhour,Day-ahead price DE-LU (EUR/MWh),2026-10-09T21:45:00+00:00,2026-10-09T23:45:00+02:00
2026-10-09T09:17:13+00:00,smard:411:DE:quarterhour,Forecast: total load (MWh),2026-10-10T21:45:00+00:00,2026-10-10T23:45:00+02:00
2026-10-09T09:17:13+00:00,smard:4362:DE:quarterhour,Forecast: residual load (MWh),2026-10-09T21:45:00+00:00,2026-10-09T23:45:00+02:00
2026-10-09T09:17:13+00:00,smard:122:DE:quarterhour,Forecast generation: total (MWh),2026-10-09T21:45:00+00:00,2026-10-09T23:45:00+02:00
2026-10-09T09:17:13+00:00,smard:123:DE:quarterhour,Forecast generation: wind onshore (MWh),2026-10-09T21:45:00+00:00,2026-10-09T23:45:00+02:00
2026-10-09T09:17:13+00:00,smard:3791:DE:quarterhour,Forecast generation: wind offshore (MWh),2026-10-09T21:45:00+00:00,2026-10-09T23:45:00+02:00
2026-10-09T09:17:13+00:00,smard:125:DE:quarterhour,Forecast generation: photovoltaics (MWh),2026-10-09T21:45:00+00:00,2026-10-09T23:45:00+02:00
2026-10-09T09:17:13+00:00,smard:5097:DE:quarterhour,Forecast generation: wind and PV (MWh),2026-10-09T21:45:00+00:00,2026-10-09T23:45:00+02:00
2026-10-09T09:17:13+00:00,smard:715:DE:quarterhour,Forecast generation: other (MWh),2026-10-09T21:45:00+00:00,2026-10-09T23:45:00+02:00
2026-10-09T09:17:42+00:00,smard:4169:DE-LU:quarterhour,Day-ahead price DE-LU (EUR/MWh),2026-10-09T21:45:00+00:00,2026-10-09T23:45:00+02:00
2026-10-09T09:17:42+00:00,smard:411:DE:quarterhour,Forecast: total load (MWh),2026-10-10T21:45:00+00:00,2026-10-10T23:45:00+02:00
2026-10-09T09:17:42+00:00,smard:4362:DE:quarterhour,Forecast: residual load (MWh),2026-10-09T21:45:00+00:00,2026-10-09T23:45:00+02:00
2026-10-09T09:17:42+00:00,smard:122:DE:quarterhour,Forecast generation: total (MWh),2026-10-09T21:45:00+00:00,2026-10-09T23:45:00+02:00
2026-10-09T09:17:42+00:00,smard:123:DE:quarterhour,Forecast generation: wind onshore (MWh),2026-10-09T21:45:00+00:00,2026-10-09T23:45:00+02:00
2026-10-09T09:17:42+00:00,smard:3791:DE:quarterhour,Forecast generation: wind offshore (MWh),2026-10-09T21:45:00+00:00,2026-10-09T23:45:00+02:00
2026-10-09T09:17:42+00:00,smard:125:DE:quarterhour,Forecast generation: photovoltaics (MWh),2026-10-09T21:45:00+00:00,2026-10-09T23:45:00+02:00
2026-10-09T09:17:42+00:00,smard:5097:DE:quarterhour,Forecast generation: wind and PV (MWh),2026-10-09T21:45:00+00:00,2026-10-09T23:45:00+02:00
2026-10-09T09:17:42+00:00,smard:715:DE:quarterhour,Forecast generation: other (MWh),2026-10-09T21:45:00+00:00,2026-10-09T23:45:00+02:00
2026-10-09T10:17:15+00:00,smard:4169:DE-LU:quarterhour,Day-ahead price DE-LU (EUR/MWh),2026-10-09T21:45:00+00:00,2026-10-09T23:45:00+02:00
2026-10-09T10:17:15+00:00,smard:411:DE:quarterhour,Forecast: total load (MWh),2026-10-10T21:45:00+00:00,2026-10-10T23:45:00+02:00
2026-10-09T10:17:15+00:00,smard:4362:DE:quarterhour,Forecast: residual load (MWh),2026-10-09T21:45:00+00:00,2026-10-09T23:45:00+02:00
2026-10-09T10:17:15+00:00,smard:122:DE:quarterhour,Forecast generation: total (MWh),2026-10-09T21:45:00+00:00,2026-10-09T23:45:00+02:00
2026-10-09T10:17:15+00:00,smard:123:DE:quarterhour,Forecast generation: wind onshore (MWh),2026-10-09T21:45:00+00:00,2026-10-09T23:45:00+02:00
2026-10-09T10:17:15+00:00,smard:3791:DE:quarterhour,Forecast generation: wind offshore (MWh),2026-10-09T21:45:00+00:00,2026-10-09T23:45:00+02:00
2026-10-09T10:17:15+00:00,smard:125:DE:quarterhour,Forecast generation: photovoltaics (MWh),2026-10-09T21:45:00+00:00,2026-10-09T23:45:00+02:00
2026-10-09T10:17:15+00:00,smard:5097:DE:quarterhour,Forecast generation: wind and PV (MWh),2026-10-09T21:45:00+00:00,2026-10-09T23:45:00+02:00
2026-10-09T10:17:15+00:00,smard:715:DE:quarterhour,Forecast generation: other (MWh),2026-10-09T21:45:00+00:00,2026-10-09T23:45:00+02:00
2026-10-09T11:17:17+00:00,smard:4169:DE-LU:quarterhour,Day-ahead price DE-LU (EUR/MWh),2026-10-09T21:45:00+00:00,2026-10-09T23:45:00+02:00
2026-10-09T11:17:17+00:00,smard:411:DE:quarterhour,Forecast: total load (MWh),2026-10-10T21:45:00+00:00,2026-10-10T23:45:00+02:00
2026-10-09T11:17:17+00:00,smard:4362:DE:quarterhour,Forecast: residual load (MWh),2026-10-09T21:45:00+00:00,2026-10-09T23:45:00+02:00
2026-10-09T11:17:17+00:00,smard:122:DE:quarterhour,Forecast generation: total (MWh),2026-10-09T21:45:00+00:00,2026-10-09T23:45:00+02:00
2026-10-09T11:17:17+00:00,smard:123:DE:quarterhour,Forecast generation: wind onshore (MWh),2026-10-09T21:45:00+00:00,2026-10-09T23:45:00+02:00
2026-10-09T11:17:17+00:00,smard:3791:DE:quarterhour,Forecast generation: wind offshore (MWh),2026-10-09T21:45:00+00:00,2026-10-09T23:45:00+02:00
2026-10-09T11:17:17+00:00,smard:125:DE:quarterhour,Forecast generation: photovoltaics (MWh),2026-10-09T21:45:00+00:00,2026-10-09T23:45:00+02:00
2026-10-09T11:17:17+00:00,smard:5097:DE:quarterhour,Forecast generation: wind and PV (MWh),2026-10-09T21:45:00+00:00,2026-10-09T23:45:00+02:00
2026-10-09T11:17:17+00:00,smard:715:DE:quarterhour,Forecast generation: other (MWh),2026-10-09T21:45:00+00:00,2026-10-09T23:45:00+02:00
2026-10-09T12:17:16+00:00,smard:4169:DE-LU:quarterhour,Day-ahead price DE-LU (EUR/MWh),2026-10-09T21:45:00+00:00,2026-10-09T23:45:00+02:00
2026-10-09T12:17:16+00:00,smard:411:DE:quarterhour,Forecast: total load (MWh),2026-10-10T21:45:00+00:00,2026-10-10T23:45:00+02:00
2026-10-09T12:17:16+00:00,smard:4362:DE:quarterhour,Forecast: residual load (MWh),2026-10-09T21:45:00+00:00,2026-10-09T23:45:00+02:00
2026-10-09T12:17:16+00:00,smard:122:DE:quarterhour,Forecast generation: total (MWh),2026-10-09T21:45:00+00:00,2026-10-09T23:45:00+02:00
2026-10-09T12:17:16+00:00,smard:123:DE:quarterhour,Forecast generation: wind onshore (MWh),2026-10-09T21:45:00+00:00,2026-10-09T23:45:00+02:00
2026-10-09T12:17:16+00:00,smard:3791:DE:quarterhour,Forecast generation: wind offshore (MWh),2026-10-09T21:45:00+00:00,2026-10-09T23:45:00+02:00
2026-10-09T12:17:16+00:00,smard:125:DE:quarterhour,Forecast generation: photovoltaics (MWh),2026-10-09T21:45:00+00:00,2026-10-09T23:45:00+02:00
2026-10-09T12:17:16+00:00,smard:5097:DE:quarterhour,Forecast generation: wind and PV (MWh),2026-10-09T21:45:00+00:00,2026-10-09T23:45:00+02:00
2026-10-09T12:17:16+00:00,smard:715:DE:quarterhour,Forecast generation: other (MWh),2026-10-09T21:45:00+00:00,2026-10-09T23:45:00+02:00
2026-10-09T13:17:14+00:00,smard:4169:DE-LU:quarterhour,Day-ahead price DE-LU (EUR/MWh),2026-10-09T21:45:00+00:00,2026-10-09T23:45:00+02:00
2026-10-09T13:17:14+00:00,smard:411:DE:quarterhour,Forecast: total load (MWh),2026-10-10T21:45:00+00:00,2026-10-10T23:45:00+02:00
2026-10-09T13:17:14+00:00,smard:4362:DE:quarterhour,Forecast: residual load (MWh),2026-10-09T21:45:00+00:00,2026-10-09T23:45:00+02:00
2026-10-09T13:17:14+00:00,smard:122:DE:quarterhour,Forecast generation: total (MWh),2026-10-09T21:45:00+00:00,2026-10-09T23:45:00+02:00
2026-10-09T13:17:14+00:00,smard:123:DE:quarterhour,Forecast generation: wind onshore (MWh),2026-10-09T21:45:00+00:00,2026-10-09T23:45:00+02:00
2026-10-09T13:17:14+00:00,smard:3791:DE:quarterhour,Forecast generation: wind offshore (MWh),2026-10-09T21:45:00+00:00,2026-10-09T23:45:00+02:00
2026-10-09T13:17:14+00:00,smard:125:DE:quarterhour,Forecast generation: photovoltaics (MWh),2026-10-09T21:45:00+00:00,2026-10-09T23:45:00+02:00
2026-10-09T13:17:14+00:00,smard:5097:DE:quarterhour,Forecast generation: wind and PV (MWh),2026-10-09T21:45:00+00:00,2026-10-09T23:45:00+02:00
2026-10-09T13:17:14+00:00,smard:715:DE:quarterhour,Forecast generation: other (MWh),2026-10-09T21:45:00+00:00,2026-10-09T23:45:00+02:00
2026-10-09T13:19:31+00:00,smard:4169:DE-LU:quarterhour,Day-ahead price DE-LU (EUR/MWh),2026-10-09T21:45:00+00:00,2026-10-09T23:45:00+02:00
2026-10-09T13:19:31+00:00,smard:411:DE:quarterhour,Forecast: total load (MWh),2026-10-10T21:45:00+00:00,2026-10-10T23:45:00+02:00
2026-10-09T13:19:31+00:00,smard:4362:DE:quarterhour,Forecast: residual load (MWh),2026-10-09T21:45:00+00:00,2026-10-09T23:45:00+02:00
2026-10-09T13:19:31+00:00,smard:122:DE:quarterhour,Forecast generation: total (MWh),2026-10-09T21:45:00+00:00,2026-10-09T23:45:00+02:00
2026-10-09T13:19:31+00:00,smard:123:DE:quarterhour,Forecast generation: wind onshore (MWh),2026-10-09T21:45:00+00:00,2026-10-09T23:45:00+02:00
2026-10-09T13:19:31+00:00,smard:3791:DE:quarterhour,Forecast generation: wind offshore (MWh),2026-10-09T21:45:00+00:00,2026-10-09T23:45:00+02:00
2026-10-09T13:19:31+00:00,smard:125:DE:quarterhour,Forecast generation: photovoltaics (MWh),2026-10-09T21:45:00+00:00,2026-10-09T23:45:00+02:00
2026-10-09T13:19:31+00:00,smard:5097:DE:quarterhour,Forecast generation: wind and PV (MWh),2026-10-09T21:45:00+00:00,2026-10-09T23:45:00+02:00
2026-10-09T13:19:31+00:00,smard:715:DE:quarterhour,Forecast generation: other (MWh),2026-10-09T21:45:00+00:00,2026-10-09T23:45:00+02:00
2026-10-09T14:17:14+00:00,smard:4169:DE-LU:quarterhour,Day-ahead price DE-LU (EUR/MWh),2026-10-09T21:45:00+00:00,2026-10-09T23:45:00+02:00
2026-10-09T14:17:14+00:00,smard:411:DE:quarterhour,Forecast: total load (MWh),2026-10-10T21:45:00+00:00,2026-10-10T23:45:00+02:00
2026-10-09T14:17:14+00:00,smard:4362:DE:quarterhour,Forecast: residual load (MWh),2026-10-09T21:45:00+00:00,2026-10-09T23:45:00+02:00
2026-10-09T14:17:14+00:00,smard:122:DE:quarterhour,Forecast generation: total (MWh),2026-10-09T21:45:00+00:00,2026-10-09T23:45:00+02:00
2026-10-09T14:17:14+00:00,smard:123:DE:quarterhour,Forecast generation: wind onshore (MWh),2026-10-09T21:45:00+00:00,2026-10-09T23:45:00+02:00
2026-10-09T14:17:14+00:00,smard:3791:DE:quarterhour,Forecast generation: wind offshore (MWh),2026-10-09T21:45:00+00:00,2026-10-09T23:45:00+02:00
2026-10-09T14:17:14+00:00,smard:125:DE:quarterhour,Forecast generation: photovoltaics (MWh),2026-10-09T21:45:00+00:00,2026-10-09T23:45:00+02:00
2026-10-09T14:17:14+00:00,smard:5097:DE:quarterhour,Forecast generation: wind and PV (MWh),2026-10-09T21:45:00+00:00,2026-10-09T23:45:00+02:00
2026-10-09T14:17:14+00:00,smard:715:DE:quarterhour,Forecast generation: other (MWh),2026-10-09T21:45:00+00:00,2026-10-09T23:45:00+02:00
2026-10-09T14:17:45+00:00,smard:4169:DE-LU:quarterhour,Day-ahead price DE-LU (EUR/MWh),2026-10-09T21:45:00+00:00,2026-10-09T23:45:00+02:00
2026-10-09T14:17:45+00:00,smard:411:DE:quarterhour,Forecast: total load (MWh),2026-10-10T21:45:00+00:00,2026-10-10T23:45:00+02:00
2026-10-09T14:17:45+00:00,smard:4362:DE:quarterhour,Forecast: residual load (MWh),2026-10-09T21:45:00+00:00,2026-10-09T23:45:00+02:00
2026-10-09T14:17:45+00:00,smard:122:DE:quarterhour,Forecast generation: total (MWh),2026-10-09T21:45:00+00:00,2026-10-09T23:45:00+02:00
2026-10-09T14:17:45+00:00,smard:123:DE:quarterhour,Forecast generation: wind onshore (MWh),2026-10-09T21:45:00+00:00,2026-10-09T23:45:00+02:00
2026-10-09T14:17:45+00:00,smard:3791:DE:quarterhour,Forecast generation: wind offshore (MWh),2026-10-09T21:45:00+00:00,2026-10-09T23:45:00+02:00
2026-10-09T14:17:45+00:00,smard:125:DE:quarterhour,Forecast generation: photovoltaics (MWh),2026-10-09T21:45:00+00:00,2026-10-09T23:45:00+02:00
2026-10-09T14:17:45+00:00,smard:5097:DE:quarterhour,Forecast generation: wind and PV (MWh),2026-10-09T21:45:00+00:00,2026-10-09T23:45:00+02:00
2026-10-09T14:17:45+00:00,smard:715:DE:quarterhour,Forecast generation: other (MWh),2026-10-09T21:45:00+00:00,2026-10-09T23:45:00+02:00
2026-10-09T15:17:15+00:00,smard:4169:DE-LU:quarterhour,Day-ahead price DE-LU (EUR/MWh),2026-10-09T21:45:00+00:00,2026-10-09T23:45:00+02:00
2026-10-09T15:17:15+00:00,smard:411:DE:quarterhour,Forecast: total load (MWh),2026-10-10T21:45:00+00:00,2026-10-10T23:45:00+02:00
2026-10-09T15:17:15+00:00,smard:4362:DE:quarterhour,Forecast: residual load (MWh),2026-10-09T21:45:00+00:00,2026-10-09T23:45:00+02:00
2026-10-09T15:17:15+00:00,smard:122:DE:quarterhour,Forecast generation: total (MWh),2026-10-09T21:45:00+00:00,2026-10-09T23:45:00+02:00
2026-10-09T15:17:15+00:00,smard:123:DE:quarterhour,Forecast generation: wind onshore (MWh),2026-10-09T21:45:00+00:00,2026-10-09T23:45:00+02:00
2026-10-09T15:17:15+00:00,smard:3791:DE:quarterhour,Forecast generation: wind offshore (MWh),2026-10-09T21:45:00+00:00,2026-10-09T23:45:00+02:00
2026-10-09T15:17:15+00:00,smard:125:DE:quarterhour,Forecast generation: photovoltaics (MWh),2026-10-09T21:45:00+00:00,2026-10-09T23:45:00+02:00
2026-10-09T15:17:15+00:00,smard:5097:DE:quarterhour,Forecast generation: wind and PV (MWh),2026-10-09T21:45:00+00:00,2026-10-09T23:45:00+02:00
2026-10-09T15:17:15+00:00,smard:715:DE:quarterhour,Forecast generation: other (MWh),2026-10-09T21:45:00+00:00,2026-10-09T23:45:00+02:00
2026-10-09T16:17:15+00:00,smard:4169:DE-LU:quarterhour,Day-ahead price DE-LU (EUR/MWh),2026-10-09T21:45:00+00:00,2026-10-09T23:45:00+02:00
2026-10-09T16:17:15+00:00,smard:411:DE:quarterhour,Forecast: total load (MWh),2026-10-10T21:45:00+00:00,2026-10-10T23:45:00+02:00
2026-10-09T16:17:15+00:00,smard:4362:DE:quarterhour,Forecast: residual load (MWh),2026-10-10T21:45:00+00:00,2026-10-10T23:45:00+02:00
2026-10-09T16:17:15+00:00,smard:122:DE:quarterhour,Forecast generation: total (MWh),2026-10-10T21:45:00+00:00,2026-10-10T23:45:00+02:00
2026-10-09T16:17:15+00:00,smard:123:DE:quarterhour,Forecast generation: wind onshore (MWh),2026-10-10T21:45:00+00:00,2026-10-10T23:45:00+02:00
2026-10-09T16:17:15+00:00,smard:3791:DE:quarterhour,Forecast generation: wind offshore (MWh),2026-10-10T21:45:00+00:00,2026-10-10T23:45:00+02:00
2026-10-09T16:17:15+00:00,smard:125:DE:quarterhour,Forecast generation: photovoltaics (MWh),2026-10-10T21:45:00+00:00,2026-10-10T23:45:00+02:00
2026-10-09T16:17:15+00:00,smard:5097:DE:quarterhour,Forecast generation: wind and PV (MWh),2026-10-10T21:45:00+00:00,2026-10-10T23:45:00+02:00
2026-10-09T16:17:15+00:00,smard:715:DE:quarterhour,Forecast generation: other (MWh),2026-10-10T21:45:00+00:00,2026-10-10T23:45:00+02:00
2026-10-09T17:17:18+00:00,smard:4169:DE-LU:quarterhour,Day-ahead price DE-LU (EUR/MWh),2026-10-09T21:45:00+00:00,2026-10-09T23:45:00+02:00
2026-10-09T17:17:18+00:00,smard:411:DE:quarterhour,Forecast: total load (MWh),2026-10-10T21:45:00+00:00,2026-10-10T23:45:00+02:00
2026-10-09T17:17:18+00:00,smard:4362:DE:quarterhour,Forecast: residual load (MWh),2026-10-10T21:45:00+00:00,2026-10-10T23:45:00+02:00
2026-10-09T17:17:18+00:00,smard:122:DE:quarterhour,Forecast generation: total (MWh),2026-10-10T21:45:00+00:00,2026-10-10T23:45:00+02:00
2026-10-09T17:17:18+00:00,smard:123:DE:quarterhour,Forecast generation: wind onshore (MWh),2026-10-10T21:45:00+00:00,2026-10-10T23:45:00+02:00
2026-10-09T17:17:18+00:00,smard:3791:DE:quarterhour,Forecast generation: wind offshore (MWh),2026-10-10T21:45:00+00:00,2026-10-10T23:45:00+02:00
2026-10-09T17:17:18+00:00,smard:125:DE:quarterhour,Forecast generation: photovoltaics (MWh),2026-10-10T21:45:00+00:00,2026-10-10T23:45:00+02:00
2026-10-09T17:17:18+00:00,smard:5097:DE:quarterhour,Forecast generation: wind and PV (MWh),2026-10-10T21:45:00+00:00,2026-10-10T23:45:00+02:00
2026-10-09T17:17:18+00:00,smard:715:DE:quarterhour,Forecast generation: other (MWh),2026-10-10T21:45:00+00:00,2026-10-10T23:45:00+02:00
2026-10-09T18:17:15+00:00,smard:4169:DE-LU:quarterhour,Day-ahead price DE-LU (EUR/MWh),2026-10-09T21:45:00+00:00,2026-10-09T23:45:00+02:00
2026-10-09T18:17:15+00:00,smard:411:DE:quarterhour,Forecast: total load (MWh),2026-10-10T21:45:00+00:00,2026-10-10T23:45:00+02:00
2026-10-09T18:17:15+00:00,smard:4362:DE:quarterhour,Forecast: residual load (MWh),2026-10-10T21:45:00+00:00,2026-10-10T23:45:00+02:00
2026-10-09T18:17:15+00:00,smard:122:DE:quarterhour,Forecast generation: total (MWh),2026-10-10T21:45:00+00:00,2026-10-10T23:45:00+02:00
2026-10-09T18:17:15+00:00,smard:123:DE:quarterhour,Forecast generation: wind onshore (MWh),2026-10-10T21:45:00+00:00,2026-10-10T23:45:00+02:00
2026-10-09T18:17:15+00:00,smard:3791:DE:quarterhour,Forecast generation: wind offshore (MWh),2026-10-10T21:45:00+00:00,2026-10-10T23:45:00+02:00
2026-10-09T18:17:15+00:00,smard:125:DE:quarterhour,Forecast generation: photovoltaics (MWh),2026-10-10T21:45:00+00:00,2026-10-10T23:45:00+02:00
2026-10-09T18:17:15+00:00,smard:5097:DE:quarterhour,Forecast generation: wind and PV (MWh),2026-10-10T21:45:00+00:00,2026-10-10T23:45:00+02:00
2026-10-09T18:17:15+00:00,smard:715:DE:quarterhour,Forecast generation: other (MWh),2026-10-10T21:45:00+00:00,2026-10-10T23:45:00+02:00
2026-10-09T19:17:18+00:00,smard:4169:DE-LU:quarterhour,Day-ahead price DE-LU (EUR/MWh),2026-10-09T21:45:00+00:00,2026-10-09T23:45:00+02:00
2026-10-09T19:17:18+00:00,smard:411:DE:quarterhour,Forecast: total load (MWh),2026-10-10T21:45:00+00:00,2026-10-10T23:45:00+02:00
2026-10-09T19:17:18+00:00,smard:4362:DE:quarterhour,Forecast: residual load (MWh),2026-10-10T21:45:00+00:00,2026-10-10T23:45:00+02:00
2026-10-09T19:17:18+00:00,smard:122:DE:quarterhour,Forecast generation: total (MWh),2026-10-10T21:45:00+00:00,2026-10-10T23:45:00+02:00
2026-10-09T19:17:18+00:00,smard:123:DE:quarterhour,Forecast generation: wind onshore (MWh),2026-10-10T21:45:00+00:00,2026-10-10T23:45:00+02:00
2026-10-09T19:17:18+00:00,smard:3791:DE:quarterhour,Forecast generation: wind offshore (MWh),2026-10-10T21:45:00+00:00,2026-10-10T23:45:00+02:00
2026-10-09T19:17:18+00:00,smard:125:DE:quarterhour,Forecast generation: photovoltaics (MWh),2026-10-10T21:45:00+00:00,2026-10-10T23:45:00+02:00
2026-10-09T19:17:18+00:00,smard:5097:DE:quarterhour,Forecast generation: wind and PV (MWh),2026-10-10T21:45:00+00:00,2026-10-10T23:45:00+02:00
2026-10-09T19:17:18+00:00,smard:715:DE:quarterhour,Forecast generation: other (MWh),2026-10-10T21:45:00+00:00,2026-10-10T23:45:00+02:00
2026-10-09T19:17:50+00:00,smard:4169:DE-LU:quarterhour,Day-ahead price DE-LU (EUR/MWh),2026-10-09T21:45:00+00:00,2026-10-09T23:45:00+02:00
2026-10-09T19:17:50+00:00,smard:411:DE:quarterhour,Forecast: total load (MWh),2026-10-10T21:45:00+00:00,2026-10-10T23:45:00+02:00
2026-10-09T19:17:50+00:00,smard:4362:DE:quarterhour,Forecast: residual load (MWh),2026-10-10T21:45:00+00:00,2026-10-10T23:45:00+02:00
2026-10-09T19:17:50+00:00,smard:122:DE:quarterhour,Forecast generation: total (MWh),2026-10-10T21:45:00+00:00,2026-10-10T23:45:00+02:00
2026-10-09T19:17:50+00:00,smard:123:DE:quarterhour,Forecast generation: wind onshore (MWh),2026-10-10T21:45:00+00:00,2026-10-10T23:45:00+02:00
2026-10-09T19:17:50+00:00,smard:3791:DE:quarterhour,Forecast generation: wind offshore (MWh),2026-10-10T21:45:00+00:00,2026-10-10T23:45:00+02:00
2026-10-09T19:17:50+00:00,smard:125:DE:quarterhour,Forecast generation: photovoltaics (MWh),2026-10-10T21:45:00+00:00,2026-10-10T23:45:00+02:00
2026-10-09T19:17:50+00:00,smard:5097:DE:quarterhour,Forecast generation: wind and PV (MWh),2026-10-10T21:45:00+00:00,2026-10-10T23:45:00+02:00
2026-10-09T19:17:50+00:00,smard:715:DE:quarterhour,Forecast generation: other (MWh),2026-10-10T21:45:00+00:00,2026-10-10T23:45:00+02:00
2026-10-09T20:17:15+00:00,smard:4169:DE-LU:quarterhour,Day-ahead price DE-LU (EUR/MWh),2026-10-09T21:45:00+00:00,2026-10-09T23:45:00+02:00
2026-10-09T20:17:15+00:00,smard:411:DE:quarterhour,Forecast: total load (MWh),2026-10-10T21:45:00+00:00,2026-10-10T23:45:00+02:00
2026-10-09T20:17:15+00:00,smard:4362:DE:quarterhour,Forecast: residual load (MWh),2026-10-10T21:45:00+00:00,2026-10-10T23:45:00+02:00
2026-10-09T20:17:15+00:00,smard:122:DE:quarterhour,Forecast generation: total (MWh),2026-10-10T21:45:00+00:00,2026-10-10T23:45:00+02:00
2026-10-09T20:17:15+00:00,smard:123:DE:quarterhour,Forecast generation: wind onshore (MWh),2026-10-10T21:45:00+00:00,2026-10-10T23:45:00+02:00
2026-10-09T20:17:15+00:00,smard:3791:DE:quarterhour,Forecast generation: wind offshore (MWh),2026-10-10T21:45:00+00:00,2026-10-10T23:45:00+02:00
2026-10-09T20:17:15+00:00,smard:125:DE:quarterhour,Forecast generation: photovoltaics (MWh),2026-10-10T21:45:00+00:00,2026-10-10T23:45:00+02:00
2026-10-09T20:17:15+00:00,smard:5097:DE:quarterhour,Forecast generation: wind and PV (MWh),2026-10-10T21:45:00+00:00,2026-10-10T23:45:00+02:00
2026-10-09T20:17:15+00:00,smard:715:DE:quarterhour,Forecast generation: other (MWh),2026-10-10T21:45:00+00:00,2026-10-10T23:45:00+02:00
2026-10-09T21:17:18+00:00,smard:4169:DE-LU:quarterhour,Day-ahead price DE-LU (EUR/MWh),2026-10-09T21:45:00+00:00,2026-10-09T23:45:00+02:00
2026-10-09T21:17:18+00:00,smard:411:DE:quarterhour,Forecast: total load (MWh),2026-10-10T21:45:00+00:00,2026-10-10T23:45:00+02:00
2026-10-09T21:17:18+00:00,smard:4362:DE:quarterhour,Forecast: residual load (MWh),2026-10-10T21:45:00+00:00,2026-10-10T23:45:00+02:00
2026-10-09T21:17:18+00:00,smard:122:DE:quarterhour,Forecast generation: total (MWh),2026-10-10T21:45:00+00:00,2026-10-10T23:45:00+02:00
2026-10-09T21:17:18+00:00,smard:123:DE:quarterhour,Forecast generation: wind onshore (MWh),2026-10-10T21:45:00+00:00,2026-10-10T23:45:00+02:00
2026-10-09T21:17:18+00:00,smard:3791:DE:quarterhour,Forecast generation: wind offshore (MWh),2026-10-10T21:45:00+00:00,2026-10-10T23:45:00+02:00
2026-10-09T21:17:18+00:00,smard:125:DE:quarterhour,Forecast generation: photovoltaics (MWh),2026-10-10T21:45:00+00:00,2026-10-10T23:45:00+02:00
2026-10-09T21:17:18+00:00,smard:5097:DE:quarterhour,Forecast generation: wind and PV (MWh),2026-10-10T21:45:00+00:00,2026-10-10T23:45:00+02:00
2026-10-09T21:17:18+00:00,smard:715:DE:quarterhour,Forecast generation: other (MWh),2026-10-10T21:45:00+00:00,2026-10-10T23:45:00+02:00
2026-10-09T22:17:17+00:00,smard:4169:DE-LU:quarterhour,Day-ahead price DE-LU (EUR/MWh),2026-10-09T21:45:00+00:00,2026-10-09T23:45:00+02:00
2026-10-09T22:17:17+00:00,smard:411:DE:quarterhour,Forecast: total load (MWh),2026-10-10T21:45:00+00:00,2026-10-10T23:45:00+02:00
2026-10-09T22:17:17+00:00,smard:4362:DE:quarterhour,Forecast: residual load (MWh),2026-10-10T21:45:00+00:00,2026-10-10T23:45:00+02:00
2026-10-09T22:17:17+00:00,smard:122:DE:quarterhour,Forecast generation: total (MWh),2026-10-10T21:45:00+00:00,2026-10-10T23:45:00+02:00
2026-10-09T22:17:17+00:00,smard:123:DE:quarterhour,Forecast generation: wind onshore (MWh),2026-10-10T21:45:00+00:00,2026-10-10T23:45:00+02:00
2026-10-09T22:17:17+00:00,smard:3791:DE:quarterhour,Forecast generation: wind offshore (MWh),2026-10-10T21:45:00+00:00,2026-10-10T23:45:00+02:00
2026-10-09T22:17:17+00:00,smard:125:DE:quarterhour,Forecast generation: photovoltaics (MWh),2026-10-10T21:45:00+00:00,2026-10-10T23:45:00+02:00
2026-10-09T22:17:17+00:00,smard:5097:DE:quarterhour,Forecast generation: wind and PV (MWh),2026-10-10T21:45:00+00:00,2026-10-10T23:45:00+02:00
2026-10-09T22:17:17+00:00,smard:715:DE:quarterhour,Forecast generation: other (MWh),2026-10-10T21:45:00+00:00,2026-10-10T23:45:00+02:00
2026-10-09T22:39:58+00:00,smard:4169:DE-LU:quarterhour,Day-ahead price DE-LU (EUR/MWh),2026-10-09T21:45:00+00:00,2026-10-09T23:45:00+02:00
2026-10-09T22:39:58+00:00,smard:411:DE:quarterhour,Forecast: total load (MWh),2026-10-10T21:45:00+00:00,2026-10-10T23:45:00+02:00
2026-10-09T22:39:58+00:00,smard:4362:DE:quarterhour,Forecast: residual load (MWh),2026-10-10T21:45:00+00:00,2026-10-10T23:45:00+02:00
2026-10-09T22:39:58+00:00,smard:122:DE:quarterhour,Forecast generation: total (MWh),2026-10-10T21:45:00+00:00,2026-10-10T23:45:00+02:00
2026-10-09T22:39:58+00:00,smard:123:DE:quarterhour,Forecast generation: wind onshore (MWh),2026-10-10T21:45:00+00:00,2026-10-10T23:45:00+02:00
2026-10-09T22:39:58+00:00,smard:3791:DE:quarterhour,Forecast generation: wind offshore (MWh),2026-10-10T21:45:00+00:00,2026-10-10T23:45:00+02:00
2026-10-09T22:39:58+00:00,smard:125:DE:quarterhour,Forecast generation: photovoltaics (MWh),2026-10-10T21:45:00+00:00,2026-10-10T23:45:00+02:00
2026-10-09T22:39:58+00:00,smard:5097:DE:quarterhour,Forecast generation: wind and PV (MWh),2026-10-10T21:45:00+00:00,2026-10-10T23:45:00+02:00
2026-10-09T22:39:58+00:00,smard:715:DE:quarterhour,Forecast generation: other (MWh),2026-10-10T21:45:00+00:00,2026-10-10T23:45:00+02:00
2026-10-09T23:17:15+00:00,smard:4169:DE-LU:quarterhour,Day-ahead price DE-LU (EUR/MWh),2026-10-09T21:45:00+00:00,2026-10-09T23:45:00+02:00
2026-10-09T23:17:15+00:00,smard:411:DE:quarterhour,Forecast: total load (MWh),2026-10-10T21:45:00+00:00,2026-10-10T23:45:00+02:00
2026-10-09T23:17:15+00:00,smard:4362:DE:quarterhour,Forecast: residual load (MWh),2026-10-10T21:45:00+00:00,2026-10-10T23:45:00+02:00
2026-10-09T23:17:15+00:00,smard:122:DE:quarterhour,Forecast generation: total (MWh),2026-10-10T21:45:00+00:00,2026-10-10T23:45:00+02:00
2026-10-09T23:17:15+00:00,smard:123:DE:quarterhour,Forecast generation: wind onshore (MWh),2026-10-10T21:45:00+00:00,2026-10-10T23:45:00+02:00
2026-10-09T23:17:15+00:00,smard:3791:DE:quarterhour,Forecast generation: wind offshore (MWh),2026-10-10T21:45:00+00:00,2026-10-10T23:45:00+02:00
2026-10-09T23:17:15+00:00,smard:125:DE:quarterhour,Forecast generation: photovoltaics (MWh),2026-10-10T21:45:00+00:00,2026-10-10T23:45:00+02:00
2026-10-09T23:17:15+00:00,smard:5097:DE:quarterhour,Forecast generation: wind and PV (MWh),2026-10-10T21:45:00+00:00,2026-10-10T23:45:00+02:00
2026-10-09T23:17:15+00:00,smard:715:DE:quarterhour,Forecast generation: other (MWh),2026-10-10T21:45:00+00:00,2026-10-10T23:45:00+02:00
2026-10-10T00:17:15+00:00,smard:4169:DE-LU:quarterhour,Day-ahead price DE-LU (EUR/MWh),2026-10-09T21:45:00+00:00,2026-10-09T23:45:00+02:00
2026-10-10T00:17:15+00:00,smard:411:DE:quarterhour,Forecast: total load (MWh),2026-10-10T21:45:00+00:00,2026-10-10T23:45:00+02:00
2026-10-10T00:17:15+00:00,smard:4362:DE:quarterhour,Forecast: residual load (MWh),2026-10-10T21:45:00+00:00,2026-10-10T23:45:00+02:00
2026-10-10T00:17:15+00:00,smard:122:DE:quarterhour,Forecast generation: total (MWh),2026-10-10T21:45:00+00:00,2026-10-10T23:45:00+02:00
2026-10-10T00:17:15+00:00,smard:123:DE:quarterhour,Forecast generation: wind onshore (MWh),2026-10-10T21:45:00+00:00,2026-10-10T23:45:00+02:00
2026-10-10T00:17:15+00:00,smard:3791:DE:quarterhour,Forecast generation: wind offshore (MWh),2026-10-10T21:45:00+00:00,2026-10-10T23:45:00+02:00
2026-10-10T00:17:15+00:00,smard:125:DE:quarterhour,Forecast generation: photovoltaics (MWh),2026-10-10T21:45:00+00:00,2026-10-10T23:45:00+02:00
2026-10-10T00:17:15+00:00,smard:5097:DE:quarterhour,Forecast generation: wind and PV (MWh),2026-10-10T21:45:00+00:00,2026-10-10T23:45:00+02:00
2026-10-10T00:17:15+00:00,smard:715:DE:quarterhour,Forecast generation: other (MWh),2026-10-10T21:45:00+00:00,2026-10-10T23:45:00+02:00
2026-10-10T00:17:43+00:00,smard:4169:DE-LU:quarterhour,Day-ahead price DE-LU (EUR/MWh),2026-10-09T21:45:00+00:00,2026-10-09T23:45:00+02:00
2026-10-10T00:17:43+00:00,smard:411:DE:quarterhour,Forecast: total load (MWh),2026-10-10T21:45:00+00:00,2026-10-10T23:45:00+02:00
2026-10-10T00:17:43+00:00,smard:4362:DE:quarterhour,Forecast: residual load (MWh),2026-10-10T21:45:00+00:00,2026-10-10T23:45:00+02:00
2026-10-10T00:17:43+00:00,smard:122:DE:quarterhour,Forecast generation: total (MWh),2026-10-10T21:45:00+00:00,2026-10-10T23:45:00+02:00
2026-10-10T00:17:43+00:00,smard:123:DE:quarterhour,Forecast generation: wind onshore (MWh),2026-10-10T21:45:00+00:00,2026-10-10T23:45:00+02:00
2026-10-10T00:17:43+00:00,smard:3791:DE:quarterhour,Forecast generation: wind offshore (MWh),2026-10-10T21:45:00+00:00,2026-10-10T23:45:00+02:00
2026-10-10T00:17:43+00:00,smard:125:DE:quarterhour,Forecast generation: photovoltaics (MWh),2026-10-10T21:45:00+00:00,2026-10-10T23:45:00+02:00
2026-10-10T00:17:43+00:00,smard:5097:DE:quarterhour,Forecast generation: wind and PV (MWh),2026-10-10T21:45:00+00:00,2026-10-10T23:45:00+02:00
2026-10-10T00:17:43+00:00,smard:715:DE:quarterhour,Forecast generation: other (MWh),2026-10-10T21:45:00+00:00,2026-10-10T23:45:00+02:00
2026-10-10T01:17:15+00:00,smard:4169:DE-LU:quarterhour,Day-ahead price DE-LU (EUR/MWh),2026-10-09T21:45:00+00:00,2026-10-09T23:45:00+02:00
2026-10-10T01:17:15+00:00,smard:411:DE:quarterhour,Forecast: total load (MWh),2026-10-10T21:45:00+00:00,2026-10-10T23:45:00+02:00
2026-10-10T01:17:15+00:00,smard:4362:DE:quarterhour,Forecast: residual load (MWh),2026-10-10T21:45:00+00:00,2026-10-10T23:45:00+02:00
2026-10-10T01:17:15+00:00,smard:122:DE:quarterhour,Forecast generation: total (MWh),2026-10-10T21:45:00+00:00,2026-10-10T23:45:00+02:00
2026-10-10T01:17:15+00:00,smard:123:DE:quarterhour,Forecast generation: wind onshore (MWh),2026-10-10T21:45:00+00:00,2026-10-10T23:45:00+02:00
2026-10-10T01:17:15+00:00,smard:3791:DE:quarterhour,Forecast generation: wind offshore (MWh),2026-10-10T21:45:00+00:00,2026-10-10T23:45:00+02:00
2026-10-10T01:17:15+00:00,smard:125:DE:quarterhour,Forecast generation: photovoltaics (MWh),2026-10-10T21:45:00+00:00,2026-10-10T23:45:00+02:00
2026-10-10T01:17:15+00:00,smard:5097:DE:quarterhour,Forecast generation: wind and PV (MWh),2026-10-10T21:45:00+00:00,2026-10-10T23:45:00+02:00
2026-10-10T01:17:15+00:00,smard:715:DE:quarterhour,Forecast generation: other (MWh),2026-10-10T21:45:00+00:00,2026-10-10T23:45:00+02:00
2026-10-10T02:17:17+00:00,smard:4169:DE-LU:quarterhour,Day-ahead price DE-LU (EUR/MWh),2026-10-09T21:45:00+00:00,2026-10-09T23:45:00+02:00
2026-10-10T02:17:17+00:00,smard:411:DE:quarterhour,Forecast: total load (MWh),2026-10-10T21:45:00+00:00,2026-10-10T23:45:00+02:00
2026-10-10T02:17:17+00:00,smard:4362:DE:quarterhour,Forecast: residual load (MWh),2026-10-10T21:45:00+00:00,2026-10-10T23:45:00+02:00
2026-10-10T02:17:17+00:00,smard:122:DE:quarterhour,Forecast generation: total (MWh),2026-10-10T21:45:00+00:00,2026-10-10T23:45:00+02:00
2026-10-10T02:17:17+00:00,smard:123:DE:quarterhour,Forecast generation: wind onshore (MWh),2026-10-10T21:45:00+00:00,2026-10-10T23:45:00+02:00
2026-10-10T02:17:17+00:00,smard:3791:DE:quarterhour,Forecast generation: wind offshore (MWh),2026-10-10T21:45:00+00:00,2026-10-10T23:45:00+02:00
2026-10-10T02:17:17+00:00,smard:125:DE:quarterhour,Forecast generation: photovoltaics (MWh),2026-10-10T21:45:00+00:00,2026-10-10T23:45:00+02:00
2026-10-10T02:17:17+00:00,smard:5097:DE:quarterhour,Forecast generation: wind and PV (MWh),2026-10-10T21:45:00+00:00,2026-10-10T23:45:00+02:00
2026-10-10T02:17:17+00:00,smard:715:DE:quarterhour,Forecast generation: other (MWh),2026-10-10T21:45:00+00:00,2026-10-10T23:45:00+02:00
2026-10-10T03:17:14+00:00,smard:4169:DE-LU:quarterhour,Day-ahead price DE-LU (EUR/MWh),2026-10-09T21:45:00+00:00,2026-10-09T23:45:00+02:00
2026-10-10T03:17:14+00:00,smard:411:DE:quarterhour,Forecast: total load (MWh),2026-10-10T21:45:00+00:00,2026-10-10T23:45:00+02:00
2026-10-10T03:17:14+00:00,smard:4362:DE:quarterhour,Forecast: residual load (MWh),2026-10-10T21:45:00+00:00,2026-10-10T23:45:00+02:00
2026-10-10T03:17:14+00:00,smard:122:DE:quarterhour,Forecast generation: total (MWh),2026-10-10T21:45:00+00:00,2026-10-10T23:45:00+02:00
2026-10-10T03:17:14+00:00,smard:123:DE:quarterhour,Forecast generation: wind onshore (MWh),2026-10-10T21:45:00+00:00,2026-10-10T23:45:00+02:00
2026-10-10T03:17:14+00:00,smard:3791:DE:quarterhour,Forecast generation: wind offshore (MWh),2026-10-10T21:45:00+00:00,2026-10-10T23:45:00+02:00
2026-10-10T03:17:14+00:00,smard:125:DE:quarterhour,Forecast generation: photovoltaics (MWh),2026-10-10T21:45:00+00:00,2026-10-10T23:45:00+02:00
2026-10-10T03:17:14+00:00,smard:5097:DE:quarterhour,Forecast generation: wind and PV (MWh),2026-10-10T21:45:00+00:00,2026-10-10T23:45:00+02:00
2026-10-10T03:17:14+00:00,smard:715:DE:quarterhour,Forecast generation: other (MWh),2026-10-10T21:45:00+00:00,2026-10-10T23:45:00+02:00
2026-10-10T04:17:13+00:00,smard:4169:DE-LU:quarterhour,Day-ahead price DE-LU (EUR/MWh),2026-10-09T21:45:00+00:00,2026-10-09T23:45:00+02:00
2026-10-10T04:17:13+00:00,smard:411:DE:quarterhour,Forecast: total load (MWh),2026-10-10T21:45:00+00:00,2026-10-10T23:45:00+02:00
2026-10-10T04:17:13+00:00,smard:4362:DE:quarterhour,Forecast: residual load (MWh),2026-10-10T21:45:00+00:00,2026-10-10T23:45:00+02:00
2026-10-10T04:17:13+00:00,smard:122:DE:quarterhour,Forecast generation: total (MWh),2026-10-10T21:45:00+00:00,2026-10-10T23:45:00+02:00
2026-10-10T04:17:13+00:00,smard:123:DE:quarterhour,Forecast generation: wind onshore (MWh),2026-10-10T21:45:00+00:00,2026-10-10T23:45:00+02:00
2026-10-10T04:17:13+00:00,smard:3791:DE:quarterhour,Forecast generation: wind offshore (MWh),2026-10-10T21:45:00+00:00,2026-10-10T23:45:00+02:00
2026-10-10T04:17:13+00:00,smard:125:DE:quarterhour,Forecast generation: photovoltaics (MWh),2026-10-10T21:45:00+00:00,2026-10-10T23:45:00+02:00
2026-10-10T04:17:13+00:00,smard:5097:DE:quarterhour,Forecast generation: wind and PV (MWh),2026-10-10T21:45:00+00:00,2026-10-10T23:45:00+02:00
2026-10-10T04:17:13+00:00,smard:715:DE:quarterhour,Forecast generation: other (MWh),2026-10-10T21:45:00+00:00,2026-10-10T23:45:00+02:00
2026-10-10T05:17:17+00:00,smard:4169:DE-LU:quarterhour,Day-ahead price DE-LU (EUR/MWh),2026-10-09T21:45:00+00:00,2026-10-09T23:45:00+02:00
2026-10-10T05:17:17+00:00,smard:411:DE:quarterhour,Forecast: total load (MWh),2026-10-10T21:45:00+00:00,2026-10-10T23:45:00+02:00
2026-10-10T05:17:17+00:00,smard:4362:DE:quarterhour,Forecast: residual load (MWh),2026-10-10T21:45:00+00:00,2026-10-10T23:45:00+02:00
2026-10-10T05:17:17+00:00,smard:122:DE:quarterhour,Forecast generation: total (MWh),2026-10-10T21:45:00+00:00,2026-10-10T23:45:00+02:00
2026-10-10T05:17:17+00:00,smard:123:DE:quarterhour,Forecast generation: wind onshore (MWh),2026-10-10T21:45:00+00:00,2026-10-10T23:45:00+02:00
2026-10-10T05:17:17+00:00,smard:3791:DE:quarterhour,Forecast generation: wind offshore (MWh),2026-10-10T21:45:00+00:00,2026-10-10T23:45:00+02:00
2026-10-10T05:17:17+00:00,smard:125:DE:quarterhour,Forecast generation: photovoltaics (MWh),2026-10-10T21:45:00+00:00,2026-10-10T23:45:00+02:00
2026-10-10T05:17:17+00:00,smard:5097:DE:quarterhour,Forecast generation: wind and PV (MWh),2026-10-10T21:45:00+00:00,2026-10-10T23:45:00+02:00
2026-10-10T05:17:17+00:00,smard:715:DE:quarterhour,Forecast generation: other (MWh),2026-10-10T21:45:00+00:00,2026-10-10T23:45:00+02:00
2026-10-10T05:17:59+00:00,smard:4169:DE-LU:quarterhour,Day-ahead price DE-LU (EUR/MWh),2026-10-09T21:45:00+00:00,2026-10-09T23:45:00+02:00
2026-10-10T05:17:59+00:00,smard:411:DE:quarterhour,Forecast: total load (MWh),2026-10-10T21:45:00+00:00,2026-10-10T23:45:00+02:00
2026-10-10T05:17:59+00:00,smard:4362:DE:quarterhour,Forecast: residual load (MWh),2026-10-10T21:45:00+00:00,2026-10-10T23:45:00+02:00
2026-10-10T05:17:59+00:00,smard:122:DE:quarterhour,Forecast generation: total (MWh),2026-10-10T21:45:00+00:00,2026-10-10T23:45:00+02:00
2026-10-10T05:17:59+00:00,smard:123:DE:quarterhour,Forecast generation: wind onshore (MWh),2026-10-10T21:45:00+00:00,2026-10-10T23:45:00+02:00
2026-10-10T05:17:59+00:00,smard:3791:DE:quarterhour,Forecast generation: wind offshore (MWh),2026-10-10T21:45:00+00:00,2026-10-10T23:45:00+02:00
2026-10-10T05:17:59+00:00,smard:125:DE:quarterhour,Forecast generation: photovoltaics (MWh),2026-10-10T21:45:00+00:00,2026-10-10T23:45:00+02:00
2026-10-10T05:17:59+00:00,smard:5097:DE:quarterhour,Forecast generation: wind and PV (MWh),2026-10-10T21:45:00+00:00,2026-10-10T23:45:00+02:00
2026-10-10T05:17:59+00:00,smard:715:DE:quarterhour,Forecast generation: other (MWh),2026-10-10T21:45:00+00:00,2026-10-10T23:45:00+02:00
2026-10-10T05:54:50+00:00,smard:4169:DE-LU:quarterhour,Day-ahead price DE-LU (EUR/MWh),2026-10-09T21:45:00+00:00,2026-10-09T23:45:00+02:00
2026-10-10T05:54:50+00:00,smard:411:DE:quarterhour,Forecast: total load (MWh),2026-10-10T21:45:00+00:00,2026-10-10T23:45:00+02:00
2026-10-10T05:54:50+00:00,smard:4362:DE:quarterhour,Forecast: residual load (MWh),2026-10-10T21:45:00+00:00,2026-10-10T23:45:00+02:00
2026-10-10T05:54:50+00:00,smard:122:DE:quarterhour,Forecast generation: total (MWh),2026-10-10T21:45:00+00:00,2026-10-10T23:45:00+02:00
2026-10-10T05:54:50+00:00,smard:123:DE:quarterhour,Forecast generation: wind onshore (MWh),2026-10-10T21:45:00+00:00,2026-10-10T23:45:00+02:00
2026-10-10T05:54:50+00:00,smard:3791:DE:quarterhour,Forecast generation: wind offshore (MWh),2026-10-10T21:45:00+00:00,2026-10-10T23:45:00+02:00
2026-10-10T05:54:50+00:00,smard:125:DE:quarterhour,Forecast generation: photovoltaics (MWh),2026-10-10T21:45:00+00:00,2026-10-10T23:45:00+02:00
2026-10-10T05:54:50+00:00,smard:5097:DE:quarterhour,Forecast generation: wind and PV (MWh),2026-10-10T21:45:00+00:00,2026-10-10T23:45:00+02:00
2026-10-10T05:54:50+00:00,smard:715:DE:quarterhour,Forecast generation: other (MWh),2026-10-10T21:45:00+00:00,2026-10-10T23:45:00+02:00
2026-10-10T06:17:17+00:00,smard:4169:DE-LU:quarterhour,Day-ahead price DE-LU (EUR/MWh),2026-10-09T21:45:00+00:00,2026-10-09T23:45:00+02:00
2026-10-10T06:17:17+00:00,smard:411:DE:quarterhour,Forecast: total load (MWh),2026-10-10T21:45:00+00:00,2026-10-10T23:45:00+02:00
2026-10-10T06:17:17+00:00,smard:4362:DE:quarterhour,Forecast: residual load (MWh),2026-10-10T21:45:00+00:00,2026-10-10T23:45:00+02:00
2026-10-10T06:17:17+00:00,smard:122:DE:quarterhour,Forecast generation: total (MWh),2026-10-10T21:45:00+00:00,2026-10-10T23:45:00+02:00
2026-10-10T06:17:17+00:00,smard:123:DE:quarterhour,Forecast generation: wind onshore (MWh),2026-10-10T21:45:00+00:00,2026-10-10T23:45:00+02:00
2026-10-10T06:17:17+00:00,smard:3791:DE:quarterhour,Forecast generation: wind offshore (MWh),2026-10-10T21:45:00+00:00,2026-10-10T23:45:00+02:00
2026-10-10T06:17:17+00:00,smard:125:DE:quarterhour,Forecast generation: photovoltaics (MWh),2026-10-10T21:45:00+00:00,2026-10-10T23:45:00+02:00
2026-10-10T06:17:17+00:00,smard:5097:DE:quarterhour,Forecast generation: wind and PV (MWh),2026-10-10T21:45:00+00:00,2026-10-10T23:45:00+02:00
2026-10-10T06:17:17+00:00,smard:715:DE:quarterhour,Forecast generation: other (MWh),2026-10-10T21:45:00+00:00,2026-10-10T23:45:00+02:00
